NAME20,GEOID20,Basin_Subb,lat,lng,DAC,MHI,POP,incorporated,per_latino,exists,GSP_ID
huron,636084,5-022.09,36.2040364372001,-120.09620193842,1,31429,7084,1,94.5,1,8
mendota,646828,5-022.09,36.755533412256,-120.37761370134,1,36376,12173,1,96,1,8
avenal,603302,5-022.09,36.0311215838224,-120.11617307902,1,49781,13033,1,87,1,8
cantua_creek,610816,5-022.09,36.5000504195395,-120.316374080326,1,36694,376,0,99.5,1,8
kettleman_city,638394,5-022.09,36.0089901549547,-119.962864411786,1,54444,1245,0,100,1,8
lemoore_station,641166,5-022.09,36.263281367472,-119.904849018416,1,57593,6756,0,18.6,1,8
three_rocks,678652,5-022.09,36.505153700296,-120.393547092224,1,NA,97,0,100,0,8
westside,684863,5-022.09,36.4042066284643,-120.134338545814,1,NA,213,0,100,1,8
livingston,642006,5-022.04,37.3874936868125,-120.724882829753,1,58884,14392,1,74.5,1,9
atwater,603162,5-022.04,37.352904344014,-120.595903415661,1,57052,30336,1,55.5,1,9
merced,646898,5-022.04,37.3057264147451,-120.47791144056,1,49973,84081,1,57.6,1,9
bear_creek,604632,5-022.04,37.2966059011864,-120.417688613112,1,NA,95,0,57.9,1,9
cressey,617078,5-022.04,37.4210348432911,-120.655701937107,0,65536,243,0,47.3,0,9
el_nido,622286,5-022.04,37.1323811565158,-120.49856369535,1,45781,283,0,92.2,1,9
franklin,625488,5-022.04,37.3275340909464,-120.532103061264,1,51185,7709,0,36.6,1,9
le_grand,641040,5-022.04,37.2288197179623,-120.254015272722,1,49241,1597,0,80.8,0,9
mcswain,645006,5-022.04,37.3145108690831,-120.586771679168,0,105000,4429,0,23.1,0,9
planada,657582,5-022.04,37.2902073775197,-120.321644867941,1,46801,3984,0,97.6,1,9
snelling,672408,5-022.04,37.5216498165461,-120.43846349582,1,41458,115,0,34.8,0,9
stevinson,674144,5-022.04,37.3246695602986,-120.849677127427,1,NA,196,0,19.9,1,9
tuttle,680882,5-022.04,37.2965126160967,-120.378879964943,1,NA,97,0,62.9,1,9
university_of_california-merced,681312,5-022.04,37.3665964177136,-120.419042628026,1,NA,0,0,NA,0,9
winton,686076,5-022.04,37.3854322763882,-120.617377608442,1,46977,11619,0,75.9,1,9
santa_cruz,669112,3-001,36.9733856736351,-122.035545021017,0,86618,65011,1,20.7,1,11
capitola,611040,3-001,36.9769047776416,-121.953854414312,0,81617,10090,1,22.9,1,11
scotts_valley,670588,3-001,37.0555048199943,-122.011778573186,0,103783,12055,1,11.4,1,11
aptos,602378,3-001,36.9911553088924,-121.893469926284,0,112041,6245,0,11,1,11
aptos_hills-larkin_valley,602382,3-001,36.9605944517817,-121.834059384943,0,113393,1397,0,24.4,0,11
corralitos,616434,3-001,36.9940629518149,-121.789181133749,0,173293,2260,0,20.8,1,11
day_valley,618153,3-001,37.0254485592097,-121.85594886322,0,145139,3414,0,5.9,1,11
la_selva_beach,640508,3-001,36.9273817026164,-121.844419071288,0,101406,2544,0,19,1,11
live_oak,641922,3-001,36.9860308920394,-121.980425648032,0,91932,16508,0,29.5,1,11
pleasure_point,657825,3-001,36.958735101194,-121.970016925768,0,92569,6173,0,19.6,0,11
rio_del_mar,660928,3-001,36.9573387844241,-121.883494622385,0,116220,9713,0,12,1,11
seacliff,670644,3-001,36.9770286768001,-121.917851222517,0,96250,3580,0,11,1,11
soquel,672688,3-001,36.9977675163782,-121.948261073966,0,96434,10721,0,20.6,1,11
twin_lakes,681050,3-001,36.961344582182,-121.991633341449,0,68831,5546,0,22,0,11
chowchilla,613294,5-022.05,37.1095006264139,-120.234963550587,1,56683,18443,1,49.6,1,12
fairmead,623210,5-022.05,37.0774717990242,-120.193674183543,1,45801,1133,0,66.9,0,12
newman,651140,5-022.07,37.3156543667304,-121.021140527263,0,65156,11498,1,67.1,1,13
patterson,656112,5-022.07,37.475807581247,-121.153656874088,0,69947,22309,1,66.7,1,13
modesto,648354,5-022.07,37.6375227257709,-121.002785994233,1,62182,214485,1,40.7,1,13
crows_landing,617428,5-022.07,37.3944479256567,-121.075179561941,1,30458,346,0,82.1,1,13
grayson,630882,5-022.07,37.5645820715462,-121.180063364213,1,62404,1582,0,96.6,1,13
santa_nella,670028,5-022.07,37.1012242427302,-121.015709826872,0,73590,1981,0,73.1,1,13
tranquillity,680266,5-022.07,36.6480121012969,-120.252554430105,1,NA,807,0,93.7,1,13
volta,683108,5-022.07,37.0875071539076,-120.923472812694,1,41174,133,0,59.4,1,13
westley,684480,5-022.07,37.5469127362694,-121.200928275048,1,NA,689,0,100,1,13
firebaugh,624134,5-022.07,36.8534107302968,-120.45359972859,1,36411,7772,1,94.1,1,15
mendota,646828,5-022.07,36.755533412256,-120.37761370134,1,36376,12173,1,96,1,15
newman,651140,5-022.07,37.3156543667304,-121.021140527263,0,65156,11498,1,67.1,1,15
dos_palos,619612,5-022.07,36.9854283849179,-120.633857355357,1,59155,5266,1,70.5,1,15
gustine,631568,5-022.07,37.2545183767433,-120.994882253259,1,49984,5748,1,61.3,1,15
los_banos,644028,5-022.07,37.063005896667804,-120.840672237304,0,64567,39443,1,71.4,1,15
crows_landing,617428,5-022.07,37.3944479256567,-121.075179561941,1,30458,346,0,82.1,0,15
dos_palos_y,619654,5-022.07,37.0468452240502,-120.639486501201,1,16474,206,0,73.8,0,15
santa_nella,670028,5-022.07,37.1012242427302,-121.015709826872,0,73590,1981,0,73.1,1,15
south_dos_palos,672954,5-022.07,36.9707064337819,-120.646743582363,1,31469,1167,0,80.5,1,15
volta,683108,5-022.07,37.0875071539076,-120.923472812694,1,41174,133,0,59.4,0,15
san_buenaventura_(ventura),665042,4-004.02,34.2675306949799,-119.254295812697,0,79986,108467,1,36.9,0,16
camarillo,610046,4-004.02,34.2229965651904,-119.032168060026,0,98039,68583,1,29.1,1,16
oxnard,654652,4-004.02,34.2005417596339,-119.214264389803,0,77050,207722,1,75.1,1,16
port_hueneme,658296,4-004.02,34.1612112751612,-119.203705417244,0,64604,21979,1,61.1,1,16
channel_islands_beach,612669,4-004.02,34.1623014703275,-119.224338662132,0,89261,2699,0,29.8,1,16
el_rio,622370,4-004.02,34.2452845765919,-119.156877478185,1,57096,6506,0,83.8,1,16
saticoy,670322,4-004.02,34.2818329310049,-119.14526876738,0,70963,1739,0,94.5,1,16
camarillo,610046,4-006,34.2229965651904,-119.032168060026,0,98039,68583,1,29.1,1,17
somis,672632,4-006,34.2652675514162,-118.998417674213,0,101875,1189,0,26.3,1,17
moorpark,649138,4-008,34.2861422580999,-118.876827514648,0,119597,36443,1,29.6,1,18
camarillo,610046,4-008,34.2229965651904,-119.032168060026,0,98039,68583,1,29.1,1,18
santa_rosa_valley,670130,4-008,34.2459072467724,-118.901795196206,0,150417,2721,0,1.8,1,18
somis,672632,4-008,34.2652675514162,-118.998417674213,0,101875,1189,0,26.3,1,18
san_buenaventura_(ventura),665042,4-004.03,34.2675306949799,-119.254295812697,0,79986,108467,1,36.9,0,19
oxnard,654652,4-004.03,34.2005417596339,-119.214264389803,0,77050,207722,1,75.1,1,19
saticoy,670322,4-004.03,34.2818329310049,-119.14526876738,0,70963,1739,0,94.5,1,19
mendota,646828,5-022.07,36.755533412256,-120.37761370134,1,36376,12173,1,96,1,20
fresno,627000,5-022.06,36.7830265926428,-119.793854519767,1,53368,526147,1,49.7,1,21
madera,645022,5-022.06,36.962992819861,-120.077841212227,1,49335,65575,1,78.3,1,21
chowchilla,613294,5-022.06,37.1095006264139,-120.234963550587,1,56683,18443,1,49.6,1,21
bonadelle_ranchos,607378,5-022.06,36.9688192283544,-119.892782482758,0,90795,5191,0,42,1,21
fairmead,623210,5-022.06,37.0774717990242,-120.193674183543,1,45801,1133,0,66.9,1,21
friant,627014,5-022.06,36.9847393902371,-119.712953803612,1,52955,541,0,32.9,1,21
la_vina,640872,5-022.06,36.8798700474527,-120.114815195915,1,NA,203,0,100,1,21
madera_acres,645050,5-022.06,37.0122930825595,-120.079916346218,0,88074,9990,0,73.7,0,21
madera_ranchos,645054,5-022.06,36.9279149777526,-119.877295720012,0,97833,3591,0,26.4,1,21
parksdale,655751,5-022.06,36.9464928242154,-120.021190394949,1,53690,2725,0,85.2,0,21
parkwood,655842,5-022.06,36.9292757916219,-120.04820307689,1,49158,2394,0,74.8,0,21
rolling_hills,662625,5-022.06,36.9039673635854,-119.796636657781,0,79138,706,0,18.8,0,21
fowler,625436,5-022.08,36.6243826843464,-119.673757491902,1,59663,6366,1,65.2,1,22
kingsburg,638562,5-022.08,36.5244572945441,-119.560217630901,0,73281,12116,1,47.7,1,22
parlier,655856,5-022.08,36.6086976247297,-119.543378795976,1,37434,15645,1,97.7,1,22
reedley,660242,5-022.08,36.5987728310579,-119.447054470593,1,45850,25710,1,79.3,1,22
sanger,667056,5-022.08,36.6989739126683,-119.557498530351,1,52349,26744,1,80.5,1,22
selma,670882,5-022.08,36.5715545546459,-119.614282054764,1,42059,24405,1,85,1,22
bowles,607750,5-022.08,36.6088789468117,-119.752576585833,1,NA,287,0,57.5,1,22
caruthers,611614,5-022.08,36.5399118645699,-119.845039755621,1,55357,2245,0,69.4,1,22
centerville,612412,5-022.08,36.7361217410889,-119.4960156751,0,85469,314,0,31.2,0,22
del_rey,618674,5-022.08,36.6564691428962,-119.598147398277,1,29766,1246,0,95.9,1,22
monmouth,648592,5-022.08,36.5656256776258,-119.740488036312,1,29583,113,0,88.5,1,22
dinuba,619318,5-022.08,36.5453297429361,-119.398711474628,1,46163,24455,1,86.9,1,23
orange_cove,654008,5-022.08,36.621150370559,-119.318761402718,1,25587,10120,1,95.3,0,23
reedley,660242,5-022.08,36.5987728310579,-119.447054470593,1,45850,25710,1,79.3,1,23
sanger,667056,5-022.08,36.6989739126683,-119.557498530351,1,52349,26744,1,80.5,0,23
centerville,612412,5-022.08,36.7361217410889,-119.4960156751,0,85469,314,0,31.2,0,23
cutler,617708,5-022.08,36.5246692629002,-119.288841683757,1,49098,5296,0,99,1,23
delft_colony,618450,5-022.08,36.5138145078279,-119.446534630006,1,NA,1512,0,90.3,1,23
east_orosi,620942,5-022.08,36.5480739069552,-119.2598651624,1,33472,624,0,99,1,23
el_monte_mobile_village,622235,5-022.08,36.5470800773537,-119.425061821934,1,NA,0,0,NA,0,23
london,642566,5-022.08,36.4804848879802,-119.444953013801,1,31100,1534,0,89.4,1,23
minkler,647822,5-022.08,36.7276308641489,-119.458858874014,0,68026,968,0,2.1,0,23
monson,648676,5-022.08,36.4924251724368,-119.336133262839,1,51136,210,0,100,0,23
orosi,654372,5-022.08,36.5432762748195,-119.29143128184499,1,43221,8908,0,85.6,1,23
seville,671078,5-022.08,36.4835383424976,-119.225880379869,1,40000,449,0,99.1,1,23
squaw_valley,673794,5-022.08,36.6997905875551,-119.19937122128,0,68333,3511,0,10.1,0,23
sultana,675672,5-022.08,36.5455158834589,-119.337748481919,1,26927,1336,0,83.8,1,23
traver,680280,5-022.08,36.4541165080751,-119.483742184832,1,46406,702,0,88,1,23
yettem,686734,5-022.08,36.4856891975735,-119.25570184254,1,38966,487,0,97.9,1,23
kerman,638226,5-022.08,36.7248624904021,-120.062441590358,1,61599,14920,1,81.7,1,24
clovis,614218,5-022.08,36.8278305389562,-119.683043827395,0,84119,112663,1,32.7,1,24
fresno,627000,5-022.08,36.7830265926428,-119.793854519767,1,53368,526147,1,49.7,1,24
sanger,667056,5-022.08,36.6989739126683,-119.557498530351,1,52349,26744,1,80.5,0,24
biola,606728,5-022.08,36.7999430917409,-120.021050166199,1,54375,1440,0,82.7,1,24
bowles,607750,5-022.08,36.6088789468117,-119.752576585833,1,NA,287,0,57.5,0,24
calwa,610032,5-022.08,36.7135748774443,-119.760766226718,1,45458,2363,0,89.8,0,24
centerville,612412,5-022.08,36.7361217410889,-119.4960156751,0,85469,314,0,31.2,1,24
easton,620928,5-022.08,36.6523958620109,-119.790798689684,0,75259,2224,0,68.6,1,24
fort_washington,625300,5-022.08,36.8793028647475,-119.761268655448,1,NA,215,0,0,1,24
friant,627014,5-022.08,36.9847393902371,-119.712953803612,1,52955,541,0,32.9,1,24
malaga,645232,5-022.08,36.6816070053779,-119.73179834781,1,42792,1168,0,91.4,1,24
mayfair,646400,5-022.08,36.7693506447823,-119.76127472944,1,35000,4878,0,57.3,1,24
old_fig_garden,653505,5-022.08,36.7988498483389,-119.805140665218,0,87578,5613,0,41.5,0,24
sunnyside,675994,5-022.08,36.7294240454393,-119.694517650448,0,96271,4557,0,43.5,1,24
tarpey_village,677960,5-022.08,36.7940504540758,-119.701210198406,1,54750,4222,0,28,1,24
west_park,684680,5-022.08,36.705532488432,-119.851561419646,0,65625,1025,0,87.2,1,24
lanare,640116,5-022.08,36.4377281798711,-119.932211491181,1,NA,241,0,95.9,1,25
laton,640746,5-022.08,36.4314148940926,-119.697608043494,1,48598,1967,0,77.5,1,25
riverdale,661096,5-022.08,36.4304072416594,-119.867192154517,1,34883,2727,0,69.1,1,25
fowler,625436,5-022.08,36.6243826843464,-119.673757491902,1,59663,6366,1,65.2,1,26
kingsburg,638562,5-022.08,36.5244572945441,-119.560217630901,0,73281,12116,1,47.7,1,26
parlier,655856,5-022.08,36.6086976247297,-119.543378795976,1,37434,15645,1,97.7,1,26
sanger,667056,5-022.08,36.6989739126683,-119.557498530351,1,52349,26744,1,80.5,0,26
selma,670882,5-022.08,36.5715545546459,-119.614282054764,1,42059,24405,1,85,1,26
del_rey,618674,5-022.08,36.6564691428962,-119.598147398277,1,29766,1246,0,95.9,1,26
fresno,627000,5-022.08,36.7830265926428,-119.793854519767,1,53368,526147,1,49.7,1,28
raisin_city,659290,5-022.08,36.6032673740145,-119.909170978774,1,39444,377,0,70.6,1,28
gonzales,630392,3-004.01,36.5055504442516,-121.442767205752,0,69136,8348,1,92.2,1,29
marina,645778,3-004.01,36.6835280654275,-121.791663076874,0,73115,21966,1,28.2,0,29
salinas,664224,3-004.01,36.6882927895698,-121.631684522537,0,67914,156177,1,79.2,1,29
boronda,607578,3-004.01,36.6946375997321,-121.674524453331,1,46516,1740,0,78.9,1,29
castroville,611978,3-004.01,36.7648432561457,-121.753387469327,0,66839,6332,0,87.2,1,29
chualar,613364,3-004.01,36.5711178645506,-121.510308241535,1,52031,1413,0,98.4,1,29
elkhorn,622034,3-004.01,36.8102936419184,-121.72113794275,0,96250,998,0,30.6,1,29
moss_landing,649488,3-004.01,36.8015290911439,-121.78722873146,1,NA,31,0,38.7,1,29
prunedale,658870,3-004.01,36.8063558663184,-121.655523727634,0,94179,20560,0,52.2,0,29
spreckels,673612,3-004.01,36.624720483043,-121.646499912659,1,NA,373,0,31.4,1,29
woodlake,686300,5-022.11,36.412235468865,-119.100093872137,1,44483,7708,1,90.4,1,30
exeter,623126,5-022.11,36.2940779195501,-119.145965743963,1,48605,10433,1,47.1,1,30
farmersville,623616,5-022.11,36.3050061990017,-119.208316137003,1,44286,10842,1,88.7,1,30
visalia,682954,5-022.11,36.3276585926983,-119.326915026607,0,66668,133100,1,51.9,1,30
tulare,680644,5-022.11,36.1996076732517,-119.339992872794,1,56024,64546,1,63.6,1,30
hanford,631960,5-022.11,36.3274295239525,-119.654899556497,0,65974,57339,1,49.4,1,30
east_tulare_villa,621210,5-022.11,36.2037678706375,-119.280347683706,0,65667,849,0,71.5,1,30
goshen,630476,5-022.11,36.3492709988225,-119.420634144662,1,59750,5387,0,75.7,1,30
hypericum,636135,5-022.11,36.256172509147,-119.216945351904,1,NA,160,0,95.6,0,30
ivanhoe,636910,5-022.11,36.383444321189,-119.22010051404,1,39484,4584,0,89.2,1,30
lemon_cove,641110,5-022.11,36.3808856406201,-119.028471225997,1,56250,263,0,5.3,0,30
lindcove,641656,5-022.11,36.3580316962258,-119.06459620149,1,NA,73,0,90.4,0,30
linnell_camp,641740,5-022.11,36.3088924800818,-119.222595743096,1,22432,837,0,100,1,30
matheny,646223,5-022.11,36.1706507123777,-119.351620778343,1,42039,1036,0,85.3,0,30
patterson_tract,656120,5-022.11,36.3795264297955,-119.295616649913,1,51250,2003,0,83.7,1,30
west_goshen,684345,5-022.11,36.3491876119055,-119.4573870112,1,28378,674,0,83.7,1,30
san_joaquin,667126,5-022.08,36.6055737940374,-120.189933819128,1,37225,4025,1,97.5,1,31
cuyama,617727,3-013,34.9312495064956,-119.614817181431,1,NA,11,0,63.6,1,32
new_cuyama,651028,3-013,34.9430619614646,-119.682030970533,1,46719,550,0,42.5,1,32
pine_mountain_club,657240,3-013,34.8445812023139,-119.166889817798,1,50859,2011,0,7.1,0,32
el_paso_de_robles_(paso_robles),622300,3-004.06,35.6394546216364,-120.655989511187,0,69297,31480,1,34.1,0,35
creston,617232,3-004.06,35.5172996360286,-120.520921289836,1,NA,31,0,54.8,1,35
san_miguel,668266,3-004.06,35.7534076568843,-120.692405870806,0,63171,2536,0,71.9,1,35
shandon,671134,3-004.06,35.6535956216539,-120.383158052906,0,72860,1054,0,59.6,1,35
whitley_gardens,685222,3-004.06,35.6574377708242,-120.507031209829,1,NA,44,0,0,0,35
bakersfield,603526,5-022.14,35.352937339995,-119.035931369141,0,65687,379879,1,51.1,1,36
delano,618394,5-022.14,35.766162858311,-119.263541614098,1,47042,52821,1,76.9,1,36
mcfarland,644826,5-022.14,35.6781340240423,-119.241402605531,1,36586,13244,1,91.8,0,36
maricopa,645736,5-022.14,35.0515728464132,-119.405809190092,1,40208,2157,1,37.6,1,36
shafter,671106,5-022.14,35.4794232037119,-119.201306584552,1,47433,19743,1,84.2,0,36
wasco,683542,5-022.14,35.5937877969933,-119.367114452987,1,39291,27553,1,84.1,1,36
taft,677574,5-022.14,35.1267000455869,-119.424213810875,1,46980,9189,1,33.1,1,36
bear_valley_springs,604734,5-022.14,35.1739882166833,-118.653173454031,0,73194,5291,0,14,0,36
buttonwillow,609332,5-022.14,35.4092320970557,-119.440680205048,1,42548,1339,0,85.3,1,36
cherokee_strip,612860,5-022.14,35.4695716037112,-119.261537996044,1,32500,289,0,86.2,0,36
choctaw_valley,613278,5-022.14,35.448560007967,-118.887203304134,0,81950,252,0,0,0,36
derby_acres,618926,5-022.14,35.2440305252052,-119.603844453359,1,56250,288,0,18.8,0,36
dustin_acres,620284,5-022.14,35.2159341233489,-119.3749990782,1,46667,568,0,11.1,0,36
fellows,623812,5-022.14,35.1779336739489,-119.54722357165,1,NA,54,0,0,0,36
ford_city,624764,5-022.14,35.1647409655169,-119.458412852024,1,43538,4909,0,60.2,0,36
goodmanville,630412,5-022.14,35.434794568797,-118.939026682972,0,136071,84,0,0,0,36
greenacres,630938,5-022.14,35.383158824659,-119.118396345037,0,77240,5255,0,24.6,0,36
keene,637946,5-022.14,35.2335764277207,-118.609899122882,0,89115,257,0,16,0,36
lost_hills,644280,5-022.14,35.6254098664166,-119.678867789131,1,36458,1742,0,96.8,1,36
mckittrick,644924,5-022.14,35.2980333249921,-119.624933513693,1,38333,130,0,16.2,0,36
mexican_colony,647192,5-022.14,35.4689346708477,-119.268724775551,1,35167,337,0,100,0,36
oildale,653448,5-022.14,35.4292680236863,-119.030588852662,1,40773,35520,0,23.5,0,36
richgrove,660606,5-022.14,35.7966167663092,-119.106915557565,1,19063,2098,0,100,0,36
rivergrove,661108,5-022.14,35.4402994545146,-118.941096823999,1,NA,51,0,0,0,36
rosedale,662854,5-022.14,35.3886148022346,-119.205758204397,0,108477,19003,0,22.1,0,36
smith_corner,672338,5-022.14,35.4788359495973,-119.277135136693,0,66174,413,0,89.8,0,36
south_taft,673388,5-022.14,35.12931336037,-119.457512720316,1,28452,2120,0,58.9,0,36
stebbins,674021,5-022.14,35.4056547113457,-119.314190655752,0,76667,963,0,49.1,0,36
taft_heights,677588,5-022.14,35.1337550609309,-119.471152570134,1,45046,1509,0,22,0,36
tarina,677934,5-022.14,35.3807050284952,-118.817100251721,1,NA,0,0,NA,0,36
tupman,680784,5-022.14,35.2987474915495,-119.357686351296,1,NA,134,0,11.9,1,36
valley_acres,681722,5-022.14,35.2086730693448,-119.410663102795,0,70046,641,0,38.4,0,36
dustin_acres,620284,5-022.14,35.2159341233489,-119.3749990782,1,46667,568,0,11.1,0,37
gustine,631568,5-022.07,37.2545183767433,-120.994882253259,1,49984,5748,1,61.3,1,38
los_banos,644028,5-022.07,37.063005896667804,-120.840672237304,0,64567,39443,1,71.4,1,38
volta,683108,5-022.07,37.0875071539076,-120.923472812694,1,41174,133,0,59.4,1,38
corcoran,616224,5-022.12,36.08406793429,-119.561285963915,1,42997,22078,1,69.3,1,42
lemoore,641152,5-022.12,36.2949277921543,-119.798343362941,0,68658,25867,1,44,1,42
hanford,631960,5-022.12,36.3274295239525,-119.654899556497,0,65974,57339,1,49.4,1,42
armona,602700,5-022.12,36.3166122809255,-119.70539254574,1,49158,4437,0,82.1,0,42
grangeville,630686,5-022.12,36.3439028389717,-119.70747961178,0,79688,324,0,14.8,0,42
hardwick,632156,5-022.12,36.4026009881764,-119.720783018107,1,NA,155,0,58.1,1,42
home_garden,634281,5-022.12,36.302836943862,-119.6370856143,1,35197,1590,0,83.5,0,42
kettleman_city,638394,5-022.12,36.0089901549547,-119.962864411786,1,54444,1245,0,100,1,42
laton,640746,5-022.12,36.4314148940926,-119.697608043494,1,48598,1967,0,77.5,0,42
lemoore_station,641166,5-022.12,36.263281367472,-119.904849018416,1,57593,6756,0,18.6,0,42
stratford,675252,5-022.12,36.1884695001239,-119.82225906525,0,67865,771,0,61.7,1,42
porterville,658240,5-022.13,36.0644308458324,-119.033732241823,1,44095,59056,1,68.6,1,43
ducor,620032,5-022.13,35.8927060554027,-119.047022034444,1,27404,708,0,92.9,1,43
east_porterville,621012,5-022.13,36.0581592357811,-118.974905179345,1,26927,5399,0,79.9,1,43
poplar-cotton_center,658191,5-022.13,36.0577217195533,-119.150193304778,1,31533,1840,0,76.7,0,43
richgrove,660606,5-022.13,35.7966167663092,-119.106915557565,1,19063,2098,0,100,0,43
terra_bella,678288,5-022.13,35.9600163140697,-119.038540529921,1,20906,2389,0,94,1,43
bakersfield,603526,5-022.14,35.352937339995,-119.035931369141,0,65687,379879,1,51.1,1,44
choctaw_valley,613278,5-022.14,35.448560007967,-118.887203304134,0,81950,252,0,0,0,44
fresno,627000,5-022.06,36.7830265926428,-119.793854519767,1,53368,526147,1,49.7,1,45
rolling_hills,662625,5-022.06,36.9039673635854,-119.796636657781,0,79138,706,0,18.8,1,45
escalon,622790,5-022.01,37.7912710694715,-120.998181275488,0,64844,7553,1,16.8,1,47
ripon,661026,5-022.01,37.7417028420999,-121.131009761479,0,89110,16049,1,26.9,1,47
stockton,675000,5-022.01,37.9765193666096,-121.310931427352,1,58393,311103,1,43.5,1,47
galt,628112,5-022.01,38.2697804764248,-121.300436065716,0,73969,26235,1,44.3,1,47
oakdale,652694,5-022.01,37.761758522971,-120.846854850331,0,67459,22932,1,33,1,47
riverbank,661068,5-022.01,37.7259773532885,-120.943365563708,0,70163,24623,1,58.3,1,47
lathrop,640704,5-022.01,37.809006737559,-121.313138673064,0,90179,23863,1,40.1,1,47
lodi,642202,5-022.01,38.1218205595834,-121.293194436182,0,64153,66562,1,37.8,1,47
manteca,645484,5-022.01,37.7927484820427,-121.226377039475,0,76846,81078,1,40.4,1,47
acampo,600156,5-022.01,38.173533754046,-121.279904537292,1,NA,261,0,4.2,0,47
august,603209,5-022.01,37.9796490684839,-121.262523718613,1,34781,8046,0,76.9,0,47
collierville,614708,5-022.01,38.214155049569,-121.267467960317,0,71350,2354,0,33.6,0,47
country_club,616651,5-022.01,37.9687068267638,-121.340835689625,1,57391,9242,0,52.7,0,47
del_rio,618695,5-022.01,37.7431492462959,-121.008487662477,0,113125,1241,0,20.9,0,47
dogtown,619440,5-022.01,38.2095906785563,-121.155073069301,0,99764,3006,0,42.7,0,47
east_oakdale,620907,5-022.01,37.785511192822,-120.800923906076,0,123523,2370,0,0.7,0,47
farmington,623630,5-022.01,37.9298712657126,-121.004381165695,1,NA,169,0,13.6,1,47
french_camp,626028,5-022.01,37.8802693994692,-121.280322814553,1,53966,3641,0,62.3,0,47
garden_acres,628182,5-022.01,37.963702494416,-121.229623615967,1,46276,10096,0,81.8,0,47
kennedy,638065,5-022.01,37.9290467814662,-121.245796690691,1,34355,2877,0,83.6,0,47
knights_ferry,638786,5-022.01,37.8200132882617,-120.670342132425,1,NA,62,0,0,1,47
lincoln_village,641558,5-022.01,38.0054758418194,-121.333855173828,0,75625,3991,0,50.4,1,47
linden,641670,5-022.01,38.0185751095815,-121.099377016823,0,110685,2043,0,27.5,1,47
lockeford,642104,5-022.01,38.1508458088065,-121.15545230646,0,72688,3572,0,29.9,1,47
morada,649180,5-022.01,38.0386352558866,-121.24556181032101,0,250001,3419,0,30.4,1,47
orange_blossom,653987,5-022.01,37.8096216988181,-120.711524361486,0,68750,1155,0,22.4,0,47
peters,656798,5-022.01,37.9763062486835,-121.043945918332,0,111548,472,0,39.6,0,47
rancho_calaveras,659426,5-022.01,38.1248571135961,-120.856983725387,0,64107,6310,0,16,0,47
taft_mosswood,677595,5-022.01,37.9140202488336,-121.283127195324,1,57386,1060,0,64.1,0,47
terminous,678232,5-022.01,38.1152616043152,-121.489571304614,1,51648,400,0,18.5,1,47
thornton,678568,5-022.01,38.230911262524,-121.424896899325,1,33611,903,0,49.4,1,47
valley_home,681792,5-022.01,37.8272456418125,-120.914355956169,1,NA,209,0,28.7,0,47
valley_springs,681890,5-022.01,38.1694449700999,-120.826004720072,0,81528,3890,0,23.3,1,47
victor,682562,5-022.01,38.1384704184717,-121.198773525707,1,NA,420,0,42.6,0,47
wallace,683304,5-022.01,38.2039682304699,-120.960928569902,0,101745,721,0,5.1,0,47
waterloo,683626,5-022.01,38.036457950856,-121.184564130383,1,NA,902,0,33.1,0,47
woodbridge,686230,5-022.01,38.1691996534503,-121.311325302926,0,95859,3806,0,18.2,1,47
alpaugh,601164,5-022.13,35.8890422482937,-119.485821425628,1,26000,869,0,97.5,1,48
visalia,682954,5-022.11,36.3276585926983,-119.326915026607,0,66668,133100,1,51.9,1,50
tulare,680644,5-022.11,36.1996076732517,-119.339992872794,1,56024,64546,1,63.6,1,50
goshen,630476,5-022.11,36.3492709988225,-119.420634144662,1,59750,5387,0,75.7,1,50
matheny,646223,5-022.11,36.1706507123777,-119.351620778343,1,42039,1036,0,85.3,0,50
patterson_tract,656120,5-022.11,36.3795264297955,-119.295616649913,1,51250,2003,0,83.7,0,50
waukena,683724,5-022.11,36.1391088209041,-119.510985852348,0,66250,51,0,49,1,50
buttonwillow,609332,5-022.14,35.4092320970557,-119.440680205048,1,42548,1339,0,85.3,1,51
marysville,646170,5-021.61,39.1517838023258,-121.583504569351,1,47128,12467,1,31.1,1,52
wheatland,685012,5-021.61,39.0287513224947,-121.390020966006,0,67056,3631,1,17.5,1,52
beale_afb,604576,5-021.61,39.1095714932153,-121.35427255253,1,52155,955,0,24.6,0,52
linda,641572,5-021.61,39.1241453804632,-121.542182745057,1,48529,21842,0,37.3,1,52
olivehurst,653714,5-021.61,39.079468363905,-121.556673589692,1,54309,15149,0,35.4,1,52
plumas_lake,657829,5-021.61,38.9844588460191,-121.563428198971,0,103832,7687,0,27.3,0,52
rio_oso,660970,5-021.61,38.9518272497718,-121.530984031349,0,130417,414,0,1.9,0,52
yuba_city,686972,5-021.60,39.135718773915,-121.638353165297,1,60910,66660,1,29.8,1,53
marysville,646170,5-021.60,39.1517838023258,-121.583504569351,1,47128,12467,1,31.1,1,53
honcut,634428,5-021.60,39.3325966228335,-121.538770917609,1,NA,172,0,44.8,1,53
bakersfield,603526,5-022.14,35.352937339995,-119.035931369141,0,65687,379879,1,51.1,1,54
arvin,602924,5-022.14,35.1943671537833,-118.830581131451,1,39750,21220,1,94,1,54
shafter,671106,5-022.14,35.4794232037119,-119.201306584552,1,47433,19743,1,84.2,0,54
bakersfield_country_club,603546,5-022.14,35.3898963920205,-118.940926873677,0,111964,1486,0,43.2,0,54
benton_park,605356,5-022.14,35.3464437294136,-119.029827393334,1,36578,5212,0,74.4,0,54
casa_loma,611696,5-022.14,35.3432353512549,-118.99872336947,1,32336,1404,0,75.9,0,54
cottonwood,616623,5-022.14,35.3464315803638,-118.985107413177,1,23639,3121,0,76,0,54
east_bakersfield,620515,5-022.14,35.3831900823625,-118.974380817663,1,28409,10254,0,83.6,0,54
east_niles,620903,5-022.14,35.3682775181489,-118.922474126562,1,41162,29885,0,79.1,1,54
edison,621544,5-022.14,35.3473180104765,-118.869838001147,1,NA,109,0,0,1,54
el_adobe,621691,5-022.14,35.2450875331268,-118.958854067598,0,80781,118,0,75.4,1,54
fairfax,623158,5-022.14,35.346890465252,-118.933819041348,0,68047,1778,0,75.1,0,54
fuller_acres,627190,5-022.14,35.302258733709,-118.914307761814,1,34539,634,0,89.4,0,54
goodmanville,630412,5-022.14,35.434794568797,-118.939026682972,0,136071,84,0,0,0,54
greenacres,630938,5-022.14,35.383158824659,-119.118396345037,0,77240,5255,0,24.6,0,54
greenfield,630987,5-022.14,35.2695356159165,-119.00947500923,1,58136,3777,0,77.8,1,54
hillcrest,633689,5-022.14,35.3789751498768,-118.957865846769,1,50279,11801,0,76.8,0,54
la_cresta,639052,5-022.14,35.3972062017247,-118.989324857343,1,39841,9990,0,68.4,0,54
lakeside,639759,5-022.14,35.2346726843385,-119.082870134429,1,NA,969,0,36.9,0,54
lamont,640088,5-022.14,35.2659347151446,-118.915958444831,1,42948,14724,0,93.8,1,54
oildale,653448,5-022.14,35.4292680236863,-119.030588852662,1,40773,35520,0,23.5,1,54
olde_stockdale,653503,5-022.14,35.3476039161922,-119.079384093592,0,168295,839,0,3.9,0,54
old_river,653574,5-022.14,35.2671289010856,-119.10553504279,1,NA,76,0,100,0,54
old_stine,653603,5-022.14,35.3477560533797,-119.04693535765,1,48234,3477,0,53.6,0,54
potomac_park,658471,5-022.14,35.3635362395272,-118.965002760117,1,40129,10833,0,90.6,0,54
pumpkin_center,658940,5-022.14,35.2653063000991,-119.032422244668,1,48646,169,0,94.1,0,54
rexland_acres,660370,5-022.14,35.3050576715323,-118.997003942144,1,44650,3487,0,84.8,0,54
rosedale,662854,5-022.14,35.3886148022346,-119.205758204397,0,108477,19003,0,22.1,1,54
tarina,677934,5-022.14,35.3807050284952,-118.817100251721,1,NA,0,0,NA,0,54
weedpatch,683863,5-022.14,35.2368597591146,-118.912360767583,1,18943,2879,0,93.7,0,54
corcoran,616224,5-022.13,36.08406793429,-119.561285963915,1,42997,22078,1,69.3,0,56
porterville,658240,5-022.13,36.0644308458324,-119.033732241823,1,44095,59056,1,68.6,1,56
tulare,680644,5-022.13,36.1996076732517,-119.339992872794,1,56024,64546,1,63.6,1,56
pixley,657512,5-022.13,35.9785513753418,-119.300332832602,1,32209,4322,0,92.4,1,56
poplar-cotton_center,658191,5-022.13,36.0577217195533,-119.150193304778,1,31533,1840,0,76.7,0,56
tipton,678750,5-022.13,36.0572383011869,-119.313537253512,1,44663,3391,0,95.5,1,56
woodville,686482,5-022.13,36.0926853452919,-119.201238007524,1,29107,1836,0,94.2,1,56
woodville_farm_labor_camp,686489,5-022.13,36.0831556679524,-119.147935237899,1,33750,701,0,100,1,56
delano,618394,5-022.13,35.766162858311,-119.263541614098,1,47042,52821,1,76.9,1,57
allensworth,601010,5-022.13,35.8498837538679,-119.389222407256,1,45156,596,0,95.8,1,57
woodlake,686300,5-022.11,36.412235468865,-119.100093872137,1,44483,7708,1,90.4,1,58
exeter,623126,5-022.11,36.2940779195501,-119.145965743963,1,48605,10433,1,47.1,1,58
lindsay,641712,5-022.11,36.2081966151817,-119.089715610585,1,37073,12793,1,86.1,1,58
porterville,658240,5-022.11,36.0644308458324,-119.033732241823,1,44095,59056,1,68.6,1,58
el_rancho,622360,5-022.11,36.2206885649574,-119.068369656379,1,NA,0,0,NA,0,58
ivanhoe,636910,5-022.11,36.383444321189,-119.22010051404,1,39484,4584,0,89.2,1,58
lindcove,641656,5-022.11,36.3580316962258,-119.06459620149,1,NA,73,0,90.4,1,58
plainview,657568,5-022.11,36.1430325752145,-119.135352342821,1,23917,610,0,84.6,1,58
strathmore,675280,5-022.11,36.146121583506,-119.064353854075,1,30545,3641,0,79.6,1,58
tonyville,678932,5-022.11,36.2473870517983,-119.090364796432,1,24917,236,0,100,1,58
tooleville,678949,5-022.11,36.287758516451,-119.115447545203,1,NA,184,0,91.8,1,58
ridgecrest,660704,6-054,35.6307186015958,-117.662169251771,0,71774,28905,1,20,1,59
china_lake_acres,613157,6-054,35.6387743978508,-117.766844161015,0,70362,2450,0,16.6,0,59
inyokern,636658,6-054,35.6546190604552,-117.821251827973,1,NA,645,0,15.5,1,59
pearsonville,656294,6-054,35.8188602187783,-117.875535547608,1,NA,0,0,NA,1,59
ridgecrest_heights,660705,6-054,35.6019055321488,-117.704192019669,1,NA,193,0,0,0,59
delano,618394,5-022.13,35.766162858311,-119.263541614098,1,47042,52821,1,76.9,1,63
earlimart,620438,5-022.13,35.8913606809427,-119.272103881015,1,40699,8908,0,93.3,1,63
jovista,637568,5-022.13,35.7940190760194,-119.189582467582,1,NA,93,0,38.7,0,63
richgrove,660606,5-022.13,35.7966167663092,-119.106915557565,1,19063,2098,0,100,0,63
rodriguez_camp,662496,5-022.13,35.8089911205522,-119.13883477056,1,NA,61,0,100,0,63
earlimart,620438,5-022.13,35.8913606809427,-119.272103881015,1,40699,8908,0,93.3,1,65
pixley,657512,5-022.13,35.9785513753418,-119.300332832602,1,32209,4322,0,92.4,1,65
teviston,678336,5-022.13,35.9288777350725,-119.278345192766,1,40139,903,0,90.4,1,65
lebec,640956,5-029,34.8449650933285,-118.899198282753,1,33778,1474,0,38.3,1,67
fortuna,625296,1-010,40.5861601165258,-124.14197177421,1,46025,12135,1,23,1,70
rio_dell,660900,1-010,40.5023674127252,-124.11053505922,1,38589,3388,1,13.1,1,70
ferndale,623910,1-010,40.5781081790061,-124.261252440972,1,59545,1387,1,6.5,1,70
hydesville,636126,1-010,40.557882162462,-124.08226215877,1,55521,1051,0,0.8,1,70
loleta,642328,1-010,40.6408910331664,-124.222569737267,1,38807,599,0,11.9,1,70
scotia,670518,1-010,40.4775008707331,-124.103194522786,1,33636,490,0,8,1,70
perris,656700,8-005,33.7898530269725,-117.223344915326,0,66926,77708,1,80.2,1,71
moreno_valley,649270,8-005,33.9244022771573,-117.20456985593,0,70385,208751,1,59.8,1,71
menifee,646842,8-005,33.6909555369087,-117.184909716,0,76824,92968,1,37.5,1,71
homeland,634316,8-005,33.7458835981807,-117.113253584199,1,53008,7613,0,61.3,1,71
lakeview,639836,8-005,33.8284702691244,-117.123345894325,0,72679,2452,0,89.4,1,71
march_arb,645680,8-005,33.8888669942868,-117.277668406223,0,76065,1236,0,23.9,0,71
mead_valley,646646,8-005,33.8333229921613,-117.285231660481,0,66708,20817,0,77.3,1,71
nuevo,652624,8-005,33.8011461709635,-117.141408249211,0,81379,6999,0,62.4,1,71
romoland,662756,8-005,33.7647677580307,-117.157145845119,0,66576,2755,0,80.7,1,71
winchester,685894,8-005,33.7146025430731,-117.077454780389,1,49783,2957,0,53.2,1,71
piru,657372,4-004.06,34.4063661115776,-118.80192994492,1,59000,2126,0,89.1,1,72
santa_paula,670042,4-004.05,34.3544907492206,-119.065539622326,1,62241,30297,1,83.8,1,73
fillmore,624092,4-004.05,34.3989628449438,-118.917471871994,0,74211,15631,1,71.3,1,73
scotts_valley,670588,3-027,37.0555048199943,-122.011778573186,0,103783,12055,1,11.4,1,74
ben_lomond,605332,3-027,37.0782170897221,-122.088117946216,0,98406,7378,0,13.1,1,74
boulder_creek,607652,3-027,37.1341049680499,-122.127221398474,0,103576,5305,0,9.9,1,74
brookdale,608478,3-027,37.1057360850513,-122.110636541362,0,70368,1293,0,0,1,74
felton,623826,3-027,37.039227068244,-122.080777318435,0,108367,3197,0,4.6,1,74
lompico,642510,3-027,37.1100468941977,-122.05232102367,0,90417,881,0,13.4,1,74
mount_hermon,649796,3-027,37.051038764871,-122.053360226246,0,131504,1394,0,21.7,1,74
zayante,687090,3-027,37.0892218273262,-122.040871086943,0,125391,765,0,11.8,1,74
san_diego,666000,9-010,32.8168228236183,-117.133414491291,0,83454,1414545,1,30.1,1,75
pala,655058,9-007.01,33.3639536517065,-117.067480103962,0,93393,1094,0,39,1,76
san_buenaventura_(ventura),665042,4-003.01,34.2675306949799,-119.254295812697,0,79986,108467,1,36.9,0,77
ojai,653476,4-003.01,34.4487135659726,-119.247002568052,0,75653,7613,1,16.8,1,77
meiners_oaks,646702,4-003.01,34.4553540047938,-119.270177333654,0,90294,3697,0,15.6,1,77
mira_monte,648046,4-003.01,34.4312160470211,-119.287884110443,0,79861,6833,0,20.6,1,77
oak_view,653182,4-003.01,34.4030421184823,-119.298960959299,0,97917,6557,0,25.9,0,77
lompoc,642524,3-015,34.6617990360341,-120.471398442744,1,57071,42753,1,60.4,1,78
mission_hills,648186,3-015,34.6860878699121,-120.44043728601,0,85268,3509,0,31.5,1,78
vandenberg_afb,682072,3-015,34.7476926265114,-120.518994592189,0,67917,3646,0,16.2,0,78
vandenberg_village,682086,3-015,34.7110732603627,-120.46225038668,0,81045,7945,0,24.5,1,78
buellton,608758,3-015,34.6152955179111,-120.194430741046,0,105694,5276,1,23.4,1,79
solvang,672576,3-015,34.5935186414125,-120.14017744179,0,82838,5644,1,17.6,1,79
solvang,672576,3-015,34.5935186414125,-120.14017744179,0,82838,5644,1,17.6,1,80
ballard,603694,3-015,34.6394873860196,-120.109072250325,0,97321,764,0,14.8,1,80
los_olivos,644168,3-015,34.6640623302372,-120.1169822939,0,102589,838,0,16.2,1,80
santa_ynez,670182,3-015,34.61679383975,-120.09482669065,0,99349,4728,0,21.7,1,80
corona,616350,8-002.09,33.8616044672514,-117.564903086216,0,88434,168112,1,47.9,1,81
norco,651560,8-002.09,33.92521962308,-117.549885648085,0,106370,27021,1,33.6,1,81
coronita,616420,8-002.09,33.8759139058622,-117.610981640979,0,104007,3968,0,57.9,1,81
el_cerrito,621810,8-002.09,33.8396037463927,-117.522247447229,0,100708,5269,0,49.6,1,81
home_gardens,634302,8-002.09,33.8783563588789,-117.511561332044,0,67716,12027,0,72.9,1,81
redding,659920,5-006.04,40.5697665811848,-122.365038948495,1,56098,92025,1,10.9,1,82
anderson,602042,5-006.04,40.4496682013476,-122.295041637276,1,41069,10479,1,13.3,1,82
bella_vista,604926,5-006.04,40.6426945527263,-122.246059496915,0,74031,3320,0,3.6,1,82
palo_cedro,655296,5-006.04,40.5658333655975,-122.242532286529,0,96292,2893,0,3.4,1,82
redding,659920,5-006.03,40.5697665811848,-122.365038948495,1,56098,92025,1,10.9,1,83
anderson,602042,5-006.03,40.4496682013476,-122.295041637276,1,41069,10479,1,13.3,1,83
centerville,612415,5-006.03,40.5429984860076,-122.463852110481,0,102250,2170,0,9,1,83
cottonwood,616630,5-006.03,40.3902920730631,-122.315643880124,0,65335,5435,0,10.4,1,83
happy_valley,632036,5-006.03,40.4661329970778,-122.420713644283,1,57479,5652,0,11.3,0,83
igo,636252,5-006.03,40.4991718912263,-122.54575757308,1,NA,148,0,0,0,83
lake_california,639460,5-006.03,40.3607880485133,-122.210291953238,0,74091,3276,0,18.1,0,83
ukiah,681134,1-052,39.1462740956202,-123.210466791516,1,55177,15963,1,35.7,1,84
calpella,609990,1-052,39.232315241731,-123.196918337122,0,87143,620,0,44.7,1,84
redwood_valley,660214,1-052,39.2689380071442,-123.20234851523,1,48824,1812,0,32,1,84
talmage,677784,1-052,39.1313936424386,-123.164775580191,1,41815,1136,0,20.9,1,84
ripon,661026,5-022.02,37.7417028420999,-121.131009761479,0,89110,16049,1,26.9,0,85
ceres,612524,5-022.02,37.5952451502431,-120.961949132431,1,59247,48355,1,62.3,0,85
oakdale,652694,5-022.02,37.761758522971,-120.846854850331,0,67459,22932,1,33,1,85
riverbank,661068,5-022.02,37.7259773532885,-120.943365563708,0,70163,24623,1,58.3,1,85
waterford,683612,5-022.02,37.6428676068793,-120.755344159116,1,59938,8884,1,42.5,1,85
modesto,648354,5-022.02,37.6375227257709,-121.002785994233,1,62182,214485,1,40.7,1,85
airport,600535,5-022.02,37.6338883716442,-120.972018680239,1,28370,1276,0,76.6,1,85
bystrom,609353,5-022.02,37.6197857977852,-120.981421118612,1,34796,3763,0,76.4,0,85
del_rio,618695,5-022.02,37.7431492462959,-121.008487662477,0,113125,1241,0,20.9,1,85
east_oakdale,620907,5-022.02,37.785511192822,-120.800923906076,0,123523,2370,0,0.7,0,85
empire,622622,5-022.02,37.6430620706552,-120.907051747587,1,39727,3285,0,66.4,1,85
knights_ferry,638786,5-022.02,37.8200132882617,-120.670342132425,1,NA,62,0,0,0,85
orange_blossom,653987,5-022.02,37.8096216988181,-120.711524361486,0,68750,1155,0,22.4,0,85
riverdale_park,661106,5-022.02,37.6029078006667,-121.042470864608,1,NA,1393,0,85.4,0,85
rouse,663168,5-022.02,37.6195184685458,-121.00838342778,1,50132,1684,0,74.6,1,85
salida,664210,5-022.02,37.7083636395586,-121.084244481519,0,82563,15269,0,53.3,1,85
west_modesto,684578,5-022.02,37.6178086497288,-121.034567774453,1,43864,5557,0,70.8,1,85
chico,613014,5-021.57,39.7578146227219,-121.81620947049,1,57357,98683,1,19,1,86
butte_creek_canyon,609310,5-021.57,39.7489463671563,-121.696859777117,0,85461,677,0,0.6,0,86
butte_valley,609324,5-021.57,39.6570922454741,-121.636348170763,0,80984,907,0,0,0,86
durham,620270,5-021.57,39.6231782914756,-121.78748398947,0,98563,6255,0,7.7,1,86
nord,651574,5-021.57,39.7737937709599,-121.954919261089,0,72532,368,0,19,1,86
los_alamos,643252,3-014,34.7418081882782,-120.274608661704,0,72688,1275,0,28.3,1,87
vandenberg_afb,682072,3-014,34.7476926265114,-120.518994592189,0,67917,3646,0,16.2,0,87
dorris,619584,1-003,41.964391554001,-121.920564087437,1,33194,867,1,33.6,1,88
macdoel,644812,1-003,41.8261787771049,-122.005898627824,1,NA,26,0,0,1,88
mount_hebron,649768,1-003,41.7856335243445,-122.007993258346,1,NA,61,0,80.3,1,88
etna,622972,1-005,41.4582049782385,-122.894493930383,1,54712,755,1,4,1,89
fort_jones,625128,1-005,41.6084575601206,-122.841078664011,1,29866,578,1,13.3,1,89
greenview,631134,1-005,41.5470232396058,-122.918575081539,0,83693,139,0,0,1,89
yreka,686944,1-004,41.7292609215683,-122.631161862498,1,41276,7589,1,15.5,1,90
montague,648690,1-004,41.7275485729422,-122.530334559835,1,50742,1519,1,11.5,1,90
weed,683850,1-004,41.4127643269636,-122.38163621804,1,26750,2662,1,22.2,1,90
carrick,611481,1-004,41.4467517312312,-122.363470899182,1,NA,58,0,0,1,90
edgewood,621530,1-004,41.4621372505712,-122.426148379198,0,81250,39,0,30.8,1,90
gazelle,629252,1-004,41.5148810418285,-122.521660769376,1,39063,111,0,3.6,1,90
grenada,631246,1-004,41.6405898131467,-122.526026586715,1,43594,295,0,0,1,90
lake_shastina,639728,1-004,41.521321188738,-122.375582018461,0,64688,2790,0,9.7,1,90
oakland,653000,2-009.04,37.7695559864872,-122.224522319926,0,80143,422575,1,27,1,91
richmond,660620,2-009.04,37.9517728704384,-122.360278522972,0,72463,110051,1,44.1,1,91
san_pablo,668294,2-009.04,37.9628665908213,-122.342595225201,1,60819,30959,1,60.3,1,91
alameda,600562,2-009.04,37.7557807583702,-122.274288997181,0,106737,79827,1,12.8,1,91
albany,600674,2-009.04,37.8846485235306,-122.329061447265,0,103132,20145,1,13.1,1,91
berkeley,606000,2-009.04,37.8663969701315,-122.298923219055,0,91259,123065,1,10.9,1,91
emeryville,622594,2-009.04,37.8387490896738,-122.299399317819,0,104063,11679,1,10.6,1,91
san_leandro,668084,2-009.04,37.7047560985295,-122.163055618839,0,86604,90489,1,26.6,1,91
union_city,681204,2-009.04,37.603189287288,-122.018067158498,0,120772,75067,1,19.7,1,91
hayward,633000,2-009.04,37.6273707430002,-122.104175342559,0,91490,158817,1,39.5,1,91
piedmont,656938,2-009.04,37.8225495575117,-122.230037789277,0,250001,11454,1,3.7,1,91
el_cerrito,621796,2-009.04,37.9195804726141,-122.302533387226,0,108294,25280,1,11.6,1,91
ashland,602980,2-009.04,37.69420186736,-122.115950260353,0,66570,23566,0,45.2,1,91
cherryland,612902,2-009.04,37.6792209970791,-122.103789903291,0,73429,15976,0,54.6,1,91
east_richmond_heights,621061,2-009.04,37.9450895689307,-122.313923667005,0,105192,3473,0,20.4,0,91
el_sobrante,622454,2-009.04,37.9704673682976,-122.296147078468,0,100548,14779,0,29.9,1,91
kensington,638086,2-009.04,37.9082635707314,-122.280582013779,0,162375,5171,0,8.3,0,91
north_richmond,652162,2-009.04,37.9645896617223,-122.372821308417,0,70292,4258,0,65.1,1,91
rollingwood,662700,2-009.04,37.9653518387987,-122.330620726431,0,88125,3612,0,74.1,0,91
san_lorenzo,668112,2-009.04,37.6732739491379,-122.133418512452,0,91319,30117,0,41.7,1,91
williams,685586,5-021.52,39.1497745264897,-122.138965185661,0,72778,5284,1,83.4,1,92
colusa,614946,5-021.52,39.205793651222,-122.012432644725,1,54605,6111,1,53.4,1,92
orland,654274,5-021.52,39.7460797948791,-122.185482708179,1,47260,7843,1,60.9,1,92
willows,685684,5-021.52,39.5149094562979,-122.199490392258,1,48140,6053,1,29.9,1,92
arbuckle,602420,5-021.52,39.0142004245473,-122.061055852494,0,70661,3368,0,76.3,1,92
artois,602910,5-021.52,39.6331854694714,-122.189770640593,1,44000,236,0,0,1,92
college_city,614554,5-021.52,39.0060907746905,-122.005146194899,0,77750,205,0,80.5,1,92
grimes,631288,5-021.52,39.074159629206,-121.898789932723,1,33897,462,0,31.8,1,92
maxwell,646338,5-021.52,39.2770836336953,-122.194689441764,1,57292,1256,0,68.2,1,92
princeton,658758,5-021.52,39.4016038726464,-122.019372585091,1,43917,337,0,21.1,1,92
corona,616350,8-004.02,33.8616044672514,-117.564903086216,0,88434,168112,1,47.9,1,93
el_cerrito,621810,8-004.02,33.8396037463927,-117.522247447229,0,100708,5269,0,49.6,0,93
temescal_valley,678138,8-004.02,33.7580632082597,-117.467695037526,0,102179,28420,0,35.2,1,93
corning,616322,5-021.51,39.9282066243143,-122.182020281939,1,48038,7589,1,59.3,1,94
flournoy,624568,5-021.51,39.928342832847,-122.445804276255,1,58750,161,0,25.5,1,94
hamilton_city,631890,5-021.51,39.7426831474413,-122.010959187283,1,50552,2446,0,90.8,1,94
richfield,660592,5-021.51,39.973806446533,-122.173247211328,1,46250,341,0,49.6,1,94
adin,600310,5-004,41.1947763898463,-120.950202691871,1,39643,209,0,0.5,1,95
bieber,606336,5-004,41.1332583244315,-121.129484916866,1,41111,145,0,0,1,95
lookout,643126,5-004,41.2094204914572,-121.154376470007,1,NA,50,0,0,1,95
nubieber,652610,5-004,41.0966457492666,-121.181592534605,1,51875,31,0,0,1,95
davis,618100,5-021.67,38.5552809036799,-121.737062948326,0,75394,68640,1,13.1,1,96
west_sacramento,684816,5-021.67,38.5556745235672,-121.55045229794,0,73979,53574,1,32.6,1,96
winters,686034,5-021.67,38.5319847132664,-121.978153788143,0,92538,7285,1,47.7,0,96
woodland,686328,5-021.67,38.6711639745257,-121.750060351917,0,71477,59759,1,49.6,1,96
sacramento,664000,5-021.67,38.5676684919918,-121.468542972562,0,65847,503482,1,28.3,1,96
brooks,608506,5-021.67,38.7368857436186,-122.146819969754,1,NA,41,0,0,1,96
clarksburg,613784,5-021.67,38.4193406768175,-121.541630692488,1,NA,366,0,33.6,1,96
dunnigan,620228,5-021.67,38.8926480596032,-121.97419925253,1,41625,1391,0,40.6,1,96
el_macero,622104,5-021.67,38.5440239565978,-121.685181302746,0,168125,1086,0,15.6,0,96
esparto,622846,5-021.67,38.6934158689987,-122.024060010309,0,81181,4009,0,47.3,1,96
guinda,631540,5-021.67,38.8273794838101,-122.198372900904,1,NA,113,0,0,1,96
knights_landing,638800,5-021.67,38.7979768589436,-121.717460595931,1,37545,981,0,90.8,1,96
madison,645064,5-021.67,38.6749932723297,-121.970266682819,1,42985,502,0,99,1,96
monument_hills,649045,5-021.67,38.6641110214188,-121.875402457383,0,208929,1354,0,25,1,96
rumsey,663302,5-021.67,38.8902116878751,-122.24046386625,0,76905,107,0,0,1,96
tancred,677860,5-021.67,38.7618641630794,-122.154709253287,1,48906,19,0,0,0,96
university_of_california-davis,681302,5-021.67,38.5377088909975,-121.757912750551,1,21230,9031,0,19.5,0,96
yolo,686804,5-021.67,38.740468582995,-121.80933787126,1,NA,196,0,71.4,1,96
tulelake,680686,1-002.01,41.953299122923,-121.475234283835,1,32039,839,1,62.8,1,97
newell,651042,1-002.01,41.8898319503397,-121.367455202348,1,31438,481,0,72.3,1,97
biggs,606560,5-021.70,39.4101920713425,-121.713334051798,0,64107,2648,1,39.4,1,98
gridley,631260,5-021.70,39.3622339773172,-121.697093032181,1,50842,7154,1,38.3,1,98
chico,613014,5-021.70,39.7578146227219,-121.81620947049,1,57357,98683,1,19,1,98
oroville,654386,5-021.70,39.4999719811308,-121.563349204667,1,34371,19659,1,14.4,1,98
durham,620270,5-021.70,39.6231782914756,-121.78748398947,0,98563,6255,0,7.7,0,98
richvale,660662,5-021.70,39.4937438335957,-121.750782637971,1,NA,157,0,0,0,98
thermalito,678470,5-021.70,39.490821113682,-121.615042816111,1,37302,6495,0,12.9,0,98
oroville,654386,5-021.69,39.4999719811308,-121.563349204667,1,34371,19659,1,14.4,1,99
honcut,634428,5-021.69,39.3325966228335,-121.538770917609,1,NA,172,0,44.8,0,99
oroville_east,654388,5-021.69,39.4946757925768,-121.486623567391,0,73706,8093,0,9.5,0,99
palermo,655086,5-021.69,39.4312739708558,-121.522555477783,1,41464,5204,0,25.8,1,99
south_oroville,673178,5-021.69,39.4766821583805,-121.543949424524,1,50655,2606,0,24.6,0,99
thermalito,678470,5-021.69,39.490821113682,-121.615042816111,1,37302,6495,0,12.9,0,99
west_sacramento,684816,5-021.64,38.5556745235672,-121.55045229794,0,73979,53574,1,32.6,0,100
folsom,624638,5-021.64,38.666757495129,-121.142170612898,0,118006,79584,1,15.7,1,100
rancho_cordova,659444,5-021.64,38.5736751189608,-121.25274868924,0,69963,74394,1,20.7,1,100
citrus_heights,613588,5-021.64,38.6948166899436,-121.287964527178,0,65867,87665,1,19.9,1,100
sacramento,664000,5-021.64,38.5676684919918,-121.468542972562,0,65847,503482,1,28.3,1,100
lincoln,641474,5-021.64,38.8773921917829,-121.293741290964,0,88991,48150,1,18.4,1,100
wheatland,685012,5-021.64,39.0287513224947,-121.390020966006,0,67056,3631,1,17.5,1,100
rocklin,662364,5-021.64,38.8075428273434,-121.24886803292,0,100664,67070,1,13.6,1,100
roseville,662938,5-021.64,38.7702938218484,-121.3196560245,0,95519,138860,1,15.6,1,100
antelope,602210,5-021.64,38.7153333320008,-121.360974860293,0,82095,48468,0,15.9,1,100
arden-arcade,602553,5-021.64,38.6017272713516,-121.384503268037,1,52694,93719,0,20.7,0,100
carmichael,611390,5-021.64,38.6318385158866,-121.326301368329,0,68227,75642,0,14.5,1,100
east_nicolaus,620900,5-021.64,38.910050423348,-121.544333635332,0,68250,172,0,7.6,0,100
elverta,622524,5-021.64,38.7184670922494,-121.445489048891,0,77746,5235,0,17.3,0,100
fair_oaks,623294,5-021.64,38.6504174151697,-121.24967298232,0,89217,30882,0,13.6,0,100
foothill_farms,624722,5-021.64,38.6867378509977,-121.347490172013,1,55474,35711,0,23.9,0,100
gold_river,630345,5-021.64,38.626779458731,-121.248749632853,0,131164,7930,0,6,0,100
granite_bay,630693,5-021.64,38.7600645638986,-121.171439728877,0,170504,22818,0,9.7,0,100
la_riviera,640410,5-021.64,38.5682514986556,-121.354446833039,0,70855,11570,0,20.4,0,100
mcclellan_park,644760,5-021.64,38.6629027091351,-121.401668634588,1,29474,843,0,19.5,0,100
nicolaus,651336,5-021.64,38.8981300465287,-121.57289357771,0,86375,124,0,28.2,1,100
north_highlands,651924,5-021.64,38.671328601715,-121.372147685166,1,50816,48660,0,28.3,1,100
orangevale,654092,5-021.64,38.6880997563345,-121.220881779071,0,78071,35030,0,13.5,0,100
plumas_lake,657829,5-021.64,38.9844588460191,-121.563428198971,0,103832,7687,0,27.3,0,100
rio_linda,660942,5-021.64,38.6875064690312,-121.441694775668,0,72361,16115,0,20.3,1,100
rio_oso,660970,5-021.64,38.9518272497718,-121.530984031349,0,130417,414,0,1.9,0,100
sheridan,671414,5-021.64,38.9694868021697,-121.355199334578,1,48698,1120,0,14.2,1,100
trowbridge,680560,5-021.64,38.9263912587723,-121.514859116655,0,116250,196,0,3.1,0,100
sonoma,672646,2-002.02,38.2903366547537,-122.45984463751,0,85509,11082,1,17.7,1,101
boyes_hot_springs,607848,2-002.02,38.3126378564726,-122.488751787895,1,62261,8006,0,52.3,1,101
eldridge,621894,2-002.02,38.3338923063499,-122.506532558595,0,144241,960,0,12.4,0,101
el_verano,622510,2-002.02,38.2974697207734,-122.491557616116,0,101813,3256,0,24.7,1,101
fetters_hot_springs-agua_caliente,623973,2-002.02,38.3275093129558,-122.487150819651,0,82260,3554,0,40.3,0,101
glen_ellen,630028,2-002.02,38.3563605895931,-122.541299057549,0,250001,1214,0,2.1,1,101
kenwood,638156,2-002.02,38.4154131896214,-122.538767249586,0,90594,540,0,2,1,101
temelec,678126,2-002.02,38.2577600600962,-122.498210987306,1,56691,1915,0,0,1,101
bishop,606798,6-012.01,37.3665394586211,-118.395848935354,0,64949,3747,1,17.6,1,103
benton,605346,6-012.01,37.8189295424014,-118.4844863487,1,42708,244,0,9,1,103
big_pine,606616,6-012.01,37.1655236741384,-118.29515234933,1,54107,1373,0,9.3,1,103
cartago,611600,6-012.01,36.3122959476961,-118.026136745701,0,65556,49,0,79.6,1,103
chalfant,612594,6-012.01,37.5105093348138,-118.375082679607,1,59491,1010,0,13.9,1,103
dixon_lane-meadowcreek,619406,6-012.01,37.3863933907675,-118.415285248812,1,56339,2755,0,38.4,0,103
independence,636350,6-012.01,36.8274474631474,-118.2132472974,1,58125,761,0,17.6,1,103
keeler,637918,6-012.01,36.4867241006661,-117.873344788579,1,NA,6,0,0,1,103
lone_pine,642580,6-012.01,36.577354655463,-118.077720762811,1,34601,1484,0,46.3,1,103
mesa,647013,6-012.01,37.418959316875,-118.542407845983,0,95278,434,0,8.1,0,103
olancha,653490,6-012.01,36.270366801753,-118.001515221753,1,59808,181,0,0,1,103
paradise,655528,6-012.01,37.4828592899244,-118.602226222532,1,NA,168,0,39.3,0,103
round_valley,663148,6-012.01,37.4069654320908,-118.58174838633,1,55000,493,0,25.8,0,103
swall_meadows,677430,6-012.01,37.5060642022557,-118.642671202026,0,151818,390,0,32.6,0,103
west_bishop,684120,6-012.01,37.3570560968995,-118.454279247881,0,100000,2553,0,10.1,1,103
wilkerson,685551,6-012.01,37.2794362783515,-118.387710455662,0,78942,495,0,23.2,0,103
yucaipa,687042,8-002.07,34.0335749671403,-117.042932276431,0,73196,54358,1,34.9,1,104
redlands,659962,8-002.07,34.051197596938,-117.171197343802,0,81265,71680,1,35.5,1,104
calimesa,609864,8-002.07,33.9873459414146,-117.054223866054,1,61671,9156,1,30.8,1,104
cherry_valley,612916,8-002.07,33.9796847078851,-116.969417571118,0,70471,8026,0,22.6,1,104
oak_glen,652715,8-002.07,34.0447743457194,-116.949758982241,1,NA,307,0,2.6,1,104
hollister,634120,3-003.05,36.8556087754105,-121.398614914697,0,80670,40100,1,69.2,1,105
san_juan_bautista,668014,3-003.05,36.8449763533694,-121.536990159741,0,77500,2086,1,53.6,1,105
ridgemark,660706,3-003.05,36.8082455503319,-121.362294673377,0,121250,2572,0,21.4,1,105
tres_pinos,680364,3-003.05,36.7903864358096,-121.310578968091,0,128000,921,0,24,1,105
galt,628112,5-022.16,38.2697804764248,-121.300436065716,0,73969,26235,1,44.3,1,106
ione,636672,5-022.16,38.3613124683075,-120.942237377192,0,65481,7861,1,15.9,1,106
buena_vista,608828,5-022.16,38.2974922494136,-120.917415486384,1,47153,573,0,11,0,106
camanche_north_shore,610042,5-022.16,38.2442235327001,-120.953928525236,1,52411,1188,0,11,1,106
camanche_village,610044,5-022.16,38.2661940875725,-120.986621332545,0,133047,1344,0,5.6,1,106
clay,613854,5-022.16,38.3140436430785,-121.159601864547,0,89792,1130,0,26.3,1,106
herald,633294,5-022.16,38.2913025517612,-121.231826637751,0,71979,1049,0,17.3,1,106
rancho_murieta,659506,5-022.16,38.5085376595925,-121.071598823363,0,111827,5682,0,15.5,1,106
thornton,678568,5-022.16,38.230911262524,-121.424896899325,1,33611,903,0,49.4,1,106
wallace,683304,5-022.16,38.2039682304699,-120.960928569902,0,101745,721,0,5.1,0,106
wilton,685880,5-022.16,38.4129810028114,-121.21272427561,0,107411,5224,0,25.5,1,106
ceres,612524,5-022.03,37.5952451502431,-120.961949132431,1,59247,48355,1,62.3,1,110
hughson,634904,5-022.03,37.6021404618553,-120.866017624837,0,83231,7545,1,35,1,110
livingston,642006,5-022.03,37.3874936868125,-120.724882829753,1,58884,14392,1,74.5,1,110
turlock,680812,5-022.03,37.5052897265935,-120.858769831961,1,60799,72715,1,40.1,1,110
waterford,683612,5-022.03,37.6428676068793,-120.755344159116,1,59938,8884,1,42.5,1,110
modesto,648354,5-022.03,37.6375227257709,-121.002785994233,1,62182,214485,1,40.7,1,110
ballico,603708,5-022.03,37.4519218150828,-120.703719968538,0,116125,508,0,39.8,1,110
bret_harte,608172,5-022.03,37.6020827632036,-121.004392990651,1,33250,5020,0,88.6,0,110
bystrom,609353,5-022.03,37.6197857977852,-120.981421118612,1,34796,3763,0,76.4,0,110
cowan,616762,5-022.03,37.5601101859681,-120.988800374014,0,66082,472,0,57.2,0,110
cressey,617078,5-022.03,37.4210348432911,-120.655701937107,0,65536,243,0,47.3,0,110
delhi,618464,5-022.03,37.4306043147348,-120.775913070754,0,63475,11837,0,73.5,1,110
denair,618856,5-022.03,37.5254029634076,-120.797445455042,0,83304,5702,0,43.3,1,110
hickman,633504,5-022.03,37.619321474903,-120.751231605626,0,74063,751,0,35.2,1,110
hilmar-irwin,633861,5-022.03,37.4045482756617,-120.850438887167,0,72054,5937,0,34,0,110
keyes,638422,5-022.03,37.5573133113404,-120.911388361329,1,46250,5691,0,75.3,1,110
la_grange,639164,5-022.03,37.6634607991944,-120.463160174301,1,16875,143,0,28,1,110
monterey_park_tract,648916,5-022.03,37.5268186053902,-121.011500049254,1,NA,293,0,87,0,110
parklawn,655728,5-022.03,37.6070960333015,-120.980398500527,0,63764,1844,0,95.8,0,110
riverdale_park,661106,5-022.03,37.6029078006667,-121.042470864608,1,NA,1393,0,85.4,1,110
snelling,672408,5-022.03,37.5216498165461,-120.43846349582,1,41458,115,0,34.8,1,110
west_modesto,684578,5-022.03,37.6178086497288,-121.034567774453,1,43864,5557,0,70.8,0,110
west_sacramento,684816,5-021.65,38.5556745235672,-121.55045229794,0,73979,53574,1,32.6,1,111
folsom,624638,5-021.65,38.666757495129,-121.142170612898,0,118006,79584,1,15.7,1,111
rancho_cordova,659444,5-021.65,38.5736751189608,-121.25274868924,0,69963,74394,1,20.7,1,111
elk_grove,622020,5-021.65,38.4160548487211,-121.384165773968,0,101776,173370,1,19,1,111
sacramento,664000,5-021.65,38.5676684919918,-121.468542972562,0,65847,503482,1,28.3,1,111
arden-arcade,602553,5-021.65,38.6017272713516,-121.384503268037,1,52694,93719,0,20.7,0,111
carmichael,611390,5-021.65,38.6318385158866,-121.326301368329,0,68227,75642,0,14.5,1,111
courtland,616714,5-021.65,38.332915965573,-121.55703842186,1,59302,473,0,44,1,111
el_dorado_hills,621880,5-021.65,38.6750118774071,-121.048967983521,0,132130,47107,0,8.1,0,111
fair_oaks,623294,5-021.65,38.6504174151697,-121.24967298232,0,89217,30882,0,13.6,1,111
florin,624498,5-021.65,38.4832157942309,-121.404284968456,1,47125,48839,0,29.2,1,111
franklin,625506,5-021.65,38.3675269214524,-121.461641985644,1,NA,26,0,0,0,111
freeport,625590,5-021.65,38.4629406286057,-121.502120308104,1,NA,70,0,0,1,111
fruitridge_pocket,627130,5-021.65,38.5326181427796,-121.455819779114,1,31188,5771,0,37,0,111
gold_river,630345,5-021.65,38.626779458731,-121.248749632853,0,131164,7930,0,6,0,111
hood,634484,5-021.65,38.3692965318756,-121.515501268031,1,58571,289,0,85.5,0,111
la_riviera,640410,5-021.65,38.5682514986556,-121.354446833039,0,70855,11570,0,20.4,0,111
lemon_hill,641142,5-021.65,38.5172366498968,-121.457292155631,1,41534,15104,0,45.3,0,111
mather,646226,5-021.65,38.548838621723,-121.283167277906,0,99643,4304,0,11.4,1,111
orangevale,654092,5-021.65,38.6880997563345,-121.220881779071,0,78071,35030,0,13.5,0,111
parkway,655800,5-021.65,38.4992984918756,-121.452025590089,1,50293,16282,0,42.9,1,111
rancho_murieta,659506,5-021.65,38.5085376595925,-121.071598823363,0,111827,5682,0,15.5,1,111
rosemont,662910,5-021.65,38.5477339103843,-121.355384629127,0,73166,23755,0,20.9,1,111
vineyard,682852,5-021.65,38.4740374229257,-121.324007589181,0,92045,39800,0,20.5,1,111
walnut_grove,683374,5-021.65,38.2477760747545,-121.527981887815,0,73984,1288,0,41.8,1,111
wilton,685880,5-021.65,38.4129810028114,-121.21272427561,0,107411,5224,0,25.5,1,111
yuba_city,686972,5-021.62,39.135718773915,-121.638353165297,1,60910,66660,1,29.8,1,112
marysville,646170,5-021.62,39.1517838023258,-121.583504569351,1,47128,12467,1,31.1,0,112
live_oak,641936,5-021.62,39.278808481504,-121.662451914242,1,57551,8794,1,49.5,1,112
meridian,646926,5-021.62,39.1404438713086,-121.907913579319,1,45625,278,0,22.3,0,112
plumas_lake,657829,5-021.62,38.9844588460191,-121.563428198971,0,103832,7687,0,27.3,0,112
robbins,662168,5-021.62,38.8669871796002,-121.705634144613,0,70417,428,0,65.2,1,112
sutter,677378,5-021.62,39.1556017490938,-121.749276886048,0,79625,2789,0,15.5,1,112
elkhorn,622034,3-004.09,36.8102936419184,-121.72113794275,0,96250,998,0,30.6,0,113
prunedale,658870,3-004.09,36.8063558663184,-121.655523727634,0,94179,20560,0,52.2,1,113
gonzales,630392,3-004.02,36.5055504442516,-121.442767205752,0,69136,8348,1,92.2,1,114
salinas,664224,3-004.02,36.6882927895698,-121.631684522537,0,67914,156177,1,79.2,1,114
chualar,613364,3-004.02,36.5711178645506,-121.510308241535,1,52031,1413,0,98.4,1,114
prunedale,658870,3-004.02,36.8063558663184,-121.655523727634,0,94179,20560,0,52.2,0,114
king_city,638520,3-004.05,36.2163677648127,-121.132893740616,1,50174,13845,1,87.6,1,115
bradley,607974,3-004.05,35.8628447181645,-120.80428039701,0,71250,99,0,24.2,0,115
pine_canyon,657070,3-004.05,36.1757019710357,-121.149828131879,0,91406,2939,0,57.8,0,115
san_ardo,664476,3-004.05,36.0237042155623,-120.907319804746,0,63036,628,0,88.9,1,115
san_lucas,668140,3-004.05,36.128354140476,-121.02174469077,1,58750,415,0,86.7,1,115
gonzales,630392,3-004.04,36.5055504442516,-121.442767205752,0,69136,8348,1,92.2,1,116
greenfield,630994,3-004.04,36.3243735141088,-121.242915481622,0,64879,17565,1,91.9,1,116
soledad,672520,3-004.04,36.4431048439716,-121.34259777375,0,66234,25667,1,75,1,116
davis,618100,5-021.66,38.5552809036799,-121.737062948326,0,75394,68640,1,13.1,1,117
winters,686034,5-021.66,38.5319847132664,-121.978153788143,0,92538,7285,1,47.7,0,117
fairfield,623182,5-021.66,38.2582900476929,-122.033469991261,0,86204,116544,1,29.8,1,117
vacaville,681554,5-021.66,38.3586840679284,-121.967349536011,0,93291,99958,1,24.4,1,117
isleton,636882,5-021.66,38.1617168067022,-121.605272140529,1,34500,495,1,40.2,1,117
antioch,602252,5-021.66,37.9786962203167,-121.796003377144,0,80234,111468,1,34.5,0,117
dixon,619402,5-021.66,38.4469206042169,-121.824992936599,0,79465,20106,1,41.3,1,117
rio_vista,660984,5-021.66,38.1764890307555,-121.702438643356,0,69883,9407,1,16.9,1,117
allendale,600996,5-021.66,38.4426638933253,-121.981424407009,0,103611,1429,0,4,1,117
elmira,622146,5-021.66,38.3523337652309,-121.907732299637,1,62010,234,0,22.6,1,117
hartley,632340,5-021.66,38.4202751703695,-121.952235918812,0,123173,2655,0,17.7,0,117
university_of_california-davis,681302,5-021.66,38.5377088909975,-121.757912750551,1,21230,9031,0,19.5,0,117
walnut_grove,683374,5-021.66,38.2477760747545,-121.527981887815,0,73984,1288,0,41.8,1,117
san_luis_obispo,668154,3-009,35.2669063405062,-120.669028438293,1,58546,47402,1,18.8,1,118
california_polytechnic_state_university,609835,3-009,35.3053359768615,-120.665540503255,0,166500,7713,0,15.1,1,118
edna,621565,3-009,35.2107907112177,-120.605980130931,0,137568,408,0,0,1,118
los_ranchos,644242,3-009,35.2104280287012,-120.629511335816,0,198056,1675,0,16.5,0,118
lake_elsinore,639486,8-004.01,33.6846847836204,-117.334458461852,0,74490,64201,1,51,1,119
wildomar,685446,8-004.01,33.6173071268773,-117.258240892542,0,76791,36091,1,40,1,119
canyon_lake,610928,8-004.01,33.6884791106416,-117.262092559987,0,107868,11237,1,12.3,0,119
lakeland_village,639598,8-004.01,33.6479494380474,-117.370606084795,1,59440,12362,0,61.8,0,119
temescal_valley,678138,8-004.01,33.7580632082597,-117.467695037526,0,102179,28420,0,35.2,0,119
warm_springs,683460,8-004.01,33.7066857785504,-117.334265364381,1,51972,1445,0,56.5,1,119
brentwood,608142,5-022.19,37.935585567085,-121.71898136605,0,113298,63013,1,24.1,1,120
antioch,602252,5-022.19,37.9786962203167,-121.796003377144,0,80234,111468,1,34.5,1,120
pittsburg,657456,5-022.19,38.0182035577722,-121.89646749641,0,83163,71723,1,43.3,1,120
oakley,653070,5-022.19,37.992952861995,-121.695169462713,0,103552,41656,1,32.6,1,120
bethel_island,606210,5-022.19,38.0288842187743,-121.640381065713,1,62019,2015,0,30.7,1,120
byron,609346,5-022.19,37.8756498625609,-121.642136694586,0,79750,2057,0,34,1,120
discovery_bay,619339,5-022.19,37.9062859288002,-121.599012418592,0,129004,15904,0,16.7,0,120
knightsen,638772,5-022.19,37.9632760221384,-121.651098864239,0,116979,1100,0,35.5,1,120
banning,603820,7-021.04,33.9460430098348,-116.899247861973,1,43442,30276,1,47,1,121
cabazon,609360,7-021.04,33.9127273144736,-116.782839590161,1,44615,2271,0,45,1,121
cherry_valley,612916,7-021.04,33.9796847078851,-116.969417571118,0,70471,8026,0,22.6,0,121
whitewater,685208,7-021.04,33.9355925571045,-116.687223950839,1,46875,1166,0,49.7,0,121
stockton,675000,5-022.15,37.9765193666096,-121.310931427352,1,58393,311103,1,43.5,1,122
lathrop,640704,5-022.15,37.809006737559,-121.313138673064,0,90179,23863,1,40.1,1,122
manteca,645484,5-022.15,37.7927484820427,-121.226377039475,0,76846,81078,1,40.4,1,122
tracy,680238,5-022.15,37.726896273394,-121.452295492695,0,95741,91462,1,42.1,1,122
discovery_bay,619339,5-022.15,37.9062859288002,-121.599012418592,0,129004,15904,0,16.7,0,122
french_camp,626028,5-022.15,37.8802693994692,-121.280322814553,1,53966,3641,0,62.3,0,122
mountain_house,649582,5-022.15,37.7673082074198,-121.544947802749,0,161086,21387,0,13.2,1,122
stallion_springs,673868,5-022.18,35.0922419873576,-118.65864135561,0,64028,2996,0,21.6,1,123
napa,650258,2-002.01,38.2974815966497,-122.301086489989,0,85953,78294,1,39.9,1,124
st._helena,664140,2-002.01,38.5062717187916,-122.468176058629,0,103452,6049,1,20.6,0,124
calistoga,609892,2-002.01,38.5817997544004,-122.582434424021,0,70954,5346,1,40.1,1,124
yountville,686930,2-002.01,38.3963824433545,-122.367079238217,0,65519,3001,1,21.7,1,124
deer_park,618324,2-002.01,38.5360697958353,-122.467923822457,0,81607,772,0,12.2,0,124
oakville,653196,2-002.01,38.4383776319118,-122.406786159621,1,NA,74,0,100,1,124
rutherford,663400,2-002.01,38.4567902980801,-122.423149655418,0,100750,100,0,58,1,124
loyalton,644364,5-012.01,39.6768598261573,-120.24482422662,0,62969,1065,1,12.6,1,125
beckwourth,604772,5-012.01,39.8485369359018,-120.411060462078,0,101273,388,0,7.2,1,125
calpine,610004,5-012.01,39.6632990434996,-120.44355632414,0,90536,164,0,0,1,125
chilcoot-vinton,613077,5-012.01,39.806752693211,-120.138875252169,1,NA,340,0,0,0,125
sattley,670336,5-012.01,39.6265097461424,-120.435629927872,1,NA,73,0,0,1,125
sierra_brooks,671774,5-012.01,39.6425979795248,-120.215402028387,1,53804,441,0,10,1,125
sierraville,671848,5-012.01,39.5750491473958,-120.363799223691,1,NA,166,0,61.4,1,125
kelseyville,638044,5-015,38.9704736258461,-122.832774762628,1,42937,3657,0,51.3,1,127
marina,645778,3-004.10,36.6835280654275,-121.791663076874,0,73115,21966,1,28.2,0,128
seaside,670742,3-004.10,36.6224009213968,-121.820403978693,0,68399,34063,1,44.8,1,128
santa_monica,670000,4-011.01,34.0090918948734,-118.50260935893,0,98300,91600,1,16.1,1,129
beverly_hills,606308,4-011.01,34.0785672507931,-118.402129099184,0,101241,33709,1,6.1,1,129
los_angeles,644000,4-011.01,34.1071848940138,-118.411344401435,0,65290,3973278,1,48.1,1,129
culver_city,617568,4-011.01,34.0057905562716,-118.396840755618,0,97540,38913,1,20.2,1,129
ladera_heights,639108,4-011.01,33.9971867264519,-118.37401616321,0,100714,6419,0,6.4,1,129
marina_del_rey,645806,4-011.01,33.976497579481,-118.448610160842,0,120437,10065,0,7,1,129
ojai,653476,4-002,34.4487135659726,-119.247002568052,0,75653,7613,1,16.8,1,130
meiners_oaks,646702,4-002,34.4553540047938,-119.270177333654,0,90294,3697,0,15.6,0,130
santa_clarita,669088,4-004.07,34.4174981869695,-118.496409573579,0,100932,212519,1,34,1,131
castaic,611796,4-004.07,34.4817850717454,-118.631658586158,0,120574,18479,0,27.8,1,131
hasley_canyon,632385,4-004.07,34.4817814179602,-118.666591321957,0,104063,1433,0,19.3,0,131
stevenson_ranch,674130,4-004.07,34.3893912405488,-118.588352922919,0,136262,18980,0,19.6,1,131
val_verde,681967,4-004.07,34.4504277708606,-118.671796711902,0,92526,3261,0,66.1,1,131
rohnert_park,662546,2-001,38.3479407770271,-122.696452717905,0,77831,42559,1,27.1,1,132
petaluma,656784,2-001,38.2422847967867,-122.626628033867,0,92762,60865,1,21.7,1,132
black_point-green_point,606982,2-001,38.112030808152,-122.519074202355,0,204231,1738,0,6.2,0,132
penngrove,656476,2-001,38.3006236097343,-122.670653408436,0,83289,2368,0,26.2,1,132
atascadero,603064,3-004.11,35.4826960893255,-120.685740210841,0,79620,30444,1,19.6,1,133
el_paso_de_robles_(paso_robles),622300,3-004.11,35.6394546216364,-120.655989511187,0,69297,31480,1,34.1,0,133
garden_farms,628210,3-004.11,35.4157865708913,-120.614046800019,0,70809,418,0,19.4,0,133
santa_margarita,669182,3-004.11,35.3894313901348,-120.608170932356,1,NA,1025,0,9.5,1,133
templeton,678162,3-004.11,35.5560297128961,-120.718176743518,0,92083,7965,0,12.2,1,133
red_bluff,659892,5-021.54,40.173472273093,-122.241280926778,1,37326,14091,1,17.9,1,134
healdsburg,633056,1-055.01,38.6225338647076,-122.86514766311,0,89239,11924,1,26,1,136
windsor,685922,1-055.01,38.5422882690375,-122.808815566188,0,117533,27635,1,33.4,1,136
cotati,616560,1-055.01,38.3278849001616,-122.709185683008,0,86982,7487,1,22.3,1,136
rohnert_park,662546,1-055.01,38.3479407770271,-122.696452717905,0,77831,42559,1,27.1,1,136
sebastopol,670770,1-055.01,38.400008137279,-122.827600135758,0,83856,7664,1,12.7,1,136
santa_rosa,670098,1-055.01,38.4457995045699,-122.706728611893,0,80472,178391,1,32.7,1,136
fulton,628014,1-055.01,38.4937142829475,-122.773430163812,1,NA,413,0,50.4,0,136
larkfield-wikiup,640426,1-055.01,38.5129773415229,-122.753615132947,0,82628,8080,0,32.4,0,136
sonoma_state_university,672654,1-055.01,38.340569826868,-122.672897341001,1,NA,1407,0,37.2,1,136
cottonwood,616630,5-006.01,40.3902920730631,-122.315643880124,0,65335,5435,0,10.4,1,137
lake_california,639460,5-006.01,40.3607880485133,-122.210291953238,0,74091,3276,0,18.1,0,137
big_bear_lake,606434,8-009,34.2429009562724,-116.895277467677,1,54896,5302,1,31.4,0,138
big_bear_city,606406,8-009,34.2536336742207,-116.790326415407,1,50069,12621,0,23.7,1,138
los_molinos,644140,5-021.56,40.0270076202421,-122.09812756408,1,42656,1924,0,41.6,1,139
vina,682786,5-021.56,39.9341854326743,-122.051719641903,1,NA,212,0,17.9,1,139
red_bluff,659892,5-021.50,40.173472273093,-122.241280926778,1,37326,14091,1,17.9,1,140
tehama,678106,5-021.50,40.0217813356614,-122.126914293597,1,45625,503,1,26.8,1,140
bend,605276,5-021.50,40.2560227526388,-122.209590978751,1,NA,425,0,20.7,1,140
flournoy,624568,5-021.50,39.928342832847,-122.445804276255,1,58750,161,0,25.5,1,140
gerber,629392,5-021.50,40.0614226517617,-122.148214614136,1,NA,1084,0,67.2,1,140
las_flores,640536,5-021.50,40.0721461354131,-122.157325769615,1,61250,217,0,20.7,0,140
los_molinos,644140,5-021.50,40.0270076202421,-122.09812756408,1,42656,1924,0,41.6,1,140
proberta,658814,5-021.50,40.0761624950502,-122.177622167921,1,NA,36,0,33.3,1,140
rancho_tehama_reserve,659604,5-021.50,40.0010522780258,-122.441912515827,1,41875,1750,0,43.1,1,140
richfield,660592,5-021.50,39.973806446533,-122.173247211328,1,46250,341,0,49.6,0,140
chino_hills,613214,8-002.03,33.9508383666512,-117.725415016479,0,104661,82800,1,27.5,1,144
chino,613210,8-002.03,33.9836489268955,-117.665374358885,0,85659,89170,1,52.8,0,144
perris,656700,8-002.03,33.7898530269725,-117.223344915326,0,66926,77708,1,80.2,0,144
ontario,653896,8-002.03,34.0392830286767,-117.606427400599,0,67357,178194,1,70,0,144
eastvale,621230,8-002.03,33.9616984107859,-117.580277864489,0,127881,65766,1,40.1,0,144
fontana,624680,8-002.03,34.0967889249855,-117.459894688682,0,75681,212704,1,68.5,0,144
murrieta,650076,8-002.03,33.5719615424971,-117.190909959342,0,91654,114066,1,32.5,0,144
colton,614890,8-002.03,34.053764824157,-117.325449904843,1,56762,54215,1,73.1,0,144
riverside,662000,8-002.03,33.9381248368312,-117.394885878172,0,72738,327569,1,53.6,1,144
moreno_valley,649270,8-002.03,33.9244022771573,-117.20456985593,0,70385,208751,1,59.8,0,144
corona,616350,8-002.03,33.8616044672514,-117.564903086216,0,88434,168112,1,47.9,1,144
lake_elsinore,639486,8-002.03,33.6846847836204,-117.334458461852,0,74490,64201,1,51,0,144
norco,651560,8-002.03,33.92521962308,-117.549885648085,0,106370,27021,1,33.6,0,144
menifee,646842,8-002.03,33.6909555369087,-117.184909716,0,76824,92968,1,37.5,0,144
wildomar,685446,8-002.03,33.6173071268773,-117.258240892542,0,76791,36091,1,40,0,144
canyon_lake,610928,8-002.03,33.6884791106416,-117.262092559987,0,107868,11237,1,12.3,0,144
temecula,678120,8-002.03,33.4927752415749,-117.131469627787,0,98631,113117,1,30.1,0,144
jurupa_valley,637692,8-002.03,34.0010372032651,-117.470536321721,0,77787,106646,1,71.4,0,144
coronita,616420,8-002.03,33.8759139058622,-117.610981640979,0,104007,3968,0,57.9,0,144
el_cerrito,621810,8-002.03,33.8396037463927,-117.522247447229,0,100708,5269,0,49.6,0,144
el_sobrante,622457,8-002.03,33.8724688712813,-117.462529966126,0,130147,13096,0,27.3,0,144
good_hope,630410,8-002.03,33.770628599616,-117.27719263913,1,43722,8431,0,90.3,0,144
highgrove,633574,8-002.03,34.0105802863544,-117.309851373349,0,80897,6201,0,63.2,0,144
home_gardens,634302,8-002.03,33.8783563588789,-117.511561332044,0,67716,12027,0,72.9,0,144
lakeland_village,639598,8-002.03,33.6479494380474,-117.370606084795,1,59440,12362,0,61.8,0,144
lake_mathews,639645,8-002.03,33.8249713674986,-117.368351800835,0,103167,7389,0,33.9,0,144
march_arb,645680,8-002.03,33.8888669942868,-117.277668406223,0,76065,1236,0,23.9,0,144
meadowbrook,646520,8-002.03,33.7253200291004,-117.285129399285,1,49375,4208,0,68.4,0,144
mead_valley,646646,8-002.03,33.8333229921613,-117.285231660481,0,66708,20817,0,77.3,0,144
rainbow,659248,8-002.03,33.4098541688482,-117.139450342634,0,65694,2211,0,29.6,0,144
temescal_valley,678138,8-002.03,33.7580632082597,-117.467695037526,0,102179,28420,0,35.2,0,144
warm_springs,683460,8-002.03,33.7066857785504,-117.334265364381,1,51972,1445,0,56.5,0,144
woodcrest,686244,8-002.03,33.8789311856629,-117.368625939277,0,111571,18719,0,41.4,0,144
coalinga,614274,5-022.10,36.1421647841877,-120.32440300328,1,62420,17252,1,62,1,145
san_dimas,666070,4-013,34.1081918383774,-117.808999590994,0,90234,33812,1,33,1,149
pomona,658072,4-013,34.0584873511186,-117.762621026404,1,62407,151124,1,71.4,1,149
industry,636490,4-013,34.0174304270322,-117.926586473322,0,87727,264,1,61.4,0,149
diamond_bar,619192,4-013,33.9991670782619,-117.816132427434,0,100723,55870,1,18.4,0,149
bakersfield,603526,5-022.14,35.352937339995,-119.035931369141,0,65687,379879,1,51.1,1,150
arvin,602924,5-022.14,35.1943671537833,-118.830581131451,1,39750,21220,1,94,1,150
taft,677574,5-022.14,35.1267000455869,-119.424213810875,1,46980,9189,1,33.1,0,150
bear_valley_springs,604734,5-022.14,35.1739882166833,-118.653173454031,0,73194,5291,0,14,0,150
di_giorgio,619248,5-022.14,35.2491233155713,-118.844165946065,1,22125,398,0,100,0,150
east_niles,620903,5-022.14,35.3682775181489,-118.922474126562,1,41162,29885,0,79.1,1,150
edison,621544,5-022.14,35.3473180104765,-118.869838001147,1,NA,109,0,0,1,150
edmundson_acres,621558,5-022.14,35.2273009174611,-118.823264371707,1,60694,341,0,74.8,0,150
fuller_acres,627190,5-022.14,35.302258733709,-118.914307761814,1,34539,634,0,89.4,0,150
hillcrest,633689,5-022.14,35.3789751498768,-118.957865846769,1,50279,11801,0,76.8,0,150
keene,637946,5-022.14,35.2335764277207,-118.609899122882,0,89115,257,0,16,0,150
lamont,640088,5-022.14,35.2659347151446,-118.915958444831,1,42948,14724,0,93.8,1,150
mettler,647164,5-022.14,35.0635682968163,-118.972992370953,1,48750,115,0,95.7,1,150
potomac_park,658471,5-022.14,35.3635362395272,-118.965002760117,1,40129,10833,0,90.6,0,150
tarina,677934,5-022.14,35.3807050284952,-118.817100251721,1,NA,0,0,NA,0,150
weedpatch,683863,5-022.14,35.2368597591146,-118.912360767583,1,18943,2879,0,93.7,0,150
santa_barbara,669070,3-049,34.3998060924111,-119.713089904527,0,81618,90911,1,36.7,1,155
montecito,648844,3-049,34.4189226867765,-119.632908613157,0,181316,8210,0,10.4,1,155
summerland,675714,3-049,34.401748416255,-119.594795934263,0,108633,745,0,0,1,155
toro_canyon,679529,3-049,34.4221805045786,-119.558069606626,0,119286,1918,0,27.3,1,155
thousand_oaks,678582,4-007,34.1913557563779,-118.875586639351,0,108377,127648,1,17.8,1,156
santa_rosa_valley,670130,4-007,34.2459072467724,-118.901795196206,0,150417,2721,0,1.8,1,156
