"lat","lng","geoid","DAC","MHI","POP","incorporated"
40.420612797122,-120.613255926349,677364,1,47685,14922,1
33.838979099846,-117.857367683511,602000,0,76723,353085,1
33.6667067437496,-117.913512678831,616532,0,90370,112958,1
33.8170987643633,-118.038585198768,617750,0,102005,49137,1
33.8840716842604,-117.927895253213,628000,0,85471,141061,1
33.7787136536027,-117.960103205363,629000,0,73611,172800,1
33.5274996622477,-117.705015893206,639248,0,119608,65048,1
33.8038007333028,-117.821750576844,653980,0,96605,139322,1
33.8807111204621,-117.85532223613,657526,0,100707,52049,1
33.5008959631491,-117.654401143662,668028,0,103922,35976,1
33.736660107343,-117.881864791868,669000,0,72406,332610,1
33.7522978455382,-117.993891197723,684550,0,67142,90857,1
33.8890113196043,-117.771313612443,686832,0,133088,68103,1
39.1497745264897,-122.138965185661,685586,0,72778,5284,1
39.205793651222,-122.012432644725,614946,1,54605,6111,1
37.7912710694715,-120.998181275488,622790,0,64844,7553,1
37.7417028420999,-121.131009761479,661026,0,89110,16049,1
37.9765193666096,-121.310931427352,675000,1,58393,311103,1
34.5352061081983,-117.210910622808,602364,1,54929,73339,1
34.1415993231039,-117.294390011437,665000,1,49287,216784,1
34.3975637276789,-117.314692258255,633434,1,54149,95163,1
34.3544907492206,-119.065539622326,670042,1,62241,30297,1
40.5697665811848,-122.365038948495,659920,1,56098,92025,1
40.6789741082963,-122.37751780234,671225,1,48257,10235,1
34.5277304437857,-117.353631813071,682590,1,55155,122958,1
33.9508383666512,-117.725415016479,613214,0,104661,82800,1
34.1113000322844,-117.165059808624,633588,0,62956,55339,1
33.9836489268955,-117.665374358885,613210,0,85659,89170,1
35.352937339995,-119.035931369141,603526,0,65687,379879,1
33.6218521093988,-114.619530664965,607218,1,44563,19747,1
33.7346278732552,-116.234608422502,636448,1,53434,89996,1
33.7898530269725,-117.223344915326,656700,0,66926,77708,1
35.1943671537833,-118.830581131451,602924,1,39750,21220,1
35.6307186015958,-117.662169251771,660704,0,71774,28905,1
35.1276321516612,-118.474381129358,678092,1,47039,12718,1
37.935585567085,-121.71898136605,608142,0,113298,63013,1
37.5173986448735,-122.211351817648,660102,0,123294,84518,1
37.9818076311353,-122.507297771803,668364,0,97009,59178,1
36.5528857981535,-121.921931491139,611250,0,101696,3789,1
36.5913357477584,-121.828964781867,618688,0,101458,1518,1
36.2040364372001,-120.09620193842,636084,1,31429,7084,1
36.5055504442516,-121.442767205752,630392,0,69136,8348,1
36.3243735141088,-121.242915481622,630994,0,64879,17565,1
40.173472273093,-122.241280926778,659892,1,37326,14091,1
38.5552809036799,-121.737062948326,618100,0,75394,68640,1
38.5556745235672,-121.55045229794,684816,0,73979,53574,1
38.5319847132664,-121.978153788143,686034,0,92538,7285,1
38.6711639745257,-121.750060351917,686328,0,71477,59759,1
38.2582900476929,-122.033469991261,623182,0,86204,116544,1
38.3586840679284,-121.967349536011,681554,0,93291,99958,1
41.964391554001,-121.920564087437,619584,1,33194,867,1
41.320697670767,-122.315053040637,649852,1,43135,3250,1
39.1462740956202,-123.210466791516,681134,1,55177,15963,1
39.0391980378128,-122.921808562736,639710,1,49908,4947,1
32.6421607188428,-117.165996219854,616378,0,108992,24526,1
33.134754492126,-117.072255914059,622804,0,65326,150396,1
32.5691195849168,-117.1182826199,636294,1,59795,27334,1
35.766162858311,-119.263541614098,618394,1,47042,52821,1
35.6781340240423,-119.241402605531,644826,1,36586,13244,1
35.0515728464132,-119.405809190092,645736,1,40208,2157,1
36.6835280654275,-121.791663076874,645778,0,73115,21966,1
36.6275806147614,-121.858948221894,665112,1,57000,320,1
36.6224009213968,-121.820403978693,670742,0,68399,34063,1
36.4431048439716,-121.34259777375,672520,0,66234,25667,1
39.0938051691946,-120.953235018364,614498,1,62295,2258,1
40.4496682013476,-122.295041637276,602042,1,41069,10479,1
41.7292609215683,-122.631161862498,686944,1,41276,7589,1
37.6272678723012,-118.989956263595,645358,0,68784,8263,1
37.7695559864872,-122.224522319926,653000,0,80143,422575,1
33.8374111434452,-118.255944453985,611530,0,86040,91354,1
32.7330761131359,-117.034424973056,641124,0,66953,26739,1
32.6281234849218,-117.014422967987,613392,0,86132,268779,1
32.8168228236183,-117.133414491291,666000,0,83454,1414545,1
35.4794232037119,-119.201306584552,671106,1,47433,19743,1
35.5937877969933,-119.367114452987,683542,1,39291,27553,1
37.8581478683255,-122.491606500091,670364,0,120920,7177,1
37.8807945853611,-122.179086962154,654232,0,231230,19461,1
38.0105641952612,-122.31969674906,657288,0,104904,19343,1
37.9517728704384,-122.360278522972,660620,0,72463,110051,1
37.9628665908213,-122.342595225201,668294,1,60819,30959,1
37.8919109564266,-122.118910984252,639122,0,188140,25949,1
34.0450450469423,-117.249820569551,642370,1,56021,24239,1
34.0714989309201,-117.698091102362,648788,0,63245,40041,1
34.8164122578018,-114.618883662204,650734,1,33265,4959,1
34.1535673913018,-117.968384110039,607946,0,181875,825,1
34.0392830286767,-117.606427400599,653896,0,67357,178194,1
38.6225338647076,-122.86514766311,633056,0,89239,11924,1
38.5422882690375,-122.808815566188,685922,0,117533,27635,1
39.4397343585387,-123.801543466533,625058,1,41917,7279,1
36.7248624904021,-120.062441590358,638226,1,61599,14920,1
37.3665394586211,-118.395848935354,606798,0,64949,3747,1
32.8016773378249,-116.960482108722,621712,1,56367,103249,1
33.0487853986028,-117.262174492093,622678,0,120488,62967,1
32.7703327560401,-117.020438726271,640004,0,71287,60208,1
33.2246494351297,-117.308435360806,653322,0,75411,175694,1
32.9871547761323,-117.020126163966,658520,0,115332,49780,1
33.1349772298553,-117.174285350953,668196,0,86408,96219,1
37.7557807583702,-122.274288997181,600562,0,106737,79827,1
37.8846485235306,-122.329061447265,600674,0,103132,20145,1
37.8663969701315,-122.298923219055,606000,0,91259,123065,1
37.7161371543464,-121.896238213733,620018,0,152745,63856,1
37.8387490896738,-122.299399317819,622594,0,104063,11679,1
33.1896077325917,-117.238563402838,682996,0,73163,100659,1
37.5201026287824,-122.030738686722,650916,0,127619,48148,1
37.7047560985295,-122.163055618839,668084,0,86604,90489,1
37.603189287288,-122.018067158498,681204,0,120772,75067,1
37.5247185701624,-121.995274164091,626000,0,142374,234829,1
38.2974815966497,-122.301086489989,650258,0,85953,78294,1
38.5062717187916,-122.468176058629,664140,0,103452,6049,1
36.2163677648127,-121.132893740616,638520,1,50174,13845,1
36.412235468865,-119.100093872137,686300,1,44483,7708,1
34.1478240056217,-116.065974667378,680994,1,42959,26748,1
34.1178275047444,-117.660410227541,681344,0,76259,77348,1
34.0335749671403,-117.042932276431,687042,0,73196,54358,1
34.1233570277188,-116.421566698701,687056,1,47901,21701,1
39.755816939992,-121.606330211755,655520,1,49275,17560,1
36.08406793429,-119.561285963915,616224,1,42997,22078,1
34.5814008078454,-117.439703377933,600296,1,49493,34238,1
34.051197596938,-117.171197343802,659962,0,81265,71680,1
33.1246487779662,-117.283600102314,611194,0,112933,114411,1
32.6654355586763,-117.098316789306,650398,1,49176,61342,1
32.8554329718497,-116.985155935291,670224,0,85826,57407,1
35.1577790317165,-117.872083994007,609780,1,47575,14001,1
35.1267000455869,-119.424213810875,677574,1,46980,9189,1
33.9616984107859,-117.580277864489,621230,0,127881,65766,1
34.2429009562724,-116.895277467677,606434,1,54896,5302,1
34.0967889249855,-117.459894688682,624680,0,75681,212704,1
34.1174339663126,-117.389234653944,660466,0,65538,103549,1
32.9941481409529,-117.257913515788,672506,0,106904,13301,1
33.5719615424971,-117.190909959342,650076,0,91654,114066,1
38.382705530069,-120.810612979395,677392,1,50968,2638,1
35.4826960893255,-120.685740210841,603064,0,79620,30444,1
35.1204419300774,-120.619897913545,631393,0,66408,13481,1
35.1428465516259,-120.673682037868,657414,0,90837,8042,1
35.1241543144192,-120.584545297368,602868,0,88068,17924,1
38.9392907717546,-119.982731706967,673108,1,52871,22535,1
36.8278305389562,-119.683043827395,614218,0,84119,112663,1
36.7830265926428,-119.793854519767,627000,1,53368,526147,1
38.9589457151333,-122.63309119764,613945,1,36339,15329,1
38.0706944311531,-120.550150157452,602112,1,51451,3889,1
41.4897636222955,-120.551566104545,601444,1,40921,2550,1
39.135718773915,-121.638353165297,686972,1,60910,66660,1
38.666757495129,-121.142170612898,624638,0,118006,79584,1
38.1617168067022,-121.605272140529,636882,1,34500,495,1
38.5736751189608,-121.25274868924,659444,0,69963,74394,1
36.6012906371209,-121.883026892599,648872,0,80908,28575,1
38.1796430461813,-122.258371457981,601640,0,108884,20256,1
38.5817997544004,-122.582434424021,609892,0,70954,5346,1
38.3963824433545,-122.367079238217,686930,0,65519,3001,1
34.6152955179111,-120.194430741046,608758,0,105694,5276,1
37.9786962203167,-121.796003377144,602252,0,80234,111468,1
37.972193597685,-122.00162327186,616000,0,92706,129227,1
37.8121458456984,-121.969842599014,617988,0,167827,44933,1
37.9985124357474,-122.11606438365,646114,0,109994,38397,1
38.0182035577722,-121.89646749641,657456,0,83163,71723,1
37.9540141814389,-122.075908136512,657764,0,125573,34903,1
37.7624530148481,-121.93648882425,668378,0,167345,81344,1
37.9024367599998,-122.039861988412,683346,0,108689,69836,1
34.3774086281229,-119.513598048493,611446,0,74868,13449,1
34.960859477869,-120.57336554264,631414,1,55511,7654,1
36.5453297429361,-119.398711474628,619318,1,46163,24455,1
36.2940779195501,-119.145965743963,623126,1,48605,10433,1
36.3050061990017,-119.208316137003,623616,1,44286,10842,1
36.2081966151817,-119.089715610585,641712,1,37073,12793,1
36.6882927895698,-121.631684522537,664224,0,67914,156177,1
34.1510101064137,-118.760893750869,600394,0,126956,20269,1
33.8675963798082,-118.08064619747,602896,0,74375,16456,1
37.433583920211,-121.892120933724,647766,0,137000,75182,1
32.9634233468022,-117.262498542417,618506,0,161705,4331,1
39.4101920713425,-121.713334051798,606560,0,64107,2648,1
39.3622339773172,-121.697093032181,631260,1,50842,7154,1
33.3540438193984,-118.315325067463,603274,0,78529,3738,1
33.8880416743884,-118.127125219415,604982,0,63848,76339,1
33.9663260482356,-118.155030012243,604996,1,45289,41770,1
34.1258979549451,-117.715343993834,613756,0,101080,35610,1
33.996296632051,-118.151894154895,614974,1,54639,12738,1
33.9631348655077,-118.183139500491,617498,1,46279,23606,1
34.0739245503094,-118.029094742444,622230,1,53874,113917,1
34.5935186414125,-120.14017744179,672576,0,82838,5644,1
34.4360075759613,-119.85972285935,630378,0,98035,32142,1
34.6617990360341,-120.471398442744,642524,1,57071,42753,1
34.3998060924111,-119.713089904527,669070,0,81618,90911,1
34.9334341378665,-120.443340637676,669196,0,67634,105528,1
39.6768598261573,-120.24482422662,644364,0,62969,1065,1
32.9783601624468,-115.528681858137,608058,1,46177,25942,1
33.9113179456092,-118.430997603546,622412,0,115846,16575,1
33.8303440354683,-118.072836393079,632506,1,61422,14212,1
33.858974371915,-118.419547990639,633364,0,142500,19147,1
34.16374923021,-118.661222208197,633518,0,250001,2218,1
39.2237754926786,-121.052175178563,630798,1,42477,12817,1
34.1596854332999,-118.138885210396,656000,0,85129,142017,1
33.5966399711955,-117.893294401023,651182,0,133849,86694,1
34.0090918948734,-118.50260935893,670000,0,98300,91600,1
32.6849367277855,-115.494367731864,609710,1,42732,39841,1
32.7865141921763,-115.559520287682,621782,1,47366,43881,1
32.8129370562593,-115.378079699671,634246,1,43765,6129,1
32.8390102563339,-115.57203798438,636280,0,82133,18631,1
33.0389269593676,-115.622325257707,684606,1,31324,2680,1
38.6948166899436,-121.287964527178,613588,0,65867,87665,1
38.4160548487211,-121.384165773968,622020,0,101776,173370,1
38.2697804764248,-121.300436065716,628112,0,73969,26235,1
38.5676684919918,-121.468542972562,664000,0,65847,503482,1
36.8556087754105,-121.398614914697,634120,0,80670,40100,1
33.867747337585,-118.068614926235,612552,0,109229,49388,1
34.0903054295549,-117.881816928803,616742,0,77913,47787,1
33.7933113451155,-118.317467136289,642468,0,76090,20212,1
33.885350186081,-118.424126455993,645400,0,153926,35064,1
33.9885522730864,-118.187720174683,646492,1,50996,27127,1
34.1651169808147,-117.992121756262,648648,0,81990,37636,1
34.1081918383774,-117.808999590994,666070,0,90234,33812,1
35.6394546216364,-120.655989511187,622300,0,69297,31480,1
35.3662528298756,-120.866247516634,649362,0,73864,10592,1
35.2669063405062,-120.669028438293,668154,1,58546,47402,1
37.992952861995,-121.695169462713,653070,0,103552,41656,1
36.1421647841877,-120.32440300328,614274,1,62420,17252,1
36.8534107302968,-120.45359972859,624134,1,36411,7772,1
36.6243826843464,-119.673757491902,625436,1,59663,6366,1
36.5244572945441,-119.560217630901,638562,0,73281,12116,1
38.4190000302923,-120.823272870661,601514,1,55833,153,1
38.3613124683075,-120.942237377192,636672,0,65481,7861,1
38.3484909802284,-120.77283478584,636980,1,55485,4844,1
38.4776279696767,-120.858453610415,657834,0,71750,1031,1
36.755533412256,-120.37761370134,646828,1,36376,12173,1
36.621150370559,-119.318761402718,654008,1,25587,10120,1
36.6086976247297,-119.543378795976,655856,1,37434,15645,1
36.5987728310579,-119.447054470593,660242,1,45850,25710,1
36.6989739126683,-119.557498530351,667056,1,52349,26744,1
36.5715545546459,-119.614282054764,670882,1,42059,24405,1
36.9206630368345,-121.770730713149,683668,1,61496,52398,1
36.9733856736351,-122.035545021017,669112,0,86618,65011,1
34.2886573611218,-118.436254522703,666140,1,60655,24244,1
38.7961242638505,-123.015065209546,614190,0,80896,8854,1
38.3278849001616,-122.709185683008,616560,0,86982,7487,1
34.2675306949799,-119.254295812697,665042,0,79986,108467,1
34.1449334999543,-117.846764518473,630014,0,99153,51087,1
33.9146729033202,-118.347701596579,632548,1,57849,85410,1
33.9565800560064,-118.344456538272,636546,1,58536,109309,1
34.2096859010848,-118.200173410843,639003,0,170299,20078,1
33.9025109872065,-118.009308159792,640032,0,92493,48260,1
34.5944382502186,-118.105716323987,655156,0,65444,153240,1
33.7835749778266,-118.437239369163,655380,0,197826,13359,1
33.7600213185708,-118.347175934067,662602,0,250000,1439,1
34.4174981869695,-118.496409573579,669088,0,100932,212519,1
33.9330120238165,-118.062512678212,669154,0,69922,17643,1
34.0018993024505,-118.210585607097,682422,1,59250,248,1
34.0334339344369,-117.859333536993,683332,0,108264,29764,1
34.1687177846196,-118.050353382995,671806,0,106719,10829,1
34.1102710698794,-118.157313536944,673220,0,109927,25478,1
34.1374965154898,-118.668842872411,609598,0,136138,23842,1
33.7783503928705,-118.350929828309,662644,0,149632,8025,1
38.0725033962221,-122.152556156073,605290,0,106989,28158,1
38.4469206042169,-121.824992936599,619402,0,79465,20106,1
38.1764890307555,-121.702438643356,660984,0,69883,9407,1
33.9239639415362,-118.201668267488,644574,1,57063,69625,1
38.2472718660438,-122.009149896175,675630,0,82325,29459,1
34.2861422580999,-118.876827514648,649138,0,119597,36443,1
38.3479407770271,-122.696452717905,662546,0,77831,42559,1
38.400008137279,-122.827600135758,670770,0,83856,7664,1
38.2903366547537,-122.45984463751,672646,0,85509,11082,1
34.2229965651904,-119.032168060026,610046,0,98039,68583,1
34.3989628449438,-118.917471871994,624092,0,74211,15631,1
34.2005417596339,-119.214264389803,654652,0,77050,207722,1
37.2304463210911,-121.956223974046,644112,0,156270,31943,1
37.0045864566421,-121.585415376758,629504,0,107729,55227,1
37.2683311365231,-122.026234056033,670280,0,201046,31084,1
41.2316322604474,-122.271509513897,620242,1,39821,1870,1
41.4582049782385,-122.894493930383,622972,1,54712,755,1
41.6084575601206,-122.841078664011,625128,1,29866,578,1
41.7275485729422,-122.530334559835,648690,1,50742,1519,1
41.4127643269636,-122.38163621804,683850,1,26750,2662,1
34.082864599147,-117.972138137538,603666,0,68741,75659,1
34.0785672507931,-118.402129099184,606308,0,101241,33709,1
34.1819319018232,-118.246813945112,630000,0,70596,199357,1
34.0323051120965,-117.953377850064,640340,0,66132,39780,1
34.1071848940138,-118.411344401435,644000,0,65290,3973278,1
33.8976355579107,-118.165130095261,655618,1,57313,53949,1
34.1021632629283,-118.057980135054,678148,0,84442,35699,1
34.1247422086067,-117.566712457829,659451,0,92290,178060,1
37.2801933692801,-121.953831787948,610345,0,122644,42891,1
37.3168251551923,-122.046574946602,617610,0,182857,59799,1
37.3669310936844,-122.138778654068,643294,0,250001,8496,1
37.240414594603,-121.988236186242,648956,0,250001,3511,1
37.3951345735792,-122.142972394613,655282,0,174003,67973,1
37.3014356395906,-121.848306487507,668000,0,117324,1029409,1
34.1612112751612,-119.203705417244,658296,0,64604,21979,1
39.1517838023258,-121.583504569351,646170,1,47128,12467,1
34.8660521569881,-117.047117775299,604030,1,42912,23547,1
34.053764824157,-117.325449904843,614890,1,56762,54215,1
34.0311599680511,-117.313194350526,630658,0,70200,12559,1
41.953299122923,-121.475234283835,680686,1,32039,839,1
38.8773921917829,-121.293741290964,641474,0,88991,48150,1
38.8093764054396,-121.195482749487,643140,0,68809,6802,1
37.6255644205399,-122.431411162037,665028,0,113103,44663,1
38.912318458273,-123.695607217104,657876,1,48750,407,1
39.4046392381098,-123.34938811808,685600,1,33007,4895,1
37.9255863157184,-122.507556943226,616462,0,153101,9793,1
37.9638253896164,-122.561627175125,662980,0,220714,2453,1
37.9821229910507,-122.569934606376,664434,0,146179,12623,1
37.9085345597659,-122.542144469533,647710,0,170946,14456,1
37.8878586128099,-122.454342335593,678666,0,178125,9167,1
37.4540103675133,-122.203127927218,603092,0,250001,7060,1
37.689810247046,-122.339689725498,608310,0,114583,4645,1
37.6767020028928,-122.452834701832,614736,0,118750,1492,1
37.4671667843816,-122.13469400776,620956,0,83511,29448,1
37.5791467725862,-122.238750460413,625338,0,163322,33056,1
37.4685270131436,-122.438091756457,631708,0,131233,12583,1
37.5572295628046,-122.358577604905,633798,0,250001,11608,1
37.59941197468,-122.402005499238,647486,0,126319,22998,1
37.6112228121848,-122.478112595478,654806,0,130466,38663,1
37.870528852052,-122.470205888982,605164,0,247768,2246,1
37.5952451502431,-120.961949132431,612524,1,59247,48355,1
37.6021404618553,-120.866017624837,634904,0,83231,7545,1
37.3156543667304,-121.021140527263,651140,0,65156,11498,1
39.278808481504,-121.662451914242,641936,1,57551,8794,1
37.7597219362255,-122.693970679647,667000,0,119136,874784,1
37.761758522971,-120.846854850331,652694,0,67459,22932,1
36.9854283849179,-120.633857355357,619612,1,59155,5266,1
37.2545183767433,-120.994882253259,631568,1,49984,5748,1
36.6224299744401,-121.926241505957,654848,0,89088,15471,1
37.3874936868125,-120.724882829753,642006,1,58884,14392,1
39.8241458024454,-120.473262708647,658352,1,46667,1755,1
36.8449763533694,-121.536990159741,668014,0,77500,2086,1
37.4802645502716,-122.149001052315,646870,0,167567,35211,1
37.560411488147,-122.310977993384,668252,0,126102,103619,1
37.3710940405946,-122.220209983912,658380,0,235469,4568,1
33.8884401845987,-118.35315550172,640886,0,65923,32533,1
39.9282066243143,-122.182020281939,616322,1,48038,7589,1
40.0217813356614,-122.126914293597,678106,1,45625,503,1
38.1070749622766,-122.26276183053,681666,0,73869,121275,1
33.9381248368312,-117.394885878172,662000,0,72738,327569,1
33.9244022771573,-117.20456985593,649270,0,70385,208751,1
33.8616044672514,-117.564903086216,616350,0,88434,168112,1
33.6846847836204,-117.334458461852,639486,0,74490,64201,1
33.9075969625529,-116.97657930751,604758,0,88932,48272,1
33.7340722524008,-116.996865410133,633182,1,43152,84686,1
33.92521962308,-117.549885648085,651560,0,106370,27021,1
33.8362009628059,-116.464244265267,612048,1,50350,54812,1
33.7970069651767,-116.991550899743,667112,1,56933,48786,1
33.7378049190744,-116.369566230229,655184,0,64295,53087,1
33.960251557334,-117.950998954925,639304,0,163750,5318,1
37.3857564766414,-122.026407025486,677000,0,150464,152569,1
37.4005746308909,-122.079563629212,649670,0,144116,80104,1
37.3684395183609,-122.096590918019,643280,0,240094,30878,1
37.364632384204,-121.967985067439,669084,0,136870,126723,1
37.1325010646644,-121.641903471687,649278,0,128373,44789,1
34.0584873511186,-117.762621026404,658072,1,62407,151124,1
34.0174304270322,-117.926586473322,636490,0,87727,264,1
33.9991670782619,-117.816132427434,619192,0,100723,55870,1
34.160976217195,-117.950454308808,619990,0,82620,21399,1
34.1341906166965,-118.037309807177,602462,0,95736,57053,1
34.0493458501339,-118.048330741081,672996,1,54208,20791,1
34.0497159520514,-118.132551155315,648914,0,63389,60597,1
34.0882718682547,-118.371842396406,684410,0,71692,35506,1
34.055442386368,-117.911299085413,684200,0,85626,105808,1
34.1206961116753,-117.770333494168,640830,0,93473,32346,1
34.1121110110907,-117.963697382135,636826,0,86250,1365,1
34.1223869990409,-118.113184420978,668224,0,164423,13020,1
34.1879149475623,-118.323499213957,608954,0,79212,103411,1
34.1385868968758,-117.912389396091,603386,0,65912,49584,1
34.1369120884093,-118.82204425122,684438,0,153007,8203,1
37.5052897265935,-120.858769831961,680812,1,60799,72715,1
37.9885379269058,-122.595221286212,623168,0,106474,7629,1
37.9392443638921,-122.531144975627,640438,0,115543,12363,1
38.0915036040129,-122.556573725173,652582,0,101629,53781,1
33.779625368338,-118.168182665552,643000,0,66410,462081,1
33.8029431251396,-118.168179772093,671876,0,86140,11430,1
33.7331269576524,-118.391464774949,659514,0,146163,41635,1
34.0087968223628,-118.762154739205,645246,0,162716,12280,1
34.693444983348,-118.175321504505,640130,1,58413,157697,1
34.0839785137343,-118.135526059986,600884,0,66593,84509,1
34.0688528230042,-118.082322957565,662896,1,60006,53850,1
34.0154481580298,-118.110809092393,648816,1,62781,62697,1
33.8943429096556,-118.307251975761,628168,0,64015,59401,1
33.847074972038,-118.122187302724,639892,0,96487,79676,1
33.8929674674301,-118.227517309997,615044,1,58703,95804,1
34.0948342982481,-118.099089840301,667042,0,70892,40108,1
33.906879839838,-118.082927533311,652526,0,77425,104524,1
33.937868800875,-118.131156995597,619766,0,75974,111263,1
33.9678231718911,-118.018805699662,685292,0,76026,84821,1
33.9901438130546,-118.088732643845,656924,0,70620,62507,1
33.9800799772415,-118.179756524318,604870,1,47740,35301,1
33.9799991880047,-118.216694671022,636056,1,46738,57761,1
33.9447368423293,-118.192559984218,673080,1,55084,94905,1
34.0057905562716,-118.396840755618,617568,0,97540,38913,1
39.7578146227219,-121.81620947049,613014,1,57357,98683,1
39.4999719811308,-121.563349204667,654386,1,34371,19659,1
36.9769047776416,-121.953854414312,611040,0,81617,10090,1
37.0555048199943,-122.011778573186,670588,0,103783,12055,1
41.7717152680629,-124.190815004848,617022,1,33347,6690,1
36.962992819861,-120.077841212227,645022,1,49335,65575,1
37.475807581247,-121.153656874088,656112,0,69947,22309,1
37.7259773532885,-120.943365563708,661068,0,70163,24623,1
37.6428676068793,-120.755344159116,683612,1,59938,8884,1
37.6375227257709,-121.002785994233,648354,1,62182,214485,1
37.6273707430002,-122.104175342559,633000,0,91490,158817,1
37.6868461100756,-121.760762442425,641992,0,131664,91763,1
37.6663283727284,-121.880520123948,657792,0,160689,79975,1
39.0287513224947,-121.390020966006,685012,0,67056,3631,1
40.8813567594866,-123.992888272973,607162,1,49479,934,1
40.5861601165258,-124.14197177421,625296,1,46025,12135,1
40.5023674127252,-124.11053505922,660900,1,38589,3388,1
41.057568044777,-124.143290043067,680448,0,88125,348,1
40.5781081790061,-124.261252440972,623910,1,59545,1387,1
40.8615403717681,-124.075763274503,602476,1,38603,18266,1
40.79427275449,-124.156453373967,623042,1,43199,26938,1
33.8574735806284,-118.376639481722,660018,0,116832,66663,1
33.8306048218508,-118.357213577102,680000,0,94781,144430,1
36.3276585926983,-119.326915026607,682954,0,66668,133100,1
33.6909555369087,-117.184909716,646842,0,76824,92968,1
37.5153734949062,-122.295404826655,605108,0,160046,26963,1
37.5893654204122,-122.362996655842,609066,0,138344,30071,1
37.686199847129,-122.468678898915,617918,0,99910,107197,1
37.4982641274418,-122.267715694711,665070,0,189739,29647,1
37.6528061815311,-122.343278143917,673262,0,106005,66878,1
37.4221589481806,-122.258607410035,686440,0,250001,5593,1
33.6173071268773,-117.258240892542,685446,0,76791,36091,1
33.9460430098348,-116.899247861973,603820,1,43442,30276,1
33.9254174371757,-117.865491530528,608100,0,100969,44182,1
33.6772115946561,-117.773840392877,636770,0,108318,272694,1
33.9281996698532,-117.951557629201,639290,0,83532,62787,1
33.8002415094816,-117.99345741933,673962,0,66017,38317,1
34.4487135659726,-119.247002568052,653476,0,75653,7613,1
34.2662453881372,-118.748969902712,672016,0,99245,125768,1
34.1913557563779,-118.875586639351,678582,0,108377,127648,1
38.8075428273434,-121.24886803292,662364,0,100664,67070,1
38.8949252196045,-121.077725142229,603204,0,67282,14104,1
38.7702938218484,-121.3196560245,662938,0,95519,138860,1
37.9818937590864,-120.382820572379,672674,1,54777,4832,1
37.8225495575117,-122.230037789277,656938,0,250001,11454,1
37.0630058966678,-120.840672237304,644028,0,64567,39443,1
37.1095006264139,-120.234963550587,613294,1,56683,18443,1
33.9873459414146,-117.054223866054,609864,1,61671,9156,1
33.6884791106416,-117.262092559987,610928,0,107868,11237,1
33.6905503271567,-116.143061051715,614260,1,33999,45658,1
33.7036225416856,-116.339606143109,636434,0,112614,5463,1
33.6536447493896,-116.278511603491,640354,0,75724,41650,1
39.2606700609008,-121.023068229548,650874,1,51023,3145,1
39.3454451032585,-120.184884925892,680588,0,98587,16666,1
36.0644308458324,-119.033732241823,658240,1,44095,59056,1
36.1996076732517,-119.339992872794,680644,1,56024,64546,1
37.352904344014,-120.595903415661,603162,1,57052,30336,1
37.3057264147451,-120.47791144056,646898,1,49973,84081,1
33.7634806783334,-116.427097124536,659500,0,84891,18537,1
33.4927752415749,-117.131469627787,678120,0,98631,113117,1
33.955046248099,-116.543032353273,618996,1,37818,29280,1
33.801731785804,-116.538208889153,655254,1,57916,48390,1
38.7307883272967,-120.797880631779,657540,1,60334,10954,1
38.2422847967867,-122.626628033867,656784,0,92762,60865,1
38.4457995045699,-122.706728611893,670098,0,80472,178391,1
39.7460797948791,-122.185482708179,654274,1,47260,7843,1
39.5149094562979,-122.199490392258,685684,1,48140,6053,1
36.6055737940374,-120.189933819128,667126,1,37225,4025,1
33.8503863976862,-118.040664879276,640256,0,108363,15657,1
33.7971258636941,-118.05921455056,643224,0,89323,11521,1
33.6095630841166,-117.655152223488,648256,0,121299,95638,1
33.6317926261445,-117.598856382672,659587,0,125329,48280,1
36.0311215838224,-120.11617307902,603302,1,49781,13033,1
33.4484034547283,-117.61060099907,665084,0,108183,64929,1
33.7540113872676,-118.071701078982,670686,0,72596,24268,1
33.8180732024209,-117.810299498653,682744,0,164476,5883,1
33.5792169377389,-117.728910454007,600947,0,118540,50385,1
33.6946863846241,-118.002476948356,636000,0,97469,199778,1
33.7310302382075,-117.810680506483,680854,0,88386,80815,1
33.8572000934502,-118.00460985514,608786,0,84680,82228,1
33.473008007748,-117.696352472099,617946,0,105250,33782,1
36.2949277921543,-119.798343362941,641152,0,68658,25867,1
33.7105132037681,-117.951384032585,625380,0,89924,56118,1
33.5425580311515,-117.761649171556,639178,0,128099,22991,1
33.5917386950932,-117.69908500939,639220,0,102358,31613,1
33.6099291949732,-117.729888091113,639259,1,46449,16056,1
33.6604921489042,-117.671379896081,639496,0,112988,84666,1
36.3274295239525,-119.654899556497,631960,0,65974,57339,1
37.9403272827881,-121.930088467216,613882,0,153607,11585,1
37.9195804726141,-122.302533387226,621796,0,108294,25280,1
38.0335382832913,-122.298477714559,633308,0,110669,26090,1
37.843955621264,-122.122535695553,649187,0,152788,16896,1
37.809006737559,-121.313138673064,640704,0,90179,23863,1
38.1218205595834,-121.293194436182,642202,0,64153,66562,1
37.7927484820427,-121.226377039475,645484,0,76846,81078,1
37.726896273394,-121.452295492695,680238,0,95741,91462,1
34.0010372032651,-117.470536321721,637692,0,77787,106646,1
33.1493357763018,-115.505612240845,609878,1,37196,7260,1
37.9047300980247,-122.078580499766,600135,1,NA,875,0
38.173533754046,-121.279904537292,600156,1,NA,261,0
34.4955940704259,-118.185776022722,600212,0,99071,7054,0
41.1947763898463,-120.950202691871,600310,1,39643,209,0
34.5044283815079,-118.316008056716,600450,0,90664,3494,0
33.4522519374372,-116.855481886676,600464,1,NA,696,0
37.3654304368307,-119.71657444243,600478,0,76667,2270,0
37.6338883716442,-120.972018680239,600535,1,28370,1276,0
37.8547716615718,-122.013570874862,600618,0,248167,13864,0
39.225593093969,-123.756485593991,600716,1,NA,289,0
40.1613523688619,-123.615742422862,600786,1,NA,26,0
37.9667484649901,-122.136011238805,600898,0,167708,1051,0
39.4666659096507,-120.841139091275,600982,1,NA,99,0
38.4426638933253,-121.981424407009,600996,0,103611,1429,0
35.8498837538679,-119.389222407256,601010,1,45156,596,0
40.214498961392,-121.176233742185,601094,1,NA,0,0
33.8884471048055,-118.334974104533,601150,0,65078,8000,0
35.8890422482937,-119.485821425628,601164,1,26000,869,0
32.8438782734986,-116.758529593058,601192,0,92382,14958,0
38.7793519660036,-119.807793279727,601228,1,56538,142,0
39.2138079389448,-120.803289322826,601276,0,84167,703,0
34.1927306646378,-118.134591477884,601290,0,100806,43037,0
35.7292760862597,-118.549336867232,601358,1,NA,111,0
39.1236958492042,-121.052366161896,601360,0,91282,7620,0
37.9055860320388,-122.518731531147,601416,0,189025,818,0
37.3694127633323,-121.823822380203,601458,0,95479,11798,0
38.4896364070598,-120.533318184968,601518,0,91859,992,0
36.9583055110188,-121.78049351012,601651,0,89550,3240,0
38.8126585585111,-123.570279783413,602028,1,58859,326,0
38.5776172273399,-122.451259366243,602168,0,115848,3415,0
38.7153333320008,-121.360974860293,602210,0,82095,48468,0
33.5678527470779,-116.696637858288,602294,1,47237,2101,0
36.9911553088924,-121.893469926284,602378,0,112041,6245,0
36.9605944517817,-121.834059384943,602382,0,113393,1397,0
39.0142004245473,-122.061055852494,602420,0,70661,3368,0
38.6017272713516,-121.384503268037,602553,1,52694,93719,0
36.3166122809255,-119.70539254574,602700,1,49158,4437,0
38.2464593231377,-120.347870466117,602770,1,61290,2099,0
36.8771542067206,-121.640434167385,602812,0,131678,2609,0
39.6331854694714,-122.189770640593,602910,1,44000,236,0
37.69420186736,-122.115950260353,602980,0,66570,23566,0
37.5499569961427,-118.708652287987,603026,1,NA,56,0
37.0852492730907,-119.449408731478,603190,0,67092,3321,0
38.8916414264182,-120.984963070732,603205,0,105368,3495,0
37.9796490684839,-121.262523718613,603209,1,34781,8046,0
38.1967832082899,-120.369840143141,603316,0,113264,444,0
35.1962059121595,-120.71926197414,603330,0,118188,1455,0
34.0391310649544,-117.996869263352,603344,0,81806,13836,0
35.27692376002,-116.071746672464,603512,1,37500,602,0
35.3898963920205,-118.940926873677,603546,0,111964,1486,0
34.6394873860196,-120.109072250325,603694,0,97321,764,0
37.4519218150828,-120.703719968538,603708,0,116125,508,0
39.3760963462791,-121.411667159072,603792,1,61500,407,0
37.3281818688099,-119.566714755675,604198,0,96920,291,0
38.0329299408276,-121.961518585406,604415,0,69464,25378,0
38.0056946655589,-122.320661772409,604470,0,97981,2754,0
40.7653400314165,-124.178619017508,604478,1,47351,2787,0
37.5291995271227,-122.341680207539,604549,0,179833,1786,0
39.1095714932153,-121.35427255253,604576,1,52155,955,0
37.2966059011864,-120.417688613112,604632,1,NA,95,0
38.4721669048786,-120.049159162152,604716,0,187604,91,0
37.5697029564201,-120.119978300092,604730,1,NA,135,0
35.1739882166833,-118.653173454031,604734,0,73194,5291,0
39.8485369359018,-120.411060462078,604772,0,101273,388,0
40.0040177223987,-121.253774679077,604856,1,NA,0,0
40.6426945527263,-122.246059496915,604926,0,74031,3320,0
34.2081523423456,-118.68757647427,604938,0,243250,1991,0
40.0602733900801,-123.765398268938,605262,1,33167,152,0
40.2560227526388,-122.209590978751,605276,1,NA,425,0
37.0782170897221,-122.088117946216,605332,0,98406,7378,0
37.8189295424014,-118.4844863487,605346,1,42708,244,0
35.3464437294136,-119.029827393334,605356,1,36578,5212,0
33.7435037707299,-116.287337192012,606028,0,65889,6626,0
39.6313635445119,-121.405239817033,606070,1,35750,1278,0
41.7524960145718,-124.159404071933,606150,1,48029,2037,0
38.0288842187743,-121.640381065713,606210,1,62019,2015,0
41.1332583244315,-121.129484916866,606336,1,41111,145,0
34.2536336742207,-116.790326415407,606406,1,50069,12621,0
41.0108402618193,-121.924028039337,606475,1,25446,195,0
37.203569667498,-119.248501006226,606518,0,63250,159,0
41.1594318538479,-124.129760056761,606567,1,45735,92,0
37.1655236741384,-118.29515234933,606616,1,54107,1373,0
34.1393081112444,-114.36055117664,606635,1,42823,1158,0
36.7999430917409,-120.021050166199,606728,1,54375,1440,0
37.8159374580056,-121.907070762995,606928,0,166698,10590,0
35.0496943254897,-120.53865483496,606935,0,110242,797,0
38.112030808152,-122.519074202355,606982,0,204231,1738,0
39.7752104298315,-120.610858383019,606994,1,NA,0,0
38.3182878516672,-122.850250446638,607036,0,108958,243,0
34.0600765682632,-117.401253637272,607064,1,62690,21907,0
34.175950735446,-114.264064861284,607172,1,30417,142,0
38.3488467430703,-122.971177960299,607246,0,110483,590,0
38.3202326951475,-123.032429282266,607260,0,67433,1069,0
35.5764583355265,-118.47644620625,607274,1,23051,2164,0
37.917731089523,-122.709516299141,607316,0,86389,1223,0
33.3556147660313,-115.726913335915,607372,1,23000,215,0
36.9688192283544,-119.892782482758,607378,0,90795,5191,0
32.6651080926833,-117.029671359483,607414,0,102803,12470,0
37.0435874196573,-122.136989233152,607470,0,105938,2962,0
33.2764530062569,-117.194083598364,607498,0,92774,4194,0
39.0114799738681,-123.374057085109,607512,1,46458,997,0
37.467353205081,-119.885275850352,607525,1,47009,431,0
35.0161210197805,-117.666116235541,607568,1,41736,2280,0
36.6946375997321,-121.674524453331,607578,1,46516,1740,0
33.2409841376813,-116.357148101232,607596,0,92589,1864,0
32.8189049634686,-116.947932569542,607624,1,60368,17532,0
37.1341049680499,-122.127221398474,607652,0,103576,5305,0
32.6640264086503,-116.289613134944,607694,1,NA,453,0
36.6088789468117,-119.752576585833,607750,1,NA,287,0
38.3126378564726,-122.488751787895,607848,1,62261,8006,0
35.8628447181645,-120.80428039701,607974,0,71250,99,0
37.6020827632036,-121.004392990651,608172,1,33250,5020,0
38.2561505403348,-119.21229697141,608240,0,71641,509,0
37.6915002507025,-122.481352553665,608338,0,117738,4140,0
37.1057360850513,-122.110636541362,608478,0,70368,1293,0
38.7368857436186,-122.146819969754,608506,1,NA,41,0
39.4428820809487,-123.396274757137,608530,0,75598,4559,0
38.4548026020867,-120.532347376732,608680,1,61964,2175,0
37.8103556178809,-120.068817373261,608716,1,NA,0,0
39.8797446530675,-121.194132607734,608744,1,NA,21,0
38.2974922494136,-120.917415486384,608828,1,47153,573,0
37.3211113191725,-121.930588084894,608968,0,114265,5377,0
40.8846714847162,-121.669090799902,609122,1,49577,3763,0
40.8110332555671,-123.508215826453,609150,1,43661,185,0
39.7489463671563,-121.696859777117,609310,0,85461,677,0
40.0871612615655,-121.536961446753,609318,1,NA,25,0
39.6570922454741,-121.636348170763,609324,0,80984,907,0
35.4092320970557,-119.440680205048,609332,1,42548,1339,0
37.8756498625609,-121.642136694586,609346,0,79750,2057,0
37.6197857977852,-120.981421118612,609353,1,34796,3763,0
33.9127273144736,-116.782839590161,609360,1,44615,2271,0
35.8875734367557,-118.655034204803,609822,1,NA,40,0
41.4116570349156,-120.660463083638,609834,1,33239,367,0
35.3053359768615,-120.665540503255,609835,0,166500,7713,0
35.0479765737859,-120.575920787255,609948,0,87612,1638,0
39.232315241731,-123.196918337122,609990,0,87143,620,0
39.6632990434996,-120.44355632414,610004,0,90536,164,0
36.7135748774443,-119.760766226718,610032,1,45458,2363,0
38.2442235327001,-120.953928525236,610042,1,52411,1188,0
38.2661940875725,-120.986621332545,610044,0,133047,1344,0
35.5520776547466,-121.084157680838,610074,0,73136,5555,0
37.25629263493,-121.928884087643,610088,0,183194,3015,0
38.6736988333665,-120.987208720137,610256,0,77014,18370,0
38.7422691933234,-120.680821429824,610270,0,109917,2065,0
37.7908908674921,-121.885065627051,610301,0,250001,5870,0
36.1419833576353,-118.610721900555,610494,1,NA,0,0
32.639430805951,-116.474443075523,610508,1,49709,3536,0
33.311724077424,-117.324739538974,610554,1,48750,7424,0
33.2328792016928,-117.393207128939,610561,1,51960,16618,0
39.4520769340582,-121.048680975974,610676,0,97763,179,0
41.4477576161284,-120.884317589974,610732,1,NA,295,0
36.5000504195395,-120.316374080326,610816,1,36694,376,0
40.1698721313311,-121.07699866374,610914,1,NA,0,0
40.0761633455502,-121.161532239243,611166,1,NA,0,0
36.482338562023,-121.719812737225,611324,0,141827,4175,0
38.3744568559893,-123.071872829314,611376,1,NA,0,0
38.6318385158866,-121.326301368329,611390,0,68227,75642,0
39.233726830868,-120.07634163958,611418,0,116591,565,0
41.4467517312312,-122.363470899182,611481,1,NA,58,0
36.3122959476961,-118.026136745701,611600,0,65556,49,0
36.5399118645699,-119.845039755621,611614,1,55357,2245,0
34.1847359077365,-118.944529004404,611656,0,107188,3184,0
32.7639664194414,-116.9688185896,611691,0,98904,19327,0
35.3432353512549,-118.99872336947,611696,1,32336,1404,0
34.837803468529,-120.531056852448,611754,1,NA,88,0
39.3630679311836,-123.80420742654,611768,0,132614,307,0
40.9212742991254,-121.551371888368,611782,1,NA,266,0
34.4817850717454,-118.631658586158,611796,0,120574,18479,0
41.155174321702,-122.303128007126,611824,1,39464,230,0
37.8747227202015,-122.058595021779,611915,0,250001,1164,0
37.7088557217267,-122.06266066077,611964,0,113150,64392,0
36.7648432561457,-121.753387469327,611978,0,66839,6332,0
37.4307962069752,-120.09946378087,612062,1,53600,741,0
35.4373821512382,-120.88799395142,612132,0,70602,2228,0
38.5264998546813,-123.09784977368,612146,0,95455,340,0
39.210106588834,-120.096523526526,612216,0,63750,886,0
38.0660336961912,-120.27374865584,612300,1,61401,1267,0
36.1454695224189,-118.578893246617,612314,1,NA,0,0
41.5280497486927,-120.174796270578,612328,1,47750,711,0
36.7361217410889,-119.4960156751,612412,0,85469,314,0
40.5429984860076,-122.463852110481,612415,0,102250,2170,0
37.5105093348138,-118.375082679607,612594,1,59491,1010,0
39.4646233620161,-121.263256765954,612612,0,79208,1171,0
34.1623014703275,-119.224338662132,612669,0,89261,2699,0
35.9646344440175,-115.897247341124,612730,1,NA,6,0
34.1024961670412,-117.856294298264,612734,0,71496,9963,0
39.6513964796054,-121.534496930684,612818,1,NA,100,0
35.4695716037112,-119.261537996044,612860,1,32500,289,0
37.6792209970791,-122.103789903291,612902,0,73429,15976,0
33.9796847078851,-116.969417571118,612916,0,70471,8026,0
40.301708647012,-121.23389460773,612930,1,57083,2088,0
39.806752693211,-120.138875252169,613077,1,NA,340,0
35.6387743978508,-117.766844161015,613157,0,70362,2450,0
37.8702487943026,-120.444303147193,613182,1,NA,146,0
35.448560007967,-118.887203304134,613278,0,81950,252,0
36.5711178645506,-121.510308241535,613364,1,52031,1413,0
34.116055135565,-117.889027980121,613560,0,81466,10105,0
38.4193406768175,-121.541630692488,613784,1,NA,366,0
38.3140436430785,-121.159601864547,613854,0,89792,1130,0
40.3022752769816,-121.053133555664,613910,1,41528,293,0
39.0218362601398,-122.659300014831,613966,1,47139,2194,0
38.9513196943153,-122.720814900633,613985,0,71302,4408,0
39.4927281180119,-123.78131348067,614008,0,83235,841,0
39.7486869446375,-120.572381437764,614106,1,28617,184,0
39.5324291506526,-121.16656494282,614148,1,60302,451,0
38.0253948031432,-122.028028954463,614232,0,83077,737,0
37.2401170589023,-119.702124909508,614288,0,71846,4893,0
38.8356006897298,-122.72296292286,614302,0,78304,805,0
41.0802670243875,-122.713615285304,614406,1,43229,187,0
39.9021724972124,-121.745355480054,614442,0,67697,497,0
38.746444976684,-120.873819643065,614450,1,58056,675,0
38.1613405101574,-120.053539789389,614454,1,NA,0,0
38.5805708500917,-119.502880430648,614484,1,NA,353,0
39.0060907746905,-122.005146194899,614554,0,77750,205,0
38.214155049569,-121.267467960317,614708,0,71350,2354,0
38.8026225203884,-120.89464803813,614764,0,90250,390,0
38.0333356396153,-120.409667227685,614904,1,40276,2086,0
39.2651395846073,-123.589728412689,615030,1,33696,142,0
39.7732949079935,-121.519580367091,616035,1,31667,472,0
37.925968553622,-122.053989775626,616090,0,122344,6667,0
37.9488198917923,-120.635227225864,616210,0,81750,3566,0
33.8759139058622,-117.610981640979,616420,0,104007,3968,0
36.9940629518149,-121.789181133749,616434,0,173293,2260,0
33.5958848982603,-117.585982238232,616580,0,200600,15509,0
35.3464315803638,-118.985107413177,616623,1,23639,3121,0
40.3902920730631,-122.315643880124,616630,0,65335,5435,0
37.7121690720085,-120.196601259256,616644,1,NA,23,0
37.9687068267638,-121.340835689625,616651,1,57391,9242,0
38.332915965573,-121.55703842186,616714,1,59302,473,0
39.8024745307679,-123.249883948673,616728,1,37969,1352,0
37.5601101859681,-120.988800374014,616762,0,66082,472,0
37.6987842684299,-119.748286909197,616886,1,NA,52,0
40.1007481386057,-120.921717907751,617050,1,NA,70,0
37.4210348432911,-120.655701937107,617078,0,65536,243,0
32.8000256769343,-116.867089249091,617106,0,107578,2721,0
34.2485911413561,-117.288667268825,617162,0,63290,9351,0
35.5172996360286,-120.520921289836,617232,1,NA,31,0
39.7627343295221,-120.577063291364,617267,1,NA,90,0
38.0519242754334,-122.220140146797,617274,0,90070,3205,0
39.8683875324663,-120.690459479791,617288,0,69861,312,0
37.5689775328788,-118.746362160711,617372,1,NA,1145,0
37.3944479256567,-121.075179561941,617428,1,30458,346,0
36.5246692629002,-119.288841683757,617708,1,49098,5296,0
40.7657025676987,-124.144468197184,617722,0,90772,3315,0
34.9312495064956,-119.614817181431,617727,1,NA,11,0
40.3154203019134,-122.060578809204,617876,1,NA,0,0
41.5069930602413,-120.547224427899,617995,1,NA,145,0
36.2688088621494,-117.589017259951,618030,1,NA,90,0
37.0177836809934,-122.18789814841,618086,1,50156,509,0
37.0254485592097,-121.85594886322,618153,0,145139,3414,0
38.5360697958353,-122.467923822457,618324,0,81607,772,0
33.916743246238,-118.369302630197,618352,0,121076,10424,0
33.0756871179554,-117.119047982015,618422,0,89500,302,0
36.5138145078279,-119.446534630006,618450,1,NA,1512,0
37.4306043147348,-120.775913070754,618464,0,63475,11837,0
39.8101732127695,-120.496864825439,618485,0,82969,601,0
36.5837818855843,-121.947348410861,618590,0,143750,3783,0
36.6564691428962,-119.598147398277,618674,1,29766,1246,0
37.7431492462959,-121.008487662477,618695,0,113125,1241,0
37.5254029634076,-120.797445455042,618856,0,83304,5702,0
35.2440305252052,-119.603844453359,618926,1,56250,288,0
32.8695717814028,-116.627888088777,618940,0,88125,1398,0
33.7378024319945,-115.366629660711,618982,1,33750,285,0
33.9222937111101,-116.44010462995,618986,1,32459,3480,0
33.7789483102737,-116.292955716125,619022,1,57393,6599,0
33.404116264166,-116.039435081186,619024,1,NA,411,0
34.5902677706448,-118.15354892216,619052,0,64025,3259,0
37.8407789900561,-121.956490117831,619150,0,250001,834,0
37.4008908579875,-121.262909236562,619155,0,106167,892,0
38.6920444335114,-120.83908205426,619220,1,56899,11332,0
35.2491233155713,-118.844165946065,619248,1,22125,398,0
38.243494058138,-122.955969611638,619262,0,171477,309,0
37.9062859288002,-121.599012418592,619339,0,129004,15904,0
37.3863933907675,-118.415285248812,619406,1,56339,2755,0
39.3656663519784,-121.212764842964,619416,1,NA,152,0
38.2095906785563,-121.155073069301,619440,0,99764,3006,0
39.1899242507652,-120.108272745509,619455,0,82617,909,0
38.3030794157462,-120.264788210549,619570,1,NA,407,0
37.0468452240502,-120.639486501201,619654,1,16474,206,0
40.652865516183,-122.928276669027,619724,1,46850,678,0
39.5700712324908,-120.821271966496,619794,1,NA,99,0
40.0274907645496,-120.117300445166,619878,0,64388,745,0
38.4397298164275,-120.858710097521,619976,1,NA,13,0
35.8927060554027,-119.047022034444,620032,1,27404,708,0
38.8926480596032,-121.97419925253,620228,1,41625,1391,0
39.6231782914756,-121.78748398947,620270,0,98563,6255,0
35.2159341233489,-119.3749990782,620284,1,46667,568,0
39.208013210278,-120.834488670066,620298,1,40625,133,0
41.3189983439887,-120.114620568041,620424,0,82813,15,0
35.8913606809427,-119.272103881015,620438,1,40699,8908,0
35.3831900823625,-118.974380817663,620515,1,28409,10254,0
34.4444545663247,-119.788053271557,620574,0,118094,29823,0
37.3826014989945,-121.813758536911,620598,0,165463,6815,0
33.7301303178244,-116.940990082621,620697,1,56029,20161,0
34.0326261481592,-118.169162171296,620802,1,50280,120504,0
38.910050423348,-121.544333635332,620900,0,68250,172,0
35.3682775181489,-118.922474126562,620903,1,41162,29885,0
37.785511192822,-120.800923906076,620907,0,123523,2370,0
36.6523958620109,-119.790798689684,620928,0,75259,2224,0
36.5480739069552,-119.2598651624,620942,1,33472,624,0
34.1377648871296,-118.077553143661,620984,0,91637,6025,0
36.0581592357811,-118.974905179345,621012,1,26927,5399,0
39.9164394969197,-120.918948530606,621026,1,61667,2279,0
33.8948459108495,-118.195598007853,621034,1,55615,15252,0
37.9450895689307,-122.313923667005,621061,0,105192,3473,0
34.1155148921334,-118.079162303247,621096,0,88273,23076,0
40.2452806629638,-121.076794530979,621138,0,95658,139,0
37.9774520265464,-120.341018937766,621188,1,49819,2672,0
36.2037678706375,-119.280347683706,621210,0,65667,849,0
33.9243809498926,-117.988744103763,621292,0,76349,10182,0
41.4621372505712,-122.426148379198,621530,0,81250,39,0
35.3473180104765,-118.869838001147,621544,1,NA,109,0
35.2273009174611,-118.823264371707,621558,1,60694,341,0
35.2107907112177,-120.605980130931,621565,0,137568,408,0
34.9044950447462,-117.929474134902,621600,0,72273,2676,0
35.2450875331268,-118.958854067598,621691,0,80781,118,0
32.8252366165885,-115.668084715485,621788,0,95208,609,0
33.8396037463927,-117.522247447229,621810,0,100708,5269,0
38.6750118774071,-121.048967983521,621880,0,132130,47107,0
38.3338923063499,-122.506532558595,621894,0,144241,960,0
33.0812363259402,-117.177455203627,621916,0,119013,462,0
37.5134563271963,-122.465660671226,621936,0,191445,6069,0
34.6589539385913,-118.378538891863,621964,0,76042,1632,0
39.6003026336675,-122.537527669837,622006,1,NA,175,0
36.8102936419184,-121.72113794275,622034,0,96250,998,0
38.5440239565978,-121.685181302746,622104,0,168125,1086,0
38.3523337652309,-121.907732299637,622146,1,62010,234,0
36.5470800773537,-119.425061821934,622235,1,NA,0,0
37.1323811565158,-120.49856369535,622286,1,45781,283,0
37.6736603972476,-119.787035133986,622328,1,45988,271,0
36.2206885649574,-119.068369656379,622360,1,NA,0,0
34.2452845765919,-119.156877478185,622370,1,57096,6506,0
37.9704673682976,-122.296147078468,622454,0,100548,14779,0
33.8724688712813,-117.462529966126,622457,0,130147,13096,0
38.2974697207734,-122.491557616116,622510,0,101813,3256,0
38.7184670922494,-121.445489048891,622524,0,77746,5235,0
37.4661231080508,-122.267408301081,622587,0,250001,4893,0
37.6430620706552,-120.907051747587,622622,1,39727,3285,0
38.6934158689987,-122.024060010309,622846,0,81181,4009,0
32.8850482340826,-116.945354857281,623000,0,107639,6448,0
32.9918576012242,-117.185957810296,623150,0,221372,2929,0
35.346890465252,-118.933819041348,623158,0,68047,1778,0
40.7882985404803,-124.201434575136,623196,1,44712,254,0
37.0774717990242,-120.193674183543,623210,1,45801,1133,0
38.6504174151697,-121.24967298232,623294,0,89217,30882,0
37.6758335007008,-122.04721505107,623350,0,123258,10834,0
33.3693353896459,-117.225904995039,623462,0,69250,32359,0
41.0068253192378,-121.440046146318,623532,1,36827,387,0
37.9298712657126,-121.004381165695,623630,1,NA,169,0
35.1779336739489,-119.54722357165,623812,1,NA,54,0
37.039227068244,-122.080777318435,623826,0,108367,3197,0
38.3275093129558,-122.487150819651,623973,0,82260,3554,0
38.5068697880874,-120.760161554188,623980,0,79453,211,0
40.9722484317166,-124.025016942125,624008,0,66000,793,0
40.7248385498402,-124.217648243288,624022,1,NA,577,0
37.4778560236656,-119.639026339294,624218,1,NA,50,0
33.9681655031484,-118.244679640685,624477,1,50046,64787,0
38.4832157942309,-121.404284968456,624498,1,47125,48839,0
39.3929353515159,-120.015125618478,624526,1,NA,28,0
39.928342832847,-122.445804276255,624568,1,58750,161,0
38.6867378509977,-121.347490172013,624722,1,55474,35711,0
39.5300436104658,-121.268960144055,624750,1,58942,369,0
35.1647409655169,-119.458412852024,624764,1,43538,4909,0
39.0052920848542,-120.831364688107,624834,1,NA,1545,0
38.1717349998656,-120.398986775379,624897,0,75595,1324,0
39.8952176634444,-121.67045440648,624918,0,174090,1551,0
38.4824961501287,-122.889897890319,624960,0,79922,3788,0
41.8629979770025,-120.158908074093,625030,1,28750,174,0
41.866286680054,-124.152550424123,625086,0,71531,1405,0
36.0019262648464,-121.238120330245,625093,1,NA,327,0
35.2477086045149,-116.683425115307,625114,1,55986,9573,0
36.8793028647475,-119.761268655448,625300,1,NA,215,0
37.3275340909464,-120.532103061264,625488,1,51185,7709,0
38.3675269214524,-121.461641985644,625506,1,NA,26,0
34.8118422803308,-118.954893517173,625534,1,42273,3121,0
36.9402573896987,-121.795259166154,625576,0,86435,3959,0
38.4629406286057,-121.502120308104,625590,1,NA,70,0
37.8802693994692,-121.280322814553,626028,1,53966,3641,0
40.7165501849176,-122.631183089342,626056,1,44808,441,0
33.5998543778483,-117.106952310427,626067,0,111479,39057,0
36.9847393902371,-119.712953803612,627014,1,52955,541,0
37.3117155876902,-121.935778167475,627080,0,126250,1184,0
38.5326181427796,-121.455819779114,627130,1,31188,5771,0
35.302258733709,-118.914307761814,627190,1,34539,634,0
38.4937142829475,-122.773430163812,628014,1,NA,413,0
36.4276954632404,-116.874708321757,628021,1,23750,88,0
40.1003451149109,-123.794830334524,628154,1,25357,1361,0
37.963702494416,-121.229623615967,628182,1,46276,10096,0
35.4157865708913,-120.614046800019,628210,0,70809,418,0
34.8868935257494,-120.314088943225,629070,1,NA,47,0
33.9178910904312,-116.479630388924,629112,1,52942,5567,0
41.8428955174096,-123.973110942652,629154,1,32500,608,0
41.5148810418285,-122.521660769376,629252,1,39063,111,0
38.9111758133654,-120.835646398316,629350,0,77389,2969,0
40.0614226517617,-122.148214614136,629392,1,NA,1084,0
38.7173190870486,-122.903438871703,629420,0,88438,671,0
38.3563605895931,-122.541299057549,630028,0,250001,1214,0
35.7241988047963,-118.715229546819,630126,1,NA,54,0
35.1409226105267,-118.496804612439,630282,0,77586,10234,0
39.7613197964137,-120.519065948301,630339,1,NA,75,0
38.626779458731,-121.248749632853,630345,0,131164,7930,0
33.770628599616,-117.27719263913,630410,1,43722,8431,0
35.434794568797,-118.939026682972,630412,0,136071,84,0
39.545774131324,-120.888113935002,630420,1,NA,80,0
36.3492709988225,-119.420634144662,630476,1,59750,5387,0
39.7572173223992,-120.648623814546,630560,1,45795,552,0
36.3439028389717,-119.70747961178,630686,0,79688,324,0
38.7600645638986,-121.171439728877,630693,0,170504,22818,0
32.8032857507134,-116.90562156035,630703,0,121902,4020,0
39.4443713471555,-120.73604203375,630714,1,NA,14,0
38.4375225263178,-122.866001434083,630812,0,64080,1743,0
37.5645820715462,-121.180063364213,630882,1,62404,1582,0
37.7504593288045,-120.122793491649,630900,1,31713,919,0
35.383158824659,-119.118396345037,630938,0,77240,5255,0
33.7349605895394,-117.078282721272,630944,0,67795,3855,0
35.2695356159165,-119.00947500923,630987,1,58136,3777,0
39.9029729510624,-120.758995310811,631029,1,27955,202,0
34.6172266493852,-118.405908704778,631092,0,77708,1096,0
38.2606713373884,-122.162222731513,631099,0,108393,1583,0
41.5470232396058,-122.918575081539,631134,0,83693,139,0
40.1336103196449,-120.945347921138,631162,1,32344,785,0
41.6405898131467,-122.526026586715,631246,1,43594,295,0
39.074159629206,-121.898789932723,631288,1,33897,462,0
38.6357013188426,-120.535444109739,631302,1,52639,1382,0
37.8325255765407,-120.239342044046,631372,0,67778,249,0
38.5137213441607,-122.989418687512,631470,0,72480,4747,0
38.8273794838101,-122.198372900904,631540,1,NA,113,0
33.9969904622065,-117.972770327375,631596,0,88691,55386,0
40.2772551912235,-121.096105947613,631883,0,64148,446,0
39.7426831474413,-122.010959187283,631890,1,50552,2446,0
41.8103741778192,-123.38917759339,632030,1,30000,861,0
40.4661329970778,-122.420713644283,632036,1,57479,5652,0
32.8272806361787,-116.838083313562,632044,0,81103,4355,0
36.4026009881764,-119.720783018107,632156,1,NA,155,0
33.1007220627778,-117.138004527805,632212,0,185498,1494,0
36.6538717816176,-118.958824931939,632324,1,NA,0,0
38.4202751703695,-121.952235918812,632340,0,123173,2655,0
34.4817814179602,-118.666591321957,632385,0,104063,1433,0
40.8100486335906,-121.480958580956,632408,0,74000,91,0
40.5610419194347,-123.129857924764,632562,1,32612,2586,0
32.7324990021316,-115.52941023365,633084,1,58148,8413,0
38.2913025517612,-121.231826637751,633294,0,71979,1049,0
40.1417275556571,-120.13966928133,633336,1,56250,1272,0
37.619321474903,-120.751231605626,633504,0,74063,751,0
33.223639568229,-117.119839207901,633532,0,115658,3675,0
38.8004607766639,-122.550561205811,633549,0,67102,5948,0
34.0105802863544,-117.309851373349,633574,0,80897,6201,0
37.5200600958131,-122.345937929176,633632,0,217500,2985,0
35.3789751498768,-118.957865846769,633689,1,50279,11801,0
37.4045482756617,-120.850438887167,633861,0,72054,5937,0
41.7936694140648,-124.06612712407,633935,1,NA,266,0
36.302836943862,-119.6370856143,634281,1,35197,1590,0
33.8783563588789,-117.511561332044,634302,0,67716,12027,0
33.7458835981807,-117.113253584199,634316,1,53008,7613,0
34.2730161276057,-116.414561508478,634392,1,33993,2619,0
35.8900453192138,-117.386429670982,634405,1,NA,241,0
39.3325966228335,-121.538770917609,634428,1,NA,172,0
38.3692965318756,-121.515501268031,634484,1,58571,289,0
41.0802851174897,-123.697268372276,634540,1,29615,3348,0
38.9690597086262,-123.117291889693,634652,1,57019,899,0
41.907959162244,-122.559635418026,634694,1,27917,243,0
37.5025298122933,-120.238871686085,634708,1,NA,74,0
40.7218923739049,-124.198708650075,634928,0,74594,3435,0
40.6261849996336,-123.468848355863,636098,1,NA,124,0
40.557882162462,-124.08226215877,636126,1,55521,1051,0
36.256172509147,-119.216945351904,636135,1,NA,160,0
35.8095929626669,-118.670475064394,636168,1,NA,0,0
33.744338435763,-116.725803514174,636203,0,79868,2963,0
40.4991718912263,-122.54575757308,636252,1,NA,148,0
36.8274474631474,-118.2132472974,636350,1,58125,761,0
40.0587559287313,-120.980327056303,636364,1,NA,10,0
40.8132764243581,-124.080805021383,636420,1,45114,660,0
33.8410692794318,-116.248485110122,636452,1,41964,811,0
36.9505145247528,-121.736310504316,636613,0,93083,7596,0
38.0820702096292,-122.847139449265,636616,0,75568,1497,0
35.6546190604552,-117.821251827973,636658,1,NA,645,0
39.78048572861,-120.482307270847,636735,1,NA,290,0
34.412655017339,-119.861392411588,636868,1,21018,15733,0
36.383444321189,-119.22010051404,636910,1,39484,4584,0
32.6277716633736,-116.182739357854,637022,1,50368,579,0
37.9573727853248,-120.41099299773,637106,1,31944,3379,0
32.7184116494526,-116.87087815186,637120,0,118529,5776,0
40.2993106839452,-120.502403214906,637134,0,73448,2803,0
38.4510366491869,-123.120189696542,637274,1,NA,31,0
35.3718814729898,-117.641815262771,637400,1,NA,48,0
40.9211843228031,-121.629544003544,637442,1,44535,815,0
40.3790831991091,-120.584012429805,637484,0,82417,1151,0
39.7662985860865,-120.713056536839,637512,1,NA,0,0
40.6998474573331,-122.240596346813,637533,0,78167,1269,0
34.1236416568962,-116.312872990764,637554,1,42263,7786,0
35.7940190760194,-119.189582467582,637568,1,NA,93,0
33.0735068241309,-116.588895815279,637582,0,71480,1318,0
40.7341354739137,-123.061810944554,637596,1,52733,754,0
37.7777555899278,-119.09536268313,637624,0,100586,413,0
40.005949175518,-120.952430340977,637904,0,110000,68,0
36.4867241006661,-117.873344788579,637918,1,NA,6,0
35.2335764277207,-118.609899122882,637946,0,89115,257,0
39.5288096498601,-121.466271802864,638024,1,44696,2932,0
38.9704736258461,-122.832774762628,638044,1,42937,3657,0
37.9290467814662,-121.245796690691,638065,1,34355,2877,0
36.0076448844864,-118.109961268198,638076,1,NA,143,0
37.9082635707314,-122.280582013779,638086,0,162375,5171,0
37.9481324102446,-122.549636098863,638114,0,233824,7423,0
38.4154131896214,-122.538767249586,638156,0,90594,540,0
41.2841462707049,-123.819021772984,638177,1,NA,26,0
35.7533178871465,-118.432055711484,638310,1,23288,791,0
40.6134451027848,-122.460619321961,638352,1,58021,192,0
36.0089901549547,-119.962864411786,638394,1,54444,1245,0
37.5573133113404,-120.911388361329,638422,1,46250,5691,0
39.2449980993568,-120.020281781691,638548,1,50134,2826,0
39.3203364802047,-120.438672013623,638604,1,NA,102,0
38.6930099333428,-120.064058796562,638646,0,124167,156,0
41.5442336854675,-124.024562131923,638702,1,40560,970,0
37.9632760221384,-121.651098864239,638772,0,116979,1100,0
37.8200132882617,-120.670342132425,638786,1,NA,62,0
38.7979768589436,-121.717460595931,638800,1,37545,981,0
34.2321619207096,-118.235276172279,639045,0,102750,20171,0
35.3972062017247,-118.989324857343,639052,1,39841,9990,0
37.3998794584057,-122.1989842515,639094,0,193077,1385,0
33.9971867264519,-118.37401616321,639108,0,100714,6419,0
33.5491522903494,-117.641752501128,639114,0,157955,24996,0
37.6634607991944,-120.463160174301,639164,1,16875,143,0
38.0180311657316,-122.691316101359,639283,0,111447,1874,0
37.3181860486581,-122.265094276737,639318,0,184871,1229,0
40.2577789696649,-121.146972364637,639411,0,88750,429,0
40.2812158134888,-121.134467247826,639420,0,90481,382,0
40.2335791320695,-121.20209042035,639425,0,155000,329,0
34.2530951376899,-117.194414623722,639444,0,73814,9741,0
40.3607880485133,-122.210291953238,639460,0,74091,3276,0
41.6460078101507,-120.225519613258,639472,1,NA,86,0
39.856432424077,-120.463040266289,639483,0,73523,91,0
37.659042491243,-120.332950807714,639484,1,45278,1465,0
40.9007557029662,-122.392411526489,639514,1,46083,615,0
34.6832444186766,-118.45888986871,639556,0,84583,660,0
35.6377694992163,-118.481940422656,639570,1,31288,3621,0
33.6479494380474,-117.370606084795,639598,1,59440,12362,0
34.609671023699,-117.833922103505,639612,1,47726,11926,0
33.8249713674986,-117.368351800835,639645,0,103167,7389,0
35.7308270216414,-120.869550646724,639670,0,72101,3021,0
39.0356755515411,-121.059050454198,639690,0,90625,4350,0
34.8225657839907,-119.002554472068,639696,1,48387,757,0
33.517316687026,-116.810767622879,639715,0,66731,1139,0
33.1196696509219,-117.208913508451,639724,0,76958,3957,0
41.521321188738,-122.375582018461,639728,0,64688,2790,0
34.1338646517643,-118.880414092922,639735,0,250001,1697,0
35.2346726843385,-119.082870134429,639759,1,NA,969,0
32.8559620434806,-116.904035119702,639766,0,80318,21032,0
33.8284702691244,-117.123345894325,639836,0,72679,2452,0
39.23500395004,-121.200296417929,639885,0,71493,4709,0
35.2659347151446,-118.915958444831,640088,1,42948,14724,0
36.4377281798711,-119.932211491181,640116,1,NA,241,0
39.6725142041793,-120.985259128334,640312,1,NA,0,0
32.7109755569174,-117.002715211618,640326,0,70619,37410,0
38.5682514986556,-121.354446833039,640410,0,70855,11570,0
38.5129773415229,-122.753615132947,640426,0,82628,8080,0
36.9273817026164,-121.844419071288,640508,0,101406,2544,0
33.583992238915,-117.623645696508,640526,0,146250,5089,0
40.0721461354131,-122.157325769615,640536,1,61250,217,0
36.8688182495099,-121.731624082565,640592,0,78176,3818,0
36.4314148940926,-119.697608043494,640746,1,48598,1967,0
36.8798700474527,-120.114815195915,640872,1,NA,203,0
39.6715091003212,-123.49458857623,640928,1,37127,777,0
34.8449650933285,-118.899198282753,640956,1,33778,1474,0
37.9546041292817,-119.122114310438,640998,1,NA,59,0
39.863544122167,-123.725188135389,641026,1,NA,56,0
37.2288197179623,-120.254015272722,641040,1,49241,1597,0
36.3808856406201,-119.028471225997,641110,1,56250,263,0
38.5172366498968,-121.457292155631,641142,1,41534,15104,0
36.263281367472,-119.904849018416,641166,1,57593,6756,0
33.9380729031221,-118.358552096194,641180,1,46163,22476,0
34.8860613870723,-117.10778453477,641194,1,52488,4431,0
34.6147230975594,-118.298953483536,641208,0,112619,1672,0
40.6969375072149,-122.822527269154,641278,1,49818,1481,0
37.1616748357531,-121.987890249757,641282,0,202431,2656,0
41.2253438031006,-120.503288131524,641390,1,NA,0,0
38.0054758418194,-121.333855173828,641558,0,75625,3991,0
39.1241453804632,-121.542182745057,641572,1,48529,21842,0
36.3580316962258,-119.06459620149,641656,1,NA,73,0
38.0185751095815,-121.099377016823,641670,0,110685,2043,0
36.3088924800818,-119.222595743096,641740,1,22432,837,0
40.3877074031832,-120.380719462523,641782,1,54904,183,0
39.7252548656919,-120.959075309113,641789,1,NA,0,0
39.2702904761585,-123.781763634958,641866,1,2499,176,0
34.5231804047594,-117.980855122616,641880,1,38958,948,0
40.8931184538536,-121.178086207953,641908,1,NA,19,0
36.9860308920394,-121.980425648032,641922,0,91932,16508,0
38.1508458088065,-121.15545230646,642104,0,72688,3572,0
38.486695708113,-120.603437428997,642142,1,NA,451,0
35.9411825561028,-121.08014908933,642146,0,80500,351,0
39.3042776647732,-122.505958553626,642230,1,NA,184,0
40.6408910331664,-124.222569737267,642328,1,38807,599,0
37.2657893316273,-122.300705398884,642384,0,246094,282,0
39.3203244939087,-121.403839694509,642412,0,84132,2909,0
37.1100468941977,-122.05232102367,642510,0,90417,881,0
36.4804848879802,-119.444953013801,642566,1,31100,1534,0
36.577354655463,-118.077720762811,642580,1,34601,1484,0
38.0957048925483,-120.128519091069,642622,1,NA,88,0
41.2094204914572,-121.154376470007,643126,1,NA,50,0
34.7418081882782,-120.274608661704,643252,0,72688,1275,0
35.0809116081425,-120.545048991451,644042,0,118750,301,0
40.0270076202421,-122.09812756408,644140,1,42656,1924,0
34.6640623302372,-120.1169822939,644168,0,102589,838,0
35.3068125148859,-120.824811003591,644182,0,81707,16174,0
35.2104280287012,-120.629511335816,644242,0,198056,1675,0
35.6254098664166,-119.678867789131,644280,1,36458,1742,0
38.9118335008493,-122.608530227206,644350,1,33545,1065,0
37.3503306371642,-122.09798661262,644378,0,250001,3404,0
38.0405120066468,-122.576498662798,644399,0,157854,6738,0
39.0697591847119,-122.77462828467,644406,1,47375,2674,0
34.4427048417801,-116.902103857385,644420,1,39639,5694,0
34.249931300073,-117.504443433786,644644,1,54931,656,0
39.7770664290477,-120.544709503425,644672,1,NA,72,0
41.0413606539031,-121.406841426863,644700,1,NA,521,0
38.6629027091351,-121.401668634588,644760,1,29474,843,0
35.8219894117682,-118.647850968922,644770,1,2499,38,0
41.2540667655647,-122.1360844838,644784,1,42763,899,0
41.8261787771049,-122.005898627824,644812,1,NA,26,0
37.5726708806197,-118.791012481467,644830,1,NA,0,0
40.9487048286576,-124.085659465394,644910,1,54697,16645,0
35.2980333249921,-119.624933513693,644924,1,38333,130,0
37.3145108690831,-120.586771679168,645006,0,105000,4429,0
41.0514156484666,-120.475446901306,645008,1,NA,11,0
37.0122930825595,-120.079916346218,645050,0,88074,9990,0
36.9279149777526,-119.877295720012,645054,0,97833,3591,0
38.6749932723297,-121.970266682819,645064,1,42985,502,0
40.432549471601,-123.492087906455,645092,1,NA,341,0
39.822854039201,-121.607861206249,645120,1,51940,11444,0
36.6816070053779,-119.73179834781,645232,1,42792,1168,0
38.9743899194077,-123.690974462041,645386,1,51131,267,0
40.8514237008242,-124.163068611603,645414,1,48229,762,0
40.4201957251467,-121.854004706495,645512,0,112708,331,0
33.8888669942868,-117.277668406223,645680,0,76065,1236,0
33.976497579481,-118.448610160842,645806,0,120437,10065,0
37.8711611547302,-122.513749204125,645820,1,54150,3040,0
37.4912031478122,-119.972161472804,645932,1,28906,1159,0
38.6840062339296,-119.822750412847,645988,0,89219,187,0
38.3643511076405,-120.803643778554,646100,1,NA,113,0
36.1706507123777,-119.351620778343,646223,1,42039,1036,0
38.548838621723,-121.283167277906,646226,0,99643,4304,0
39.2770836336953,-122.194689441764,646338,1,57292,1256,0
36.7693506447823,-119.76127472944,646400,1,35000,4878,0
34.1159371678492,-118.009593050025,646436,0,97521,5687,0
33.7253200291004,-117.285129399285,646520,1,49375,4208,0
39.9323172290201,-121.083095615948,646618,0,100192,478,0
39.0029422047013,-121.030393313654,646632,0,83627,3508,0
33.8333229921613,-117.285231660481,646646,0,66708,20817,0
33.5767067601807,-116.064519871203,646660,1,25179,5541,0
34.4553540047938,-119.270177333654,646702,0,90294,3697,0
39.3111654969248,-123.794686686392,646814,1,59083,707,0
34.0609302235545,-117.11083256146,646884,1,62188,10141,0
39.1404438713086,-121.907913579319,646926,1,45625,278,0
37.418959316875,-118.542407845983,647013,0,95278,434,0
33.5957049960727,-114.731614377246,647066,1,41576,753,0
38.8102935947031,-119.803277063915,647086,0,108500,211,0
35.0635682968163,-118.972992370953,647164,1,48750,115,0
35.4689346708477,-119.268724775551,647192,1,35167,337,0
38.8343646443919,-120.018850017488,647206,0,86683,2396,0
38.7518829977788,-122.622116219093,647332,0,144696,725,0
37.5523623487224,-119.928884536515,647374,1,NA,314,0
33.7451258037328,-117.984849474646,647430,1,41115,8681,0
40.1633310343294,-120.368625185296,647472,1,NA,117,0
36.9769315881123,-119.665786774145,647592,0,170152,679,0
40.5575905372091,-122.169636502463,647724,0,81827,879,0
40.375467455092,-121.569430044654,647794,1,51250,250,0
36.7276308641489,-119.458858874014,647822,0,68026,968,0
34.4312160470211,-119.287884110443,648046,0,79861,6833,0
40.228900171159,-123.817279777091,648060,0,69500,498,0
34.4548468974459,-119.71218803907,648147,0,150924,2649,0
34.6860878699121,-120.44043728601,648186,0,85268,3509,0
38.0569492559112,-120.179404565668,648298,0,113661,933,0
33.7091372734631,-117.629716439068,648410,0,111563,834,0
39.8048289853173,-120.588327924871,648448,1,NA,53,0
35.0138732292987,-118.189595506367,648452,1,34450,3780,0
38.3056473595643,-120.70612901748,648480,0,71125,484,0
36.5656256776258,-119.740488036312,648592,1,29583,113,0
38.0321315531985,-119.147411596287,648602,1,NA,135,0
38.0123665411619,-120.269750437053,648641,0,72488,3646,0
36.4924251724368,-119.336133262839,648676,1,51136,210,0
37.9975875986447,-122.330105582526,648718,0,69323,2490,0
37.5482682756011,-122.492373945335,648760,0,167888,2833,0
34.4189226867765,-119.632908613157,648844,0,181316,8210,0
37.5268186053902,-121.011500049254,648916,1,NA,293,0
38.4683810680844,-123.014746883921,648928,1,41844,1023,0
40.8414517301596,-121.921514810253,648998,1,29722,118,0
38.6641110214188,-121.875402457383,649045,0,208929,1354,0
38.0386352558866,-121.245561810321,649180,0,250001,3419,0
34.0723830252604,-116.562731750762,649348,1,44806,3166,0
38.4463885455939,-122.194396255379,649432,1,NA,69,0
37.5183917188629,-122.503499057512,649446,0,110540,3436,0
36.8015290911439,-121.78722873146,649488,1,NA,31,0
33.7112173538736,-116.724859598758,649544,1,NA,17,0
40.7184619165001,-122.326237662037,649558,1,28954,703,0
37.7673082074198,-121.544947802749,649582,0,161086,21387,0
35.0956043548615,-118.433466431941,649592,1,NA,251,0
35.6411425069238,-118.404657794801,649600,1,39796,1011,0
38.211726856878,-120.531128715849,649628,0,135655,318,0
38.0092098700305,-122.116862729958,649651,0,71458,1872,0
34.4975628516438,-117.3471849905,649684,1,47350,3698,0
37.5081839013679,-120.043794481873,649726,1,NA,105,0
41.7856335243445,-122.007993258346,649768,1,NA,61,0
37.051038764871,-122.053360226246,649796,0,131504,1394,0
32.8711102604236,-116.424698638194,649810,1,NA,102,0
37.8654745025812,-122.586250238767,649950,0,173657,360,0
38.1371334432472,-120.44874189525,650034,1,47887,1944,0
34.1551814418094,-117.347733773418,650132,1,44957,11546,0
40.266569526724,-123.873679844942,650146,1,NA,126,0
40.7888030100227,-124.128617400878,650188,1,56413,5143,0
38.8676693235837,-121.131834804605,651000,0,87050,1360,0
34.9430619614646,-119.682030970533,651028,1,46719,550,0
41.8898319503397,-121.367455202348,651042,1,31438,481,0
41.987274926496,-120.300977079121,651168,1,NA,47,0
38.0606266584846,-122.700835052703,651280,0,250001,123,0
39.1266471642856,-122.852517820886,651294,1,44024,2407,0
38.8981300465287,-121.57289357771,651336,0,86375,124,0
33.2387128561167,-115.514451281987,651392,1,2499,743,0
37.4030584878479,-119.729281153774,651470,0,64003,388,0
35.0318663424387,-120.498429422833,651476,0,86423,18182,0
39.7737937709599,-121.954919261089,651574,0,72532,368,0
37.7457626903829,-121.988105735585,651622,0,250001,790,0
38.9305763200002,-121.082092656504,651637,0,65884,14446,0
35.0473427359469,-117.809362026668,651812,1,55417,906,0
34.1029315516903,-118.02387446434,651820,0,80509,3709,0
37.4754309322192,-122.203472037956,651840,0,87530,14992,0
37.2305674400505,-119.519943875533,651868,1,58958,3306,0
37.9055180676675,-121.997892041428,651890,0,199936,740,0
38.671328601715,-121.372147685166,651924,1,50816,48660,0
39.0882778791424,-122.905302523535,651990,1,50375,3067,0
37.9645896617223,-122.372821308417,652162,0,70292,4258,0
39.37181506243,-121.106092570881,652246,1,NA,151,0
33.5156761972609,-115.90925095071,652302,1,26250,2580,0
33.7635488562958,-117.794727204235,652379,0,149631,25147,0
41.0966457492666,-121.181592534605,652610,1,51875,31,0
33.8011461709635,-117.141408249211,652624,0,81379,6999,0
34.0447743457194,-116.949758982241,652715,1,NA,307,0
34.3910922891056,-117.412299895165,652760,0,93947,10415,0
37.3475165303919,-119.620242410871,652764,1,53375,5405,0
34.1849893984328,-118.766952631636,653116,0,137047,13987,0
40.6902068837059,-122.028502012749,653140,1,NA,379,0
35.7601468033044,-120.981350188928,653160,1,NA,325,0
34.4030421184823,-119.298960959299,653182,0,97917,6557,0
38.4383776319118,-122.406786159621,653196,1,NA,74,0
33.5275435147401,-116.126136249509,653224,1,17946,2554,0
38.400384962522,-122.934970086919,653266,0,66512,876,0
35.1018698895071,-120.608939635279,653294,0,66261,7601,0
32.7431296750508,-116.001889997092,653378,1,NA,44,0
35.4292680236863,-119.030588852662,653448,1,40773,35520,0
36.270366801753,-118.001515221753,653490,1,59808,181,0
35.3476039161922,-119.079384093592,653503,0,168295,839,0
36.7988498483389,-119.805140665218,653505,0,87578,5613,0
35.2671289010856,-119.10553504279,653574,1,NA,76,0
40.672173148182,-121.422798319592,653602,1,NA,21,0
35.3477560533797,-119.04693535765,653603,1,48234,3477,0
39.079468363905,-121.556673589692,653714,1,54309,15149,0
40.4801624416523,-122.625728911126,653882,1,45625,57,0
35.6838794859717,-118.210169317618,653910,1,45391,576,0
37.8096216988181,-120.711524361486,653987,0,68750,1155,0
38.6880997563345,-121.220881779071,654092,0,78071,35030,0
34.8691078301185,-120.422256545248,654120,0,95916,31353,0
41.2909220633469,-124.069153098941,654218,1,32917,346,0
36.5432762748195,-119.291431281845,654372,1,43221,8908,0
39.4946757925768,-121.486623567391,654388,0,73706,8093,0
37.9878576365389,-122.069840480794,654764,0,88714,4775,0
36.9016558719467,-121.741717184306,655044,1,56122,3509,0
36.87224324438,-121.810079863601,655048,1,NA,235,0
33.3639536517065,-117.067480103962,655058,0,93393,1094,0
39.4312739708558,-121.522555477783,655086,1,41464,5204,0
40.5658333655975,-122.242532286529,655296,0,96292,2893,0
33.4278480029979,-114.727106064901,655422,1,NA,78,0
35.8067725063576,-118.627065203376,655506,1,NA,51,0
37.4828592899244,-118.602226222532,655528,1,NA,168,0
37.0063025327228,-122.042426689378,655604,0,140673,468,0
37.6070960333015,-120.980398500527,655728,0,63764,1844,0
36.9464928242154,-120.021190394949,655751,1,53690,2725,0
38.4992984918756,-121.452025590089,655800,1,50293,16282,0
36.9292757916219,-120.04820307689,655842,1,49158,2394,0
37.0033433621934,-122.026487037471,656028,0,190994,1226,0
39.8832797315608,-122.545846894084,656042,1,41875,59,0
36.3795264297955,-119.295616649913,656120,1,51250,2003,0
40.140729768816,-120.17813621168,656140,1,49177,635,0
40.0336110756591,-121.002581109761,656182,1,NA,0,0
40.3408804150172,-121.91743487419,656196,1,19138,47,0
35.8188602187783,-117.875535547608,656294,1,NA,0,0
38.3006236097343,-122.670653408436,656476,0,83289,2368,0
39.1953023908722,-121.194166531148,656518,1,44874,1073,0
38.8482235146496,-121.169821644077,656546,0,94091,878,0
34.0422824243643,-118.709194465497,656598,0,131528,2764,0
37.2507564309468,-122.372531890067,656756,1,NA,418,0
38.2506573641035,-122.788854572589,656786,1,46625,1020,0
37.9763062486835,-121.043945918332,656798,0,111548,472,0
34.4398302879988,-117.524850481419,656826,0,63533,19038,0
40.211740789443,-123.784466649901,656854,1,2499,102,0
39.0657621741181,-123.445076479345,656868,1,31250,156,0
38.0075508958189,-120.308976723192,656870,1,56641,4820,0
36.1404725962487,-118.629627576032,657011,1,NA,42,0
39.4278487626255,-120.99969374584,657036,1,33723,120,0
36.1757019710357,-121.149828131879,657070,0,91406,2939,0
35.8746328166611,-118.642871713984,657134,1,NA,153,0
38.4030469240534,-120.657104223422,657148,1,61096,2070,0
40.7312924933678,-124.155110307596,657204,1,53684,3547,0
34.8445812023139,-119.166889817798,657240,1,50859,2011,0
37.8598898965255,-120.184403149411,657244,1,56355,2801,0
32.841519440336,-116.510715640123,657260,0,107798,1611,0
34.4437886919059,-117.621445686116,657302,1,54102,6937,0
38.4337634211493,-120.586088354534,657330,0,96140,1224,0
34.4063661115776,-118.80192994492,657372,1,59000,2126,0
35.9785513753418,-119.300332832602,657512,1,32209,4322,0
36.1430325752145,-119.135352342821,657568,1,23917,610,0
37.2902073775197,-120.321644867941,657582,1,46801,3984,0
40.3590575497265,-122.90425786323,657666,1,NA,23,0
36.958735101194,-121.970016925768,657825,0,92569,6173,0
39.7982482001993,-120.664455559766,657828,0,80417,358,0
38.9844588460191,-121.563428198971,657829,0,103832,7687,0
38.0846537242658,-122.809238600416,657960,1,NA,210,0
38.7574854996379,-120.592066736199,658030,1,56628,6480,0
36.1050477876597,-118.529361890083,658134,1,NA,52,0
36.0577217195533,-119.150193304778,658191,1,31533,1840,0
38.0445479950004,-122.184954708669,658226,1,NA,242,0
35.8038509203088,-118.678930645464,658422,1,NA,0,0
35.8112766975335,-118.636549835732,658436,1,NA,3,0
40.4159543119216,-123.231616257289,658456,1,17000,82,0
35.3635362395272,-118.965002760117,658471,1,40129,10833,0
32.6130941507446,-116.606826285354,658478,1,NA,250,0
39.3190581117842,-123.112224443859,658506,1,55917,374,0
40.2060098489162,-121.157470024752,658618,1,NA,27,0
39.4016038726464,-122.019372585091,658758,1,43917,337,0
40.0761624950502,-122.177622167921,658814,1,NA,36,0
36.8063558663184,-121.655523727634,658870,0,94179,20560,0
35.2653063000991,-119.032422244668,658940,1,48646,169,0
34.6526857618019,-118.216340418638,659052,0,79714,10405,0
39.93102287876,-120.954899031772,659080,1,54131,1706,0
39.4261200029991,-121.354202090585,659115,1,30000,193,0
38.3245280921289,-120.516931591178,659220,1,30625,97,0
33.4098541688482,-117.139450342634,659248,0,65694,2211,0
36.6032673740145,-119.909170978774,659290,1,39444,377,0
33.0474001458571,-116.876697896114,659346,0,77823,21493,0
38.1248571135961,-120.856983725387,659426,0,64107,6310,0
33.514010383877,-117.561811550963,659503,0,151094,7816,0
38.5085376595925,-121.071598823363,659506,0,111827,5682,0
32.762409945069,-116.919699240308,659550,0,100000,21476,0
33.0239977187828,-117.199148279755,659584,0,174280,2657,0
40.0010522780258,-122.441912515827,659604,1,41875,1750,0
35.3679616822775,-117.660638871512,659668,1,20700,99,0
38.4121363736817,-120.607113263008,659896,1,NA,1557,0
40.3987796942443,-123.947428921688,659906,1,NA,19,0
40.1208581052296,-123.822070386587,660088,1,62786,1315,0
39.2689380071442,-123.20234851523,660214,1,48824,1812,0
37.9398939059566,-122.102709435677,660279,0,172042,3321,0
35.3050576715323,-118.997003942144,660370,1,44650,3487,0
39.973806446533,-122.173247211328,660592,1,46250,341,0
35.7966167663092,-119.106915557565,660606,1,19063,2098,0
39.4937438335957,-121.750782637971,660662,1,NA,157,0
35.6019055321488,-117.704192019669,660705,1,NA,193,0
36.8082455503319,-121.362294673377,660706,0,121250,2572,0
36.9573387844241,-121.883494622385,660928,0,116220,9713,0
38.6875064690312,-121.441694775668,660942,0,72361,16115,0
38.9518272497718,-121.530984031349,660970,0,130417,414,0
33.5237926380112,-114.653003563146,661012,1,23305,460,0
36.4304072416594,-119.867192154517,661096,1,34883,2727,0
37.6029078006667,-121.042470864608,661106,1,NA,1393,0
35.4402994545146,-118.941096823999,661108,1,NA,51,0
38.5454631656011,-120.742922249722,661124,1,41607,420,0
38.8669871796002,-121.705634144613,662168,0,70417,428,0
39.4856321457609,-121.32017691696,662200,1,NA,48,0
38.0377130974525,-122.254043344921,662490,0,78042,10023,0
35.8089911205522,-119.13883477056,662496,1,NA,61,0
36.9039673635854,-119.796636657781,662625,0,79138,706,0
37.9653518387987,-122.330620726431,662700,0,88125,3612,0
33.7647677580307,-117.157145845119,662756,0,66576,2755,0
34.8657673712231,-118.215488820991,662826,0,64218,20255,0
35.3886148022346,-119.205758204397,662854,0,108477,19003,0
34.0090173268352,-118.041921142013,662860,0,102997,2619,0
38.5477339103843,-121.355384629127,662910,0,73166,23755,0
33.7886968001982,-118.080337596411,663050,0,138641,11923,0
39.2340273956694,-121.138036023155,663106,1,NA,511,0
40.8005402550551,-121.937500222426,663134,1,32708,100,0
37.4069654320908,-118.58174838633,663148,1,55000,493,0
37.6195184685458,-121.00838342778,663168,1,50132,1684,0
33.9716086600841,-117.891193052151,663218,0,75889,49914,0
38.8902116878751,-122.24046386625,663302,0,76905,107,0
34.2103925896178,-117.114794242706,663316,0,70822,4410,0
40.2943012197366,-123.348297251573,663386,1,NA,213,0
38.4567902980801,-122.423149655418,663400,0,100750,100,0
33.5982959823289,-116.915381133037,664056,1,54497,2814,0
37.7083636395586,-121.084244481519,664210,0,82563,15269,0
38.3462172191919,-123.059342256789,664252,1,NA,20,0
33.2994383704151,-115.960962652533,664294,1,29138,5975,0
33.3758497915532,-116.011387338014,664308,1,59808,299,0
40.8860679555473,-123.580725965129,664378,1,35446,433,0
40.8146146184165,-124.189228611285,664392,1,39183,211,0
38.1911379279734,-120.676308714292,664420,1,31773,3729,0
34.1573303895732,-117.659283978416,664462,0,93990,3113,0
36.0237042155623,-120.907319804746,664476,0,63036,628,0
33.0093796944545,-116.787323354939,666004,0,123529,9752,0
38.0067176466493,-122.663279183805,667070,1,NA,176,0
37.6732739491379,-122.133418512452,668112,0,91319,30117,0
36.128354140476,-121.02174469077,668140,1,58750,415,0
37.0828880024188,-121.596336312901,668238,0,115714,6498,0
37.8867040956651,-122.036845931521,668263,0,182083,3253,0
35.7534076568843,-120.692405870806,668266,0,63171,2536,0
34.1392265969505,-118.102536183314,668308,0,102821,2038,0
35.6182104437953,-121.137450348956,668434,1,49194,550,0
35.3894313901348,-120.608170932356,669182,1,NA,1025,0
37.1012242427302,-121.015709826872,670028,0,73590,1981,0
34.2459072467724,-118.901795196206,670130,0,150417,2721,0
34.2585712010263,-118.664364932053,670140,0,74706,924,0
38.0055487933141,-122.50332576813,670154,0,93750,3891,0
34.61679383975,-120.09482669065,670182,0,99349,4728,0
37.8878227752741,-122.076155041403,670266,0,130326,6027,0
34.2818329310049,-119.14526876738,670322,0,70963,1739,0
39.6265097461424,-120.435629927872,670336,1,NA,73,0
40.4775008707331,-124.103194522786,670518,1,33636,490,0
36.9770286768001,-121.917851222517,670644,0,96250,3580,0
38.7166209632505,-123.452708085196,670712,0,78125,1156,0
35.7700551971836,-117.396685783277,670728,1,31445,1647,0
32.7892723812036,-115.684301451141,670798,1,32961,1847,0
36.1858873558566,-118.625647548998,670966,1,NA,39,0
38.3836762230546,-123.073161453029,671000,1,NA,57,0
36.4835383424976,-119.225880379869,671078,1,40000,449,0
35.6535956216539,-120.383158052906,671134,0,72860,1054,0
40.5911145331167,-122.479699736228,671218,0,64135,1639,0
37.0971384085198,-119.324486747061,671246,0,105000,438,0
37.905924388867,-122.034411640459,671362,0,203833,1081,0
40.0389601522296,-124.055839509703,671372,1,38553,863,0
38.9694868021697,-121.355199334578,671414,1,48698,1120,0
38.6665583857077,-120.93703685376,671554,0,83700,3710,0
40.5034887182106,-121.859950863794,671568,1,51901,2291,0
35.9510228403825,-116.305589843882,671680,0,147000,18,0
39.6425979795248,-120.215402028387,671774,1,53804,441,0
39.5740200956416,-120.629668734327,671778,0,96406,84,0
38.0765681701931,-120.162922144342,671834,1,55947,226,0
39.5750491473958,-120.363799223691,671848,1,NA,166,0
33.7481789940997,-117.628493018569,671918,0,92833,740,0
38.3536423491678,-122.2555530804,671927,0,173578,1171,0
36.4663108835878,-118.649520714716,671932,1,NA,0,0
34.7515225398962,-117.343063007755,671964,0,76473,6050,0
34.86217767185,-120.294238459674,672086,1,50893,169,0
33.8912450216017,-116.355061904744,672156,1,33073,2274,0
38.0120445227803,-122.587701566826,672184,0,193625,2366,0
39.2052780287923,-121.292929907976,672282,1,61591,487,0
35.4788359495973,-119.277135136693,672338,0,66174,413,0
41.9232657155548,-124.148986297867,672380,0,82702,670,0
37.5216498165461,-120.43846349582,672408,1,41458,115,0
39.0024361077584,-122.779489004852,672478,0,76875,714,0
39.3247930031105,-120.378678448633,672492,1,NA,46,0
34.2652675514162,-118.998417674213,672632,0,101875,1189,0
38.340569826868,-122.672897341001,672654,1,NA,1407,0
36.9977675163782,-121.948261073966,672688,0,96434,10721,0
37.9917681817939,-120.261673143708,672772,0,70962,2063,0
36.9707064337819,-120.646743582363,672954,1,31469,1167,0
34.1234259060339,-117.995875584684,673167,0,88819,6565,0
39.4766821583805,-121.543949424524,673178,1,50655,2606,0
34.048899929418,-118.096161378082,673276,0,65287,8420,0
34.0123369786179,-117.904376244885,673290,0,76032,19104,0
35.12931336037,-119.457512720316,673388,1,28452,2120,0
33.9336081511618,-118.031161842512,673430,0,75883,58616,0
40.6556697422177,-120.7862731334,673554,1,36328,129,0
36.624720483043,-121.646499912659,673612,1,NA,373,0
39.9009999519303,-120.793322664133,673654,1,NA,19,0
39.0776816035006,-122.596777822221,673690,1,55588,1056,0
32.7316428070793,-116.976581158912,673696,0,80161,31866,0
34.4987363673947,-117.26830659443,673700,0,86033,8408,0
36.1225166747209,-118.822892944474,673710,1,NA,567,0
36.6997905875551,-119.19937122128,673794,0,68333,3511,0
35.6175299390074,-118.404681042181,673815,1,NA,1146,0
35.0922419873576,-118.65864135561,673868,0,64028,2996,0
37.4252033110238,-122.167416195185,673906,1,61571,16200,0
35.4056547113457,-119.314190655752,674021,0,76667,963,0
34.3893912405488,-118.588352922919,674130,0,136262,18980,0
37.3246695602986,-120.849677127427,674144,1,NA,196,0
37.9024896509392,-122.650130256178,674172,0,120250,583,0
39.9063549278243,-121.536158014105,674186,1,29537,300,0
40.6975156739557,-120.730841191773,675122,0,140484,102,0
39.3694977189634,-122.543822067549,675154,1,NA,76,0
36.1884695001239,-119.82225906525,675252,0,67865,771,0
36.146121583506,-119.064353854075,675280,1,30545,3641,0
37.891485910235,-122.506786267663,675315,0,114375,5325,0
38.1986679843394,-120.010537443785,675322,1,NA,5,0
35.8343044327192,-118.616553500864,675592,1,NA,0,0
35.8268562216519,-118.635459689363,675596,1,NA,8,0
36.5455158834589,-119.337748481919,675672,1,26927,1336,0
34.401748416255,-119.594795934263,675714,0,108633,745,0
36.7294240454393,-119.694517650448,675994,0,96271,4557,0
39.1506683726254,-120.159691265103,676015,0,105667,1576,0
37.5693814655796,-118.675849731711,676040,1,NA,68,0
37.5900371192152,-121.884709897354,677042,0,161563,835,0
34.559622115533,-117.955868275527,677308,1,56202,14080,0
39.1556017490938,-121.749276886048,677378,0,79625,2789,0
37.5060642022557,-118.642671202026,677430,0,151818,390,0
35.1337550609309,-119.471152570134,677588,1,45046,1509,0
37.9140202488336,-121.283127195324,677595,1,57386,1060,0
39.2477984381208,-120.053220796135,677700,0,77159,1233,0
39.0639916544987,-120.143403425421,677728,0,72222,1039,0
39.1313936424386,-123.164775580191,677784,1,41815,1136,0
37.8792282041542,-122.538118798392,677805,0,187734,12331,0
38.7618641630794,-122.154709253287,677860,1,48906,19,0
37.9938497527747,-122.318794703534,677924,0,91447,4915,0
35.3807050284952,-118.817100251721,677934,1,NA,0,0
36.7940504540758,-119.701210198406,677960,1,54750,4222,0
40.0586684317319,-120.838687815767,678008,1,NA,35,0
35.835189805422,-116.207563658465,678050,1,33173,212,0
38.2577600600962,-122.498210987306,678126,1,56691,1915,0
33.7580632082597,-117.467695037526,678138,0,102179,28420,0
35.5560297128961,-120.718176743518,678162,0,92083,7965,0
41.5822562564846,-121.913105769498,678176,1,NA,21,0
38.1152616043152,-121.489571304614,678232,1,51648,400,0
35.9600163140697,-119.038540529921,678288,1,20906,2389,0
35.9288777350725,-119.278345192766,678336,1,40139,903,0
33.6261981840584,-116.130847664787,678456,1,17878,1371,0
39.490821113682,-121.615042816111,678470,1,37302,6495,0
38.230911262524,-121.424896899325,678568,1,33611,903,0
33.8149764882306,-116.354484353305,678596,1,58814,8158,0
36.4333916908268,-118.888556677456,678638,0,71929,2699,0
36.505153700296,-120.393547092224,678652,1,NA,97,0
38.5410931536643,-123.258801533476,678715,0,78958,107,0
36.0572383011869,-119.313537253512,678750,1,44663,3391,0
39.9358047608585,-121.296501609737,678792,1,NA,0,0
38.2470353425611,-122.905368936961,678890,0,109063,160,0
36.2473870517983,-119.090364796432,678932,1,24917,236,0
36.287758516451,-119.115447545203,678949,1,NA,184,0
34.0964358844429,-118.605288354796,678960,0,121010,8098,0
38.6356424551684,-119.504738181341,679030,0,73396,369,0
34.4221805045786,-119.558069606626,679529,0,119286,1918,0
33.6782330595274,-117.594025129158,680210,0,143750,1281,0
36.6480121012969,-120.252554430105,680266,1,NA,807,0
36.4541165080751,-119.483742184832,680280,1,46406,702,0
36.7903864358096,-121.310578968091,680364,0,128000,921,0
40.984072184285,-122.70834005957,680476,1,38594,265,0
40.8789211421282,-123.513220652347,680483,1,36333,248,0
35.8149924505956,-117.344905868014,680515,1,NA,69,0
38.9263912587723,-121.514859116655,680560,0,116250,196,0
37.9614989607316,-120.242781599698,680763,1,35864,1414,0
35.2987474915495,-119.357686351296,680784,1,NA,134,0
37.2965126160967,-120.378879964943,680882,1,NA,97,0
38.000348571405,-120.450304446094,680896,1,NA,770,0
40.0355085230876,-121.040373863177,680952,1,NA,303,0
38.0384028577644,-120.233958292024,680966,1,59618,2502,0
38.1695008445386,-119.342191291926,681048,1,NA,117,0
36.961344582182,-121.991633341449,681050,0,68831,5546,0
38.5377088909975,-121.757912750551,681302,1,21230,9031,0
37.3665964177136,-120.419042628026,681312,1,NA,0,0
34.4145285343044,-119.856649437296,681316,0,70948,11671,0
39.1654174675499,-122.905304592592,681358,0,89083,1250,0
34.040038154073,-117.930069377755,681638,0,88054,22665,0
38.0836132711264,-120.465218073302,681652,1,44375,132,0
33.7435896245358,-116.88709486048,681708,1,55625,19072,0
35.2086730693448,-119.410663102795,681722,0,70046,641,0
33.233005431192,-117.015778334946,681736,0,99223,11320,0
38.3245650609929,-122.914745600722,681778,1,NA,0,0
37.8272456418125,-120.914355956169,681792,1,NA,209,0
39.7403470059866,-120.564908319268,681869,1,NA,38,0
38.1694449700999,-120.826004720072,681890,0,81528,3890,0
35.8761334581172,-117.336578370184,681925,1,NA,0,0
34.4504277708606,-118.671796711902,681967,0,92526,3261,0
34.7476926265114,-120.518994592189,682072,0,67917,3646,0
34.7110732603627,-120.46225038668,682086,0,81045,7945,0
39.5236980232761,-120.016299445517,682334,1,NA,154,0
38.1384704184717,-121.198773525707,682562,1,NA,420,0
33.9955134808534,-118.348362582103,682667,0,95977,11621,0
39.9341854326743,-122.051719641903,682786,1,NA,212,0
34.0982731401811,-117.923812247865,682815,0,86326,16405,0
38.0071220020725,-122.087310392171,682842,0,115027,3228,0
38.4740374229257,-121.324007589181,682852,0,92045,39800,0
38.0485587735818,-119.255461839556,682929,1,NA,0,0
33.6226552511536,-116.212590998068,683085,1,49000,2072,0
38.4506194729463,-120.621779493185,683094,1,NA,45,0
37.0875071539076,-120.923472812694,683108,1,41174,133,0
38.5185092771967,-119.473064041324,683262,1,58125,401,0
38.2039682304699,-120.960928569902,683304,0,101745,721,0
38.2477760747545,-121.527981887815,683374,0,73984,1288,0
33.9682375105402,-118.221959991796,683402,1,61408,15939,0
33.7066857785504,-117.334265364381,683460,1,51972,1445,0
40.3954573397581,-121.317361005286,683494,1,NA,0,0
39.3591632530846,-120.790508920782,683570,1,62500,137,0
38.036457950856,-121.184564130383,683626,1,NA,902,0
36.1391088209041,-119.510985852348,683724,0,66250,51,0
41.3543194399951,-123.862302831264,683730,1,NA,15,0
37.544678761306,-119.638686553233,683766,1,NA,166,0
40.7406691347423,-122.929032883623,683794,1,45417,3308,0
35.2368597591146,-118.912360767583,683863,1,18943,2879,0
41.1968896216415,-123.693874806456,683906,1,35313,58,0
35.6430764670587,-118.31024068839,683948,1,37535,2160,0
40.3226084810983,-123.920889593771,684004,1,NA,124,0
33.9234578539511,-118.303313302403,684116,1,59955,9554,0
37.3570560968995,-118.454279247881,684120,0,100000,2553,0
33.822939960321,-118.293139090712,684144,0,77195,22697,0
36.3491876119055,-119.4573870112,684345,1,28378,674,0
41.0447046743126,-124.102304986139,684385,0,66786,1302,0
37.5469127362694,-121.200928275048,684480,1,NA,689,0
37.433829263849,-122.203432982994,684536,0,219258,3720,0
37.6178086497288,-121.034567774453,684578,1,43864,5557,0
33.9416869892536,-118.301845527301,684592,1,41119,35188,0
36.705532488432,-119.851561419646,684680,0,65625,1025,0
38.4060631269567,-120.536494020617,684732,1,NA,640,0
34.0511809429718,-117.968037989473,684774,0,78934,23555,0
33.9056972201671,-118.268290023345,684780,0,67523,21977,0
36.4042066284643,-120.134338545814,684863,1,NA,213,0
33.9760031569618,-118.068941235032,684921,0,75515,26121,0
40.3049088404615,-121.003631359127,684928,1,38063,1387,0
39.7206143166688,-120.553595709215,685086,1,NA,37,0
33.9355925571045,-116.687223950839,685208,1,46875,1166,0
35.6574377708242,-120.507031209829,685222,1,NA,44,0
40.6149102247063,-121.93544079961,685250,0,67778,416,0
37.2794362783515,-118.387710455662,685551,0,78942,495,0
33.7289172792985,-117.639450101159,685587,1,NA,108,0
33.9208705253304,-118.235556230233,685614,1,44561,24401,0
40.9384779234154,-123.641198497051,685642,0,67452,1241,0
36.7346030545342,-118.955859171258,685866,1,NA,0,0
38.4129810028114,-121.21272427561,685880,0,107411,5224,0
33.7146025430731,-117.077454780389,685894,1,49783,2957,0
32.837617988296,-116.926874603267,685992,0,77394,22785,0
32.7371882494905,-114.637809304351,686020,1,11406,151,0
37.3854322763882,-120.617377608442,686076,1,46977,11619,0
35.712717983564,-118.473151748534,686174,1,28669,1870,0
38.0051787556182,-122.638323115655,686216,0,121150,1464,0
38.1691996534503,-121.311325302926,686230,0,95859,3806,0
33.8789311856629,-117.368625939277,686244,0,111571,18719,0
35.0288781564486,-120.552406139333,686380,0,135814,2331,0
36.0926853452919,-119.201238007524,686482,1,29107,1836,0
36.0831556679524,-119.147935237899,686489,1,33750,701,0
35.7081528344437,-118.8144087523,686496,0,101667,67,0
34.3495131281155,-117.629970856175,686594,1,62842,4362,0
39.7007157271986,-121.514702756383,686678,1,45313,256,0
34.9073204076344,-116.823233195819,686720,1,49769,1082,0
36.4856891975735,-119.25570184254,686734,1,38966,487,0
38.740468582995,-121.80933787126,686804,1,NA,196,0
37.1885675281613,-119.772325070484,686878,0,79653,5303,0
37.7407573721586,-119.577888359032,686912,1,37105,1213,0
37.6481983690342,-119.718229736735,686916,1,NA,33,0
37.0892218273262,-122.040871086943,687090,0,125391,765,0
