variant,bag_id,entity_type,note
california_center_for_watershed_sciences,res_university_of_california_davis,Research,"bag audit 2026-10-08: same organization, see BAG_REVIEW_FINDINGS.md §7d"
center_for_watershed,res_university_of_california_davis,Research,"bag audit 2026-10-08: same organization, see BAG_REVIEW_FINDINGS.md §7d"
center_for_watershed_sciences,res_university_of_california_davis,Research,"bag audit 2026-10-08: same organization, see BAG_REVIEW_FINDINGS.md §7d"
davis_center_for_watershed_science,res_university_of_california_davis,Research,"bag audit 2026-10-08: same organization, see BAG_REVIEW_FINDINGS.md §7d"
davis_center_for_watershed_sciences,res_university_of_california_davis,Research,"bag audit 2026-10-08: same organization, see BAG_REVIEW_FINDINGS.md §7d"
davis_tahoe_research_group,res_university_of_california_davis,Research,"bag audit 2026-10-08: same organization, see BAG_REVIEW_FINDINGS.md §7d"
tahoe_research_group,res_university_of_california_davis,Research,"bag audit 2026-10-08: same organization, see BAG_REVIEW_FINDINGS.md §7d"
u_c_davis_hydrologic_graduate_group,res_university_of_california_davis,Research,"bag audit 2026-10-08: same organization, see BAG_REVIEW_FINDINGS.md §7d"
u_c_davis_stable_isotop_e_f_acility,res_university_of_california_davis,Research,"bag audit 2026-10-08: same organization, see BAG_REVIEW_FINDINGS.md §7d"
ucd,res_university_of_california_davis,Research,"bag audit 2026-10-08: same organization, see BAG_REVIEW_FINDINGS.md §7d"
ucdavis,res_university_of_california_davis,Research,"bag audit 2026-10-08: same organization, see BAG_REVIEW_FINDINGS.md §7d"
university_of_california_davis_agricultural_issues_center,res_university_of_california_davis,Research,"bag audit 2026-10-08: same organization, see BAG_REVIEW_FINDINGS.md §7d"
university_of_california_davis_hydrologic_graduate_group,res_university_of_california_davis,Research,"bag audit 2026-10-08: same organization, see BAG_REVIEW_FINDINGS.md §7d"
university_of_california_davis_nitrate_study,res_university_of_california_davis,Research,"bag audit 2026-10-08: same organization, see BAG_REVIEW_FINDINGS.md §7d"
university_of_california_davis_review,res_university_of_california_davis,Research,"bag audit 2026-10-08: same organization, see BAG_REVIEW_FINDINGS.md §7d"
university_of_california_davis_scott_valley_irrigation_district,res_university_of_california_davis,Research,"bag audit 2026-10-08: same organization, see BAG_REVIEW_FINDINGS.md §7d"
university_of_california_davis_scott_valley_irrigation_district_managed_aquifer_recharge,res_university_of_california_davis,Research,"bag audit 2026-10-08: same organization, see BAG_REVIEW_FINDINGS.md §7d"
university_of_california_davis_small_farm_program,res_university_of_california_davis,Research,"bag audit 2026-10-08: same organization, see BAG_REVIEW_FINDINGS.md §7d"
university_of_california_davis_vegetable_research_and_information_center,res_university_of_california_davis,Research,"bag audit 2026-10-08: same organization, see BAG_REVIEW_FINDINGS.md §7d"
university_of_california_davis_water_supply_memo,res_university_of_california_davis,Research,"bag audit 2026-10-08: same organization, see BAG_REVIEW_FINDINGS.md §7d"
university_of_california_davis_watershed_center,res_university_of_california_davis,Research,"bag audit 2026-10-08: same organization, see BAG_REVIEW_FINDINGS.md §7d"
university_of_california_davis_watershed_sciences,res_university_of_california_davis,Research,"bag audit 2026-10-08: same organization, see BAG_REVIEW_FINDINGS.md §7d"
regents_of_the_university_of_califorma,res_university_of_california,Research,"bag audit 2026-10-08: same organization, see BAG_REVIEW_FINDINGS.md §7d"
regents_of_the_university_of_california,res_university_of_california,Research,"bag audit 2026-10-08: same organization, see BAG_REVIEW_FINDINGS.md §7d"
uc,res_university_of_california,Research,"bag audit 2026-10-08: same organization, see BAG_REVIEW_FINDINGS.md §7d"
university_of_cali_fomia,res_university_of_california,Research,"bag audit 2026-10-08: same organization, see BAG_REVIEW_FINDINGS.md §7d"
california_university_of_california_cooperative_extension,res_university_of_california_cooperative_extension,Research,"bag audit 2026-10-08: same organization, see BAG_REVIEW_FINDINGS.md §7d"
coop_extension,res_university_of_california_cooperative_extension,Research,"bag audit 2026-10-08: same organization, see BAG_REVIEW_FINDINGS.md §7d"
cooperative_extension,res_university_of_california_cooperative_extension,Research,"bag audit 2026-10-08: same organization, see BAG_REVIEW_FINDINGS.md §7d"
cooperative_extension_biometeorology_specialist,res_university_of_california_cooperative_extension,Research,"bag audit 2026-10-08: same organization, see BAG_REVIEW_FINDINGS.md §7d"
cooperative_extension_tish_espinosa_service,res_university_of_california_cooperative_extension,Research,"bag audit 2026-10-08: same organization, see BAG_REVIEW_FINDINGS.md §7d"
ucanr,res_university_of_california_cooperative_extension,Research,"bag audit 2026-10-08: same organization, see BAG_REVIEW_FINDINGS.md §7d"
university_of_cal_fornia_cooperative_extension,res_university_of_california_cooperative_extension,Research,"bag audit 2026-10-08: same organization, see BAG_REVIEW_FINDINGS.md §7d"
university_of_california_cooperative_exten,res_university_of_california_cooperative_extension,Research,"bag audit 2026-10-08: same organization, see BAG_REVIEW_FINDINGS.md §7d"
university_of_california_cooperative_extension_consistent,res_university_of_california_cooperative_extension,Research,"bag audit 2026-10-08: same organization, see BAG_REVIEW_FINDINGS.md §7d"
university_of_california_cooperative_extension_county,res_university_of_california_cooperative_extension,Research,"bag audit 2026-10-08: same organization, see BAG_REVIEW_FINDINGS.md §7d"
university_of_california_cooperative_extension_farm,res_university_of_california_cooperative_extension,Research,"bag audit 2026-10-08: same organization, see BAG_REVIEW_FINDINGS.md §7d"
university_of_california_cooperative_extension_farm_advisor,res_university_of_california_cooperative_extension,Research,"bag audit 2026-10-08: same organization, see BAG_REVIEW_FINDINGS.md §7d"
university_of_california_cooperative_extension_farm_consistent,res_university_of_california_cooperative_extension,Research,"bag audit 2026-10-08: same organization, see BAG_REVIEW_FINDINGS.md §7d"
university_of_california_cooperative_extension_farm_montecito_groundwater_basin,res_university_of_california_cooperative_extension,Research,"bag audit 2026-10-08: same organization, see BAG_REVIEW_FINDINGS.md §7d"
university_of_california_cooperative_extension_leaflet,res_university_of_california_cooperative_extension,Research,"bag audit 2026-10-08: same organization, see BAG_REVIEW_FINDINGS.md §7d"
university_of_california_cooperative_extension_leaflet_21427,res_university_of_california_cooperative_extension,Research,"bag audit 2026-10-08: same organization, see BAG_REVIEW_FINDINGS.md §7d"
university_of_california_davis_cooperative_extension,res_university_of_california_cooperative_extension,Research,"bag audit 2026-10-08: same organization, see BAG_REVIEW_FINDINGS.md §7d"
university_of_california_davis_cooperative_extension22,res_university_of_california_cooperative_extension,Research,"bag audit 2026-10-08: same organization, see BAG_REVIEW_FINDINGS.md §7d"
university_of_california_davis_groundwater_cooperative_extension_program,res_university_of_california_cooperative_extension,Research,"bag audit 2026-10-08: same organization, see BAG_REVIEW_FINDINGS.md §7d"
university_of_california_division_of,res_university_of_california_cooperative_extension,Research,"bag audit 2026-10-08: same organization, see BAG_REVIEW_FINDINGS.md §7d"
university_of_california_division_of_agriculture_and_natural_resources,res_university_of_california_cooperative_extension,Research,"bag audit 2026-10-08: same organization, see BAG_REVIEW_FINDINGS.md §7d"
university_of_california_extension,res_university_of_california_cooperative_extension,Research,"bag audit 2026-10-08: same organization, see BAG_REVIEW_FINDINGS.md §7d"
university_of_california_extension_service,res_university_of_california_cooperative_extension,Research,"bag audit 2026-10-08: same organization, see BAG_REVIEW_FINDINGS.md §7d"
university_of_california_x_cooperative_extension,res_university_of_california_cooperative_extension,Research,"bag audit 2026-10-08: same organization, see BAG_REVIEW_FINDINGS.md §7d"
us_cooperative_extension,res_university_of_california_cooperative_extension,Research,"bag audit 2026-10-08: same organization, see BAG_REVIEW_FINDINGS.md §7d"
university_of_california_berkeley_essig_museum,res_university_of_california_berkeley,Research,"bag audit 2026-10-08: same organization, see BAG_REVIEW_FINDINGS.md §7d"
university_of_california_essig_museum,res_university_of_california_berkeley,Research,"bag audit 2026-10-08: same organization, see BAG_REVIEW_FINDINGS.md §7d"
cal_state_university_monterey_bay,res_california_state_university_monterey_bay,Research,"bag audit 2026-10-08: same organization, see BAG_REVIEW_FINDINGS.md §7d"
csumb,res_california_state_university_monterey_bay,Research,"bag audit 2026-10-08: same organization, see BAG_REVIEW_FINDINGS.md §7d"
california_polytechnic_university,res_california_polytechnic_state_university,Research,"bag audit 2026-10-08: same organization, see BAG_REVIEW_FINDINGS.md §7d"
cal_poly,res_california_polytechnic_state_university,Research,"bag audit 2026-10-08: same organization, see BAG_REVIEW_FINDINGS.md §7d"
calpoly,res_california_polytechnic_state_university,Research,"bag audit 2026-10-08: same organization, see BAG_REVIEW_FINDINGS.md §7d"
cal_poly_pomona,res_california_state_polytechnic_university_of_pomona,Research,"bag audit 2026-10-08: same organization, see BAG_REVIEW_FINDINGS.md §7d"
california_state_polytechnic_university,res_california_state_polytechnic_university_of_pomona,Research,"bag audit 2026-10-08: same organization, see BAG_REVIEW_FINDINGS.md §7d"
california_state_polytechnic_university_of_pomona_es_11_1,res_california_state_polytechnic_university_of_pomona,Research,"bag audit 2026-10-08: same organization, see BAG_REVIEW_FINDINGS.md §7d"
california_state_polytechnic_university_of_pomona_es_11_1_pomona,res_california_state_polytechnic_university_of_pomona,Research,"bag audit 2026-10-08: same organization, see BAG_REVIEW_FINDINGS.md §7d"
california_state_polytechnic_university_of_pomona_es_11_1_reverse_osmosis_5_56_plant,res_california_state_polytechnic_university_of_pomona,Research,"bag audit 2026-10-08: same organization, see BAG_REVIEW_FINDINGS.md §7d"
california_state_polytechnic_university_of_pomona_es_11_1_reverse_osmosis_plant_california_state_polytechnic_university_of_pomona_es_11_1,res_california_state_polytechnic_university_of_pomona,Research,"bag audit 2026-10-08: same organization, see BAG_REVIEW_FINDINGS.md §7d"
cal_poly_irrigation_training,res_irrigation_training_research_center,Research,"bag audit 2026-10-08: same organization, see BAG_REVIEW_FINDINGS.md §7d"
cal_poly_irrigation_training_and_research,res_irrigation_training_research_center,Research,"bag audit 2026-10-08: same organization, see BAG_REVIEW_FINDINGS.md §7d"
cal_poly_cal_poly_irrigation_training_and_research_center,res_irrigation_training_research_center,Research,"bag audit 2026-10-08: same organization, see BAG_REVIEW_FINDINGS.md §7d"
cal_poly_irrigation_training_and_research_center,res_irrigation_training_research_center,Research,"bag audit 2026-10-08: same organization, see BAG_REVIEW_FINDINGS.md §7d"
cal_poly_irrigation_training_and_research_center_2003,res_irrigation_training_research_center,Research,"bag audit 2026-10-08: same organization, see BAG_REVIEW_FINDINGS.md §7d"
cal_poly_irrigation_training_research_center,res_irrigation_training_research_center,Research,"bag audit 2026-10-08: same organization, see BAG_REVIEW_FINDINGS.md §7d"
california_polytechnic_state_university_irrigation_training_and_research_center,res_irrigation_training_research_center,Research,"bag audit 2026-10-08: same organization, see BAG_REVIEW_FINDINGS.md §7d"
irrigation_training_and_research,res_irrigation_training_research_center,Research,"bag audit 2026-10-08: same organization, see BAG_REVIEW_FINDINGS.md §7d"
irrigation_training_and_research_center_mapping_evapotranspiration_at_high_resolution_with_internalized_calibration,res_irrigation_training_research_center,Research,"bag audit 2026-10-08: same organization, see BAG_REVIEW_FINDINGS.md §7d"
irrigation_training_and_research_institute,res_irrigation_training_research_center,Research,"bag audit 2026-10-08: same organization, see BAG_REVIEW_FINDINGS.md §7d"
irrigation_training_research_program,res_irrigation_training_research_center,Research,"bag audit 2026-10-08: same organization, see BAG_REVIEW_FINDINGS.md §7d"
irrigation_training_resource_center,res_irrigation_training_research_center,Research,"bag audit 2026-10-08: same organization, see BAG_REVIEW_FINDINGS.md §7d"
itrc,res_irrigation_training_research_center,Research,"bag audit 2026-10-08: same organization, see BAG_REVIEW_FINDINGS.md §7d"
modified_irrigation_training_and_research_center_fao56_model,res_irrigation_training_research_center,Research,"bag audit 2026-10-08: same organization, see BAG_REVIEW_FINDINGS.md §7d"
modified_irrigation_training_and_research_center_food_and_agriculture_organization56_model,res_irrigation_training_research_center,Research,"bag audit 2026-10-08: same organization, see BAG_REVIEW_FINDINGS.md §7d"
pe_irrigation_training_and_research_center,res_irrigation_training_research_center,Research,"bag audit 2026-10-08: same organization, see BAG_REVIEW_FINDINGS.md §7d"
training_and_research_center,res_irrigation_training_research_center,Research,"bag audit 2026-10-08: same organization, see BAG_REVIEW_FINDINGS.md §7d"
berkeley_nation_laboratory,res_lawrence_berkeley_national_laboratory,Research,"bag audit 2026-10-08: same organization, see BAG_REVIEW_FINDINGS.md §7d"
california_state_groundwater_lawrence_berkeley_national_laboratory_lawrence_berkeley_national,res_lawrence_berkeley_national_laboratory,Research,"bag audit 2026-10-08: same organization, see BAG_REVIEW_FINDINGS.md §7d"
lawarence_berkley_laboratory,res_lawrence_berkeley_national_laboratory,Research,"bag audit 2026-10-08: same organization, see BAG_REVIEW_FINDINGS.md §7d"
lawrence_berkeley_environmental,res_lawrence_berkeley_national_laboratory,Research,"bag audit 2026-10-08: same organization, see BAG_REVIEW_FINDINGS.md §7d"
lawrence_berkeley_lab,res_lawrence_berkeley_national_laboratory,Research,"bag audit 2026-10-08: same organization, see BAG_REVIEW_FINDINGS.md §7d"
lawrence_berkeley_laboratories,res_lawrence_berkeley_national_laboratory,Research,"bag audit 2026-10-08: same organization, see BAG_REVIEW_FINDINGS.md §7d"
lawrence_berkeley_laboratory,res_lawrence_berkeley_national_laboratory,Research,"bag audit 2026-10-08: same organization, see BAG_REVIEW_FINDINGS.md §7d"
lawrence_berkeley_national,res_lawrence_berkeley_national_laboratory,Research,"bag audit 2026-10-08: same organization, see BAG_REVIEW_FINDINGS.md §7d"
lawrence_berkely_lab,res_lawrence_berkeley_national_laboratory,Research,"bag audit 2026-10-08: same organization, see BAG_REVIEW_FINDINGS.md §7d"
lawrence_berkely_national_laboratory,res_lawrence_berkeley_national_laboratory,Research,"bag audit 2026-10-08: same organization, see BAG_REVIEW_FINDINGS.md §7d"
lawrence_livermore,res_lawrence_livermore_national_laboratory,Research,"bag audit 2026-10-08: same organization, see BAG_REVIEW_FINDINGS.md §7d"
lawrence_livermore_lab,res_lawrence_livermore_national_laboratory,Research,"bag audit 2026-10-08: same organization, see BAG_REVIEW_FINDINGS.md §7d"
lawrence_livermore_laboratory,res_lawrence_livermore_national_laboratory,Research,"bag audit 2026-10-08: same organization, see BAG_REVIEW_FINDINGS.md §7d"
livermore_national,res_lawrence_livermore_national_laboratory,Research,"bag audit 2026-10-08: same organization, see BAG_REVIEW_FINDINGS.md §7d"
jet_propulsion_laboratory_gipsy,res_jet_propulsion_laboratory,Research,"bag audit 2026-10-08: same organization, see BAG_REVIEW_FINDINGS.md §7d"
jet_propulsion_laboratory_interferometric_synthetic_aperture_radar,res_jet_propulsion_laboratory,Research,"bag audit 2026-10-08: same organization, see BAG_REVIEW_FINDINGS.md §7d"
jet_propulsion_laboratory_interferometric_synthetic_aperture_radar_imagery_imagery_yuba_subbasins_water_management_plan,res_jet_propulsion_laboratory,Research,"bag audit 2026-10-08: same organization, see BAG_REVIEW_FINDINGS.md §7d"
jet_propulsion_laboratory_final,res_jet_propulsion_laboratory,Research,"bag audit 2026-10-08: same organization, see BAG_REVIEW_FINDINGS.md §7d"
jet_propulsion_laboratory_jet_propulsion_laboratory,res_jet_propulsion_laboratory,Research,"bag audit 2026-10-08: same organization, see BAG_REVIEW_FINDINGS.md §7d"
national_aeronautics_and_science_administration_jet_propulsion_laboratory,res_jet_propulsion_laboratory,Research,"bag audit 2026-10-08: same organization, see BAG_REVIEW_FINDINGS.md §7d"
national_aeronautics_and_space_administration_jet_propulsion_laboratory_interferometric_synthetic_aperture_radar_subsidence_data,res_jet_propulsion_laboratory,Research,"bag audit 2026-10-08: same organization, see BAG_REVIEW_FINDINGS.md §7d"
propulsion_laboratory,res_jet_propulsion_laboratory,Research,"bag audit 2026-10-08: same organization, see BAG_REVIEW_FINDINGS.md §7d"
uanvco,res_unavco,Research,"bag audit 2026-10-08: same organization, see BAG_REVIEW_FINDINGS.md §7d"
unavsco,res_unavco,Research,"bag audit 2026-10-08: same organization, see BAG_REVIEW_FINDINGS.md §7d"
university_navigation_satellite_timing_and_ranging_consortium,res_unavco,Research,"bag audit 2026-10-08: same organization, see BAG_REVIEW_FINDINGS.md §7d"
university_navigation_satellite_timing_and_ranging_system_consortium,res_unavco,Research,"bag audit 2026-10-08: same organization, see BAG_REVIEW_FINDINGS.md §7d"
university_navstar_4_consortium,res_unavco,Research,"bag audit 2026-10-08: same organization, see BAG_REVIEW_FINDINGS.md §7d"
university_navstar_consortium,res_unavco,Research,"bag audit 2026-10-08: same organization, see BAG_REVIEW_FINDINGS.md §7d"
university_navstar_consortium_continuous_global_positioning_system,res_unavco,Research,"bag audit 2026-10-08: same organization, see BAG_REVIEW_FINDINGS.md §7d"
university_navstar_consortium_continuous_global_positioning_systems,res_unavco,Research,"bag audit 2026-10-08: same organization, see BAG_REVIEW_FINDINGS.md §7d"
university_navstar_consortium_plate_boundary_observatory,res_unavco,Research,"bag audit 2026-10-08: same organization, see BAG_REVIEW_FINDINGS.md §7d"
university_navstar_8_consortium_unavco_plate_boundary_observatory,res_unavco,Research,"bag audit 2026-10-08: same organization, see BAG_REVIEW_FINDINGS.md §7d"
university_navstar_consortium_x_plate_boundary_observatory,res_unavco,Research,"bag audit 2026-10-08: same organization, see BAG_REVIEW_FINDINGS.md §7d"
university_navstar_consotrium_inc,res_unavco,Research,"bag audit 2026-10-08: same organization, see BAG_REVIEW_FINDINGS.md §7d"
climate_change_desert_research_institute,res_desert_research_institute,Research,"bag audit 2026-10-08: same organization, see BAG_REVIEW_FINDINGS.md §7d"
desert_research,res_desert_research_institute,Research,"bag audit 2026-10-08: same organization, see BAG_REVIEW_FINDINGS.md §7d"
desert_research_institute_nevada_system_of_higher_education,res_desert_research_institute,Research,"bag audit 2026-10-08: same organization, see BAG_REVIEW_FINDINGS.md §7d"
groundwater_pumping_desert_research_institute,res_desert_research_institute,Research,"bag audit 2026-10-08: same organization, see BAG_REVIEW_FINDINGS.md §7d"
oregon_state_precipitation_elevation_regressions_on_independent_slopes_model_climate_group,res_prism_climate_group,Research,"bag audit 2026-10-08: same organization, see BAG_REVIEW_FINDINGS.md §7d"
precipitation_elevation_regressions_on_independent_slopes_model_climate_group,res_prism_climate_group,Research,"bag audit 2026-10-08: same organization, see BAG_REVIEW_FINDINGS.md §7d"
scripps_institute_of_oceanography,res_scripps_institution_of_oceanography,Research,"bag audit 2026-10-08: same organization, see BAG_REVIEW_FINDINGS.md §7d"
scripps_orbit_and_permanent_arrary_center,res_scripps_orbit_and_permanent_array_center,Research,"bag audit 2026-10-08: same organization, see BAG_REVIEW_FINDINGS.md §7d"
scripps_orbit_and_permanent_array_center_california_spatial_reference_center,res_scripps_orbit_and_permanent_array_center,Research,"bag audit 2026-10-08: same organization, see BAG_REVIEW_FINDINGS.md §7d"
scripps_orbital_permanent_array_center,res_scripps_orbit_and_permanent_array_center,Research,"bag audit 2026-10-08: same organization, see BAG_REVIEW_FINDINGS.md §7d"
international_panel_on_climate_change,res_intergovernmental_panel_on_climate_change,Research,"bag audit 2026-10-08: same organization, see BAG_REVIEW_FINDINGS.md §7d"
ipcc,res_intergovernmental_panel_on_climate_change,Research,"bag audit 2026-10-08: same organization, see BAG_REVIEW_FINDINGS.md §7d"
western_region_climate_center,res_western_regional_climate_center,Research,"bag audit 2026-10-08: same organization, see BAG_REVIEW_FINDINGS.md §7d"
wrcc,res_western_regional_climate_center,Research,"bag audit 2026-10-08: same organization, see BAG_REVIEW_FINDINGS.md §7d"
fresno_st,res_fresno_state,Research,"bag audit 2026-10-08: same organization, see BAG_REVIEW_FINDINGS.md §7d"
california_university_of_california,res_university_of_california,Research,"bag audit 2026-10-08: same organization, see BAG_REVIEW_FINDINGS.md §7d"
university_of_22_california,res_university_of_california,Research,"bag audit 2026-10-08: same organization, see BAG_REVIEW_FINDINGS.md §7d"
university_of_california_cooperative_extension_1768,res_university_of_california_cooperative_extension,Research,"bag audit 2026-10-08: same organization, see BAG_REVIEW_FINDINGS.md §7d"
university_of_california_cooperative_extension_guidelines,res_university_of_california_cooperative_extension,Research,"bag audit 2026-10-08: same organization, see BAG_REVIEW_FINDINGS.md §7d"
lawrence_berkeley_national_laboratory_2022,res_lawrence_berkeley_national_laboratory,Research,"bag audit 2026-10-08: same organization, see BAG_REVIEW_FINDINGS.md §7d"
