variant,bag_id,entity_type,note,canonical_label,parent_bag_id,parent_label
nork_fork_kings_gsa,gsa_187,GSA,fuzzy 0.9 -> North Fork Kings GSA,North Fork Kings GSA,gsa_187,North Fork Kings GSA
south_fork_king_gsa,gsa_222,GSA,fuzzy 0.95 -> South Fork Kings GSA,South Fork Kings GSA,gsa_222,South Fork Kings GSA
turner_island_water_district_gsa1,gsa_223,GSA,fuzzy 0.821 -> Turner Island Water District GSA - Merced,Turner Island Water District GSA - Merced,gsa_223,Turner Island Water District GSA - Merced
turner_island_water_district_gsa1_and,gsa_223,GSA,fuzzy 0.846 -> Turner Island Water District GSA - Merced,Turner Island Water District GSA - Merced,gsa_223,Turner Island Water District GSA - Merced
turner_island_water_district_gsa1_to,gsa_223,GSA,fuzzy 0.821 -> Turner Island Water District GSA - Merced,Turner Island Water District GSA - Merced,gsa_223,Turner Island Water District GSA - Merced
turner_island_water_district_gsa1_governing,gsa_223,GSA,fuzzy 0.814 -> Turner Island Water District GSA - Merced,Turner Island Water District GSA - Merced,gsa_223,Turner Island Water District GSA - Merced
v_hite_wolf_gsa,gsa_244,GSA,fuzzy 0.867 -> White Wolf GSA,White Wolf GSA,gsa_244,White Wolf GSA
v_hite_v_olf_gsa,gsa_244,GSA,fuzzy 0.75 -> White Wolf GSA,White Wolf GSA,gsa_244,White Wolf GSA
whitewolf_gsa,gsa_244,GSA,fuzzy 0.929 -> White Wolf GSA,White Wolf GSA,gsa_244,White Wolf GSA
white_v_olf_gsa,gsa_244,GSA,fuzzy 0.867 -> White Wolf GSA,White Wolf GSA,gsa_244,White Wolf GSA
white_rwolf_gsa,gsa_244,GSA,fuzzy 0.933 -> White Wolf GSA,White Wolf GSA,gsa_244,White Wolf GSA
temescal_basin_gsa,gsa_260,GSA,fuzzy 0.857 -> Temescal Subbasin GSA,Temescal Subbasin GSA,gsa_260,Temescal Subbasin GSA
great_kaweah_gsa,gsa_281,GSA,fuzzy 0.889 -> Greater Kaweah GSA,Greater Kaweah GSA,gsa_281,Greater Kaweah GSA
kern_non_districted_lands_authority_gsa,gsa_306,GSA,fuzzy 0.974 -> Kern Non-Districted Land Authority GSA,Kern Non-Districted Land Authority GSA,gsa_306,Kern Non-Districted Land Authority GSA
eastern_kaweah_gsa,gsa_314,GSA,fuzzy 0.833 -> East Kaweah GSA,East Kaweah GSA,gsa_314,East Kaweah GSA
yucaipa_subbasin_gsa,gsa_349,GSA,fuzzy 0.85 -> Yucaipa Basin GSA,Yucaipa Basin GSA,gsa_349,Yucaipa Basin GSA
indian_we_lls_valley_groundwater_authority,gsa_35,GSA,fuzzy 0.889 -> Indian Wells Valley Groundwater Authority GSA,Indian Wells Valley Groundwater Authority GSA,gsa_35,Indian Wells Valley Groundwater Authority GSA
corning_sub_basin_gsa,gsa_390,GSA,fuzzy 0.952 -> Corning Subbasin GSA,Corning Subbasin GSA,gsa_390,Corning Subbasin GSA
lower_tuie_river_irrigation_district_gsa,gsa_42,GSA,fuzzy 0.975 -> Lower Tule River Irrigation District GSA,Lower Tule River Irrigation District GSA,gsa_42,Lower Tule River Irrigation District GSA
salinas_valley_groundwater_basin_gsa_180400_foot_aquifer,gsa_461,GSA,fuzzy 0.768 -> Salinas Valley Basin GSA - 180/400 Foot Aquifer,Salinas Valley Basin GSA - 180/400 Foot Aquifer,gsa_461,Salinas Valley Basin GSA - 180/400 Foot Aquifer
tri_county_water_authority_gsa_jpa,gsa_490,GSA,fuzzy 0.886 -> Tri-County Water Authority GSA - Tule,Tri-County Water Authority GSA - Tule,gsa_490,Tri-County Water Authority GSA - Tule
westside_districts_water_authority_gsa,gsa_506,GSA,fuzzy 0.974 -> Westside District Water Authority GSA,Westside District Water Authority GSA,gsa_506,Westside District Water Authority GSA
westside_districts_water_authority_gsa_board,gsa_506,GSA,fuzzy 0.841 -> Westside District Water Authority GSA,Westside District Water Authority GSA,gsa_506,Westside District Water Authority GSA
westside_districts_water_authority_gsa2,gsa_506,GSA,fuzzy 0.949 -> Westside District Water Authority GSA,Westside District Water Authority GSA,gsa_506,Westside District Water Authority GSA
westside_districts_water_authority_gsa_p,gsa_506,GSA,fuzzy 0.925 -> Westside District Water Authority GSA,Westside District Water Authority GSA,gsa_506,Westside District Water Authority GSA
southern_san_joaquin_municipal_utilities_district_gsa,gsa_514,GSA,fuzzy 0.943 -> Southern San Joaquin Municipal Utility District - GSA,Southern San Joaquin Municipal Utility District - GSA,gsa_514,Southern San Joaquin Municipal Utility District - GSA
kern_tulare_water_distrct_gsa,gsa_517,GSA,fuzzy 0.967 -> Kern-Tulare Water District GSA,Kern-Tulare Water District GSA,gsa_517,Kern-Tulare Water District GSA
grassland_gsa,gsa_62,GSA,fuzzy 0.929 -> Grasslands GSA,Grasslands GSA,gsa_62,Grasslands GSA
north_king_gsa,gsa_65,GSA,fuzzy 0.933 -> North Kings GSA,North Kings GSA,gsa_65,North Kings GSA
no_rth_kings_gsa,gsa_65,GSA,fuzzy 0.938 -> North Kings GSA,North Kings GSA,gsa_65,North Kings GSA
fillmore_and_piru_basins_groundwater_sustainability_agency,gsa_339,GSA,split-family -> Fillmore-Piru parent,Fillmore and Piru Basins GSA - Fillmore,gsa_339,Fillmore and Piru Basins GSA
fillmore_and_piru_basins_groundwater_sustainability_agency_board,gsa_339,GSA,split-family -> Fillmore-Piru parent,Fillmore and Piru Basins GSA - Fillmore,gsa_339,Fillmore and Piru Basins GSA
fillmore_and_piru_basins_groundwater_sustainability_agency_board_of,gsa_339,GSA,split-family -> Fillmore-Piru parent,Fillmore and Piru Basins GSA - Fillmore,gsa_339,Fillmore and Piru Basins GSA
fillmore_and_piru_basins_groundwater_sustainability_agency_board_of_director,gsa_339,GSA,split-family -> Fillmore-Piru parent,Fillmore and Piru Basins GSA - Fillmore,gsa_339,Fillmore and Piru Basins GSA
fillmore_and_piru_basins_groundwater_sustainability_agency_board_of_directors,gsa_339,GSA,split-family -> Fillmore-Piru parent,Fillmore and Piru Basins GSA - Fillmore,gsa_339,Fillmore and Piru Basins GSA
fillmore_and_piru_basins_groundwater_sustainability_agency_joint,gsa_339,GSA,split-family -> Fillmore-Piru parent,Fillmore and Piru Basins GSA - Fillmore,gsa_339,Fillmore and Piru Basins GSA
fillmore_and_piru_basins_groundwater_sustainability_agency_monitoring_program,gsa_339,GSA,split-family -> Fillmore-Piru parent,Fillmore and Piru Basins GSA - Fillmore,gsa_339,Fillmore and Piru Basins GSA
fillmore_and_piru_basins_groundwater_sustainability_agency_monitoring_program_and_data_gap,gsa_339,GSA,split-family -> Fillmore-Piru parent,Fillmore and Piru Basins GSA - Fillmore,gsa_339,Fillmore and Piru Basins GSA
fillmore_and_piru_basins_gsa,gsa_339,GSA,split-family -> Fillmore-Piru parent,Fillmore and Piru Basins GSA - Fillmore,gsa_339,Fillmore and Piru Basins GSA
fillmore_piru_gsa,gsa_339,GSA,split-family -> Fillmore-Piru parent,Fillmore and Piru Basins GSA - Fillmore,gsa_339,Fillmore and Piru Basins GSA
piru_basins_gsa,gsa_339,GSA,split-family -> Fillmore-Piru parent,Fillmore and Piru Basins GSA - Fillmore,gsa_339,Fillmore and Piru Basins GSA
united_fillmore_and_piru_basins_groundwater_sustainability_agency,gsa_339,GSA,split-family -> Fillmore-Piru parent,Fillmore and Piru Basins GSA - Fillmore,gsa_339,Fillmore and Piru Basins GSA
enterprise_anderson_groundwater_sustainability_agency,gsa_287,GSA,split-family -> Enterprise-Anderson parent,Enterprise-Anderson GSA - Enterprise,gsa_287,Enterprise-Anderson GSA
enterprise_anderson_groundwater_sustainability_agency_board,gsa_287,GSA,split-family -> Enterprise-Anderson parent,Enterprise-Anderson GSA - Enterprise,gsa_287,Enterprise-Anderson GSA
enterprise_anderson_groundwater_sustainability_agency_board_of_directors,gsa_287,GSA,split-family -> Enterprise-Anderson parent,Enterprise-Anderson GSA - Enterprise,gsa_287,Enterprise-Anderson GSA
enterprise_anderson_groundwater_sustainability_agency_management_adjacent_basins,gsa_287,GSA,split-family -> Enterprise-Anderson parent,Enterprise-Anderson GSA - Enterprise,gsa_287,Enterprise-Anderson GSA
enterprise_anderson_groundwater_sustainability_agency_management_committee,gsa_287,GSA,split-family -> Enterprise-Anderson parent,Enterprise-Anderson GSA - Enterprise,gsa_287,Enterprise-Anderson GSA
enterprise_anderson_groundwater_sustainability_agency_measurable_objectiveu,gsa_287,GSA,split-family -> Enterprise-Anderson parent,Enterprise-Anderson GSA - Enterprise,gsa_287,Enterprise-Anderson GSA
enterprise_anderson_gsa,gsa_287,GSA,split-family -> Enterprise-Anderson parent,Enterprise-Anderson GSA - Enterprise,gsa_287,Enterprise-Anderson GSA
eastern_san_joaquin_groundwater_sustainability_agencies,gsa_142,GSA,split-family -> Eastern San Joaquin parent,County of San Joaquin GSA - Eastern San Joaquin 1,gsa_142,County of San Joaquin GSA - Eastern San Joaquin
eastern_san_joaquin_groundwater_sustainability_agency,gsa_142,GSA,split-family -> Eastern San Joaquin parent,County of San Joaquin GSA - Eastern San Joaquin 1,gsa_142,County of San Joaquin GSA - Eastern San Joaquin
reclamation_district_no_1004_gsa,gsa_138,GSA,split-family -> Reclamation 1004 parent,Reclamation District No. 1004 GSA - Butte 2,gsa_138,Reclamation District No. 1004 GSA
tehama_county_groundwater_sustainability_agency,gsa_124,GSA,split-family -> Tehama County parent,Tehama County Flood Control and Water Conservation District GSA,gsa_124,Tehama County Flood Control and Water Conservation District GSA
tehama_county_gsa,gsa_124,GSA,split-family -> Tehama County parent,Tehama County Flood Control and Water Conservation District GSA,gsa_124,Tehama County Flood Control and Water Conservation District GSA
tehama_gsa,gsa_124,GSA,split-family -> Tehama County parent,Tehama County Flood Control and Water Conservation District GSA,gsa_124,Tehama County Flood Control and Water Conservation District GSA
sacramento_county_groundwater_sustainability_agency,gsa_496,GSA,split-family -> Sacramento County parent,Sacramento County GSA - Cosumnes,gsa_496,Sacramento County GSA
sacramento_county_gsa,gsa_496,GSA,split-family -> Sacramento County parent,Sacramento County GSA - Cosumnes,gsa_496,Sacramento County GSA
county_of_sacramento_gsa,gsa_496,GSA,split-family -> Sacramento County parent,Sacramento County GSA - Cosumnes,gsa_496,Sacramento County GSA
sacramento_central_groundwater_authority_gsa,gsa_147,GSA,FIX false-fold: Sacramento CENTRAL GA (147) wrongly subset-matched to Sacramento GA (118),Sacramento Central Groundwater Authority GSA - 1,gsa_147,Sacramento Central Groundwater Authority GSA - 1
sacramento_central_groundwater_authority_gsa3,gsa_147,GSA,FIX false-fold: Sacramento CENTRAL GA (147) wrongly subset-matched to Sacramento GA (118),Sacramento Central Groundwater Authority GSA - 1,gsa_147,Sacramento Central Groundwater Authority GSA - 1
sacramento_central_groundwater_authority_gsa3_to,gsa_147,GSA,FIX false-fold: Sacramento CENTRAL GA (147) wrongly subset-matched to Sacramento GA (118),Sacramento Central Groundwater Authority GSA - 1,gsa_147,Sacramento Central Groundwater Authority GSA - 1
sacramento_central_groundwater_authority_gsa3_to_complete_the,gsa_147,GSA,FIX false-fold: Sacramento CENTRAL GA (147) wrongly subset-matched to Sacramento GA (118),Sacramento Central Groundwater Authority GSA - 1,gsa_147,Sacramento Central Groundwater Authority GSA - 1
county_of_tulare,gsa_470,GSA,FIX false-fold: County of Tulare (470) wrongly revsubset-matched to Tri-County Water Authority (411),County of Tulare GSA - Tule,gsa_470,County of Tulare GSA - Tule
county_of_tulare_gsa,gsa_470,GSA,FIX false-fold: County of Tulare (470) wrongly revsubset-matched to Tri-County Water Authority (411),County of Tulare GSA - Tule,gsa_470,County of Tulare GSA - Tule
tulare_county_gsa,gsa_470,GSA,FIX false-fold: County of Tulare (470) wrongly revsubset-matched to Tri-County Water Authority (411),County of Tulare GSA - Tule,gsa_470,County of Tulare GSA - Tule
groundwater_sustainability_agencies_kern_groundwater_authority,groundwater_sustainability_agencies_kern_groundwater_authority,GSA,identity: Kern GW Authority is umbrella JPA != Kern Non-Districted Land Authority (306),"",groundwater_sustainability_agencies_kern_groundwater_authority,""
gsa_kern_groundwater_authority,gsa_kern_groundwater_authority,GSA,identity: Kern GW Authority is umbrella JPA != Kern Non-Districted Land Authority (306),"",gsa_kern_groundwater_authority,""
kern_groundwater_authority_groundwater_sustainability_agency,kern_groundwater_authority_groundwater_sustainability_agency,GSA,identity: Kern GW Authority is umbrella JPA != Kern Non-Districted Land Authority (306),"",kern_groundwater_authority_groundwater_sustainability_agency,""
kern_groundwater_authority,kern_groundwater_authority,GSA,FIX identity: pin busiest KGA string (14 plans) - umbrella JPA != Kern Non-Districted Land Authority (306),"",kern_groundwater_authority,""
western_management_gsa,gsa_5,GSA,FIX false-fold: Santa Ynez Western Mgmt Area (5) wrongly revsubset to Western Canal WD (120) on bare token western,Santa Ynez River Valley Basin Western Management Area GSA,gsa_5,Santa Ynez River Valley Basin Western Management Area GSA
central_management_gsa,gsa_11,GSA,FIX false-fold: Santa Ynez Central Mgmt Area (11) wrongly revsubset to Central Kings (211) on bare token central,Santa Ynez River Valley Basin Central Management Area GSA,gsa_11,Santa Ynez River Valley Basin Central Management Area GSA
pleasant_valley_basin_outlying_areas_gsa,gsa_353,GSA,FIX false-fold: County of Ventura PV Outlying Areas (353) wrongly subset to Pleasant Valley (190) — distinct basins (4-006 vs 5-022.10),County of Ventura GSA - Pleasant Valley Basin Outlying Areas,gsa_353,County of Ventura GSA - Pleasant Valley Basin Outlying Areas
county_of_santa_cruz_gsa,gsa_283,GSA,FIX false-fold: County of Santa Cruz (283) member wrongly revsubset into Mid-County JPA (24),County of Santa Cruz GSA - West Santa Cruz Terrace,gsa_283,County of Santa Cruz GSA - West Santa Cruz Terrace
siskiyou_county_flood_control_and_water_conservation_district,gsa_253,GSA,FIX false-fold: Siskiyou County FCWCD (253) wrongly subset to County of Siskiyou (256),Siskiyou County Flood Control and Water Conservation District GS,gsa_253,Siskiyou County Flood Control and Water Conservation District GS
eastern_tule_gsa,gsa_205,GSA,FIX missed-match: Eastern Tule GSA (205) - identity string belongs to affiliated GSA,Eastern Tule GSA,gsa_205,Eastern Tule GSA
eastern_tule_groundwater_sustainability_agency,gsa_205,GSA,FIX missed-match: Eastern Tule GSA (205) - identity string belongs to affiliated GSA,Eastern Tule GSA,gsa_205,Eastern Tule GSA
eastern_tule_gsa_a1,gsa_205,GSA,FIX missed-match: Eastern Tule GSA (205) - identity string belongs to affiliated GSA,Eastern Tule GSA,gsa_205,Eastern Tule GSA
eastern_tule_groundwater_sustainability_agency_board_of_directors,gsa_205,GSA,FIX missed-match: Eastern Tule GSA (205) - identity string belongs to affiliated GSA,Eastern Tule GSA,gsa_205,Eastern Tule GSA
east_tule_gsa,gsa_205,GSA,FIX missed-match: Eastern Tule GSA (205) - identity string belongs to affiliated GSA,Eastern Tule GSA,gsa_205,Eastern Tule GSA
eastern_tule_groundwater_sustainability_agency_3_19,gsa_205,GSA,FIX missed-match: Eastern Tule GSA (205) - identity string belongs to affiliated GSA,Eastern Tule GSA,gsa_205,Eastern Tule GSA
eastern_tule_groundwater_sustainability_agency_board,gsa_205,GSA,FIX missed-match: Eastern Tule GSA (205) - identity string belongs to affiliated GSA,Eastern Tule GSA,gsa_205,Eastern Tule GSA
eastern_tule_groundwater_sustainability_agency_gsa,gsa_205,GSA,FIX missed-match: Eastern Tule GSA (205) - identity string belongs to affiliated GSA,Eastern Tule GSA,gsa_205,Eastern Tule GSA
eastern_tule_groundwater_sustainability_agency_d30,gsa_205,GSA,FIX missed-match: Eastern Tule GSA (205) - identity string belongs to affiliated GSA,Eastern Tule GSA,gsa_205,Eastern Tule GSA
eastern_tule_groundwater_sustainability_agency_section_437,gsa_205,GSA,FIX missed-match: Eastern Tule GSA (205) - identity string belongs to affiliated GSA,Eastern Tule GSA,gsa_205,Eastern Tule GSA
eastern_tule_groundwater_sustainability_agency_stakeholder_committee,gsa_205,GSA,FIX missed-match: Eastern Tule GSA (205) - identity string belongs to affiliated GSA,Eastern Tule GSA,gsa_205,Eastern Tule GSA
eastern_tule_groundwater_sustainability_agency_board_and_advisory_committees,gsa_205,GSA,FIX missed-match: Eastern Tule GSA (205) - identity string belongs to affiliated GSA,Eastern Tule GSA,gsa_205,Eastern Tule GSA
east_tule_subbasin_joint_powers_authority,gsa_205,GSA,FIX missed-match: Eastern Tule GSA (205) - identity string belongs to affiliated GSA,Eastern Tule GSA,gsa_205,Eastern Tule GSA
eastern_tule_gsa_joint_powers_authority,gsa_205,GSA,FIX missed-match: Eastern Tule GSA (205) - identity string belongs to affiliated GSA,Eastern Tule GSA,gsa_205,Eastern Tule GSA
eastern_tule_groundwater_sustainability_agency_technical_group,gsa_205,GSA,FIX missed-match: Eastern Tule GSA (205) - identity string belongs to affiliated GSA,Eastern Tule GSA,gsa_205,Eastern Tule GSA
eastern_tule_gsa_sustainability_agency,gsa_205,GSA,FIX missed-match: Eastern Tule GSA (205) - identity string belongs to affiliated GSA,Eastern Tule GSA,gsa_205,Eastern Tule GSA
eastern_tule_groundwater_sustainability_agency_technical_advisory_group,gsa_205,GSA,FIX missed-match: Eastern Tule GSA (205) - identity string belongs to affiliated GSA,Eastern Tule GSA,gsa_205,Eastern Tule GSA
eastern_tule_groundwater_sustainability_agency_administration_staff,gsa_205,GSA,FIX missed-match: Eastern Tule GSA (205) - identity string belongs to affiliated GSA,Eastern Tule GSA,gsa_205,Eastern Tule GSA
alameda_county_water_district_gsa,gsa_95,GSA,FIX missed-match: identity string is exact/near-exact name of real GSA,Alameda County Water District GSA,gsa_95,Alameda County Water District GSA
heritage_ranch_community_services_district,gsa_197,GSA,FIX missed-match: identity string is exact/near-exact name of real GSA,Heritage Ranch Community Services District,gsa_197,Heritage Ranch Community Services District
heritage_ranch_community_services_district_gsa,gsa_197,GSA,FIX missed-match: identity string is exact/near-exact name of real GSA,Heritage Ranch Community Services District,gsa_197,Heritage Ranch Community Services District
estrella_el_pomar_creston_water_district_gsa,gsa_396,GSA,FIX missed-match: identity string is exact/near-exact name of real GSA,Estrella-El Pomar-Creston Water District GSA,gsa_396,Estrella-El Pomar-Creston Water District GSA
city_of_pomona_gsa,gsa_368,GSA,FIX missed-match: identity string is exact/near-exact name of real GSA,City of Pomona GSA,gsa_368,City of Pomona GSA
city_of_marina_gsa,gsa_399,GSA,FIX missed-match: identity string is exact/near-exact name of real GSA,City of Marina GSA,gsa_399,City of Marina GSA
city_of_marina_groundwater_sustainability_agency,gsa_399,GSA,FIX missed-match: identity string is exact/near-exact name of real GSA,City of Marina GSA,gsa_399,City of Marina GSA
city_of_lakeport_gsa,gsa_333,GSA,FIX missed-match: identity string is exact/near-exact name of real GSA,City of Lakeport GSA,gsa_333,City of Lakeport GSA
los_angeles_gsa,gsa_293,GSA,FIX missed-match: identity string is exact/near-exact name of real GSA,Los Angeles GSA,gsa_293,Los Angeles GSA
monterey_peninsula_water_management_district_gsa,gsa_8,GSA,FIX missed-match: identity string is exact/near-exact name of real GSA,Monterey Peninsula Water Management District GSA,gsa_8,Monterey Peninsula Water Management District GSA
pajaro_valley_water_management_agency_gsa,gsa_6,GSA,FIX missed-match: identity string is exact/near-exact name of real GSA,Pajaro Valley Water Management Agency GSA,gsa_6,Pajaro Valley Water Management Agency GSA
san_diego_river_valley_gsa,gsa_371,GSA,FIX missed-match: identity string is exact/near-exact name of real GSA,San Diego River Valley GSA,gsa_371,San Diego River Valley GSA
san_diego_river_valley,gsa_371,GSA,FIX missed-match: identity string is exact/near-exact name of real GSA,San Diego River Valley GSA,gsa_371,San Diego River Valley GSA
san_timoteo_subbasin_gsa,gsa_344,GSA,FIX missed-match: identity string is exact/near-exact name of real GSA,San Timoteo Subbasin GSA,gsa_344,San Timoteo Subbasin GSA
vandalia_water_district,gsa_530,GSA,FIX missed-match: identity string is exact/near-exact name of real GSA,Vandalia Water District,gsa_530,Vandalia Water District
tea_pot_dome_water_district,gsa_528,GSA,FIX missed-match: identity string is exact/near-exact name of real GSA,Tea Pot Dome Water District,gsa_528,Tea Pot Dome Water District
porterville_irrigation_district_gsa,gsa_541,GSA,FIX missed-match: identity string is exact/near-exact name of real GSA,Porterville Irrigation District Groundwater Sustainability Agenc,gsa_541,Porterville Irrigation District Groundwater Sustainability Agenc
midkaweah_groundwater_sustainability_agency,gsa_7,GSA,FIX missed-match: identity string is exact/near-exact name of real GSA,Mid-Kaweah GSA,gsa_7,Mid-Kaweah GSA
delanoearlimart_irrigation_district_groundwater_sustainability_agency,gsa_29,GSA,FIX missed-match: identity string is exact/near-exact name of real GSA,Delano-Earlimart Irrigation District GSA,gsa_29,Delano-Earlimart Irrigation District GSA
gravelly_ford_wd_gsa,gsa_34,GSA,FIX missed-match: identity string is exact/near-exact name of real GSA,Gravelly Ford Water District GSA,gsa_34,Gravelly Ford Water District GSA
new_stone_wd_gsa,gsa_59,GSA,FIX missed-match: identity string is exact/near-exact name of real GSA,New Stone Water District GSA,gsa_59,New Stone Water District GSA
root_creek_wd_gsa,gsa_33,GSA,FIX missed-match: identity string is exact/near-exact name of real GSA,Root Creek Water District GSA,gsa_33,Root Creek Water District GSA
madera_wd_gsa,gsa_41,GSA,FIX missed-match: identity string is exact/near-exact name of real GSA,Madera Water District GSA,gsa_41,Madera Water District GSA
westside_districts_water_authority_gsa_board_of_directors,gsa_506,GSA,FIX missed-match: identity string is exact/near-exact name of real GSA,Westside District Water Authority GSA,gsa_506,Westside District Water Authority GSA
westside_districts_water_authority_gsa_groundwater_sustainability_plan,gsa_506,GSA,FIX missed-match: identity string is exact/near-exact name of real GSA,Westside District Water Authority GSA,gsa_506,Westside District Water Authority GSA
temescal_sub_basin_groundwater_sustainability_agency,gsa_260,GSA,Gate1 §4 approved -> Temescal Subbasin GSA,Temescal Subbasin GSA,gsa_260,Temescal Subbasin GSA
temescal_basin_groundwater_sustainability_agency,gsa_260,GSA,Gate1 §4 approved -> Temescal Subbasin GSA,Temescal Subbasin GSA,gsa_260,Temescal Subbasin GSA
temescal_sub_basin_groundwater_sustainability_agency_for_the_temescal_sub,gsa_260,GSA,Gate1 §4 approved -> Temescal Subbasin GSA,Temescal Subbasin GSA,gsa_260,Temescal Subbasin GSA
corning_sub_basin_groundwater_sustainability_agencies,gsa_390,GSA,Gate1 §4 approved -> Corning Subbasin GSA,Corning Subbasin GSA,gsa_390,Corning Subbasin GSA
corning_sub_basin_groundwater_sustainability_agency,gsa_390,GSA,Gate1 §4 approved -> Corning Subbasin GSA,Corning Subbasin GSA,gsa_390,Corning Subbasin GSA
bedford_coldwater_groundwater_sustainability_authority,gsa_267,GSA,Gate1 §4 approved -> Bedford-Coldwater Subbasin GSA,Bedford-Coldwater Subbasin GSA,gsa_267,Bedford-Coldwater Subbasin GSA
bedford_coldwater_subbasin_gsa,gsa_267,GSA,Gate1 §4 approved -> Bedford-Coldwater Subbasin GSA,Bedford-Coldwater Subbasin GSA,gsa_267,Bedford-Coldwater Subbasin GSA
bedford_coldwater_groundwater_basin_agency,gsa_267,GSA,Gate1 §4 approved -> Bedford-Coldwater Subbasin GSA,Bedford-Coldwater Subbasin GSA,gsa_267,Bedford-Coldwater Subbasin GSA
bedford_coldwater_groundwater_sustainability_agency,gsa_267,GSA,Gate1 §4 approved -> Bedford-Coldwater Subbasin GSA,Bedford-Coldwater Subbasin GSA,gsa_267,Bedford-Coldwater Subbasin GSA
ukiah_valley_ground_water_sustainability_agency,gsa_342,GSA,Gate1 §4 approved -> Ukiah Valley Basin GSA,Ukiah Valley Basin GSA,gsa_342,Ukiah Valley Basin GSA
yolo_sub_basin_groundwater_agency,gsa_217,GSA,Gate1 §4 approved -> Yolo Subbasin GSA,Yolo Subbasin GSA,gsa_217,Yolo Subbasin GSA
yolo_sga,gsa_217,GSA,Gate1 §4 approved -> Yolo Subbasin GSA,Yolo Subbasin GSA,gsa_217,Yolo Subbasin GSA
yucaipa_smga,gsa_349,GSA,Gate1 §4 approved -> Yucaipa Basin GSA,Yucaipa Basin GSA,gsa_349,Yucaipa Basin GSA
yucaipa_groundwater_sustainability_agency_for_the_yucaipa_subbasin,gsa_349,GSA,Gate1 §4 approved -> Yucaipa Basin GSA,Yucaipa Basin GSA,gsa_349,Yucaipa Basin GSA
bvgsa,gsa_15,GSA,Gate1 §4 approved -> Buena Vista Water Storage District GSA,Buena Vista Water Storage District GSA,gsa_15,Buena Vista Water Storage District GSA
bvsa,gsa_15,GSA,Gate1 §4 approved -> Buena Vista Water Storage District GSA,Buena Vista Water Storage District GSA,gsa_15,Buena Vista Water Storage District GSA
bvsga,gsa_15,GSA,Gate1 §4 approved -> Buena Vista Water Storage District GSA,Buena Vista Water Storage District GSA,gsa_15,Buena Vista Water Storage District GSA
buena_vista_groundwater_sustainability_agency,gsa_15,GSA,Gate1 §4 approved -> Buena Vista Water Storage District GSA,Buena Vista Water Storage District GSA,gsa_15,Buena Vista Water Storage District GSA
buena_vista_groundwater_sustainability_agency_42,gsa_15,GSA,Gate1 §4 approved -> Buena Vista Water Storage District GSA,Buena Vista Water Storage District GSA,gsa_15,Buena Vista Water Storage District GSA
buena_vista_groundwater_sustainability_agency_water_banking,gsa_15,GSA,Gate1 §4 approved -> Buena Vista Water Storage District GSA,Buena Vista Water Storage District GSA,gsa_15,Buena Vista Water Storage District GSA
buena_vista_groundwater_sustainability_agency_conditions,gsa_15,GSA,Gate1 §4 approved -> Buena Vista Water Storage District GSA,Buena Vista Water Storage District GSA,gsa_15,Buena Vista Water Storage District GSA
buena_vista_groundwater_sustainability_agency_water_budget_flowpaths,gsa_15,GSA,Gate1 §4 approved -> Buena Vista Water Storage District GSA,Buena Vista Water Storage District GSA,gsa_15,Buena Vista Water Storage District GSA
buena_vista_groundwater_sustainability_agency_well,gsa_15,GSA,Gate1 §4 approved -> Buena Vista Water Storage District GSA,Buena Vista Water Storage District GSA,gsa_15,Buena Vista Water Storage District GSA
to_buena_vista_groundwater_sustainability_agency,gsa_15,GSA,Gate1 §4 approved -> Buena Vista Water Storage District GSA,Buena Vista Water Storage District GSA,gsa_15,Buena Vista Water Storage District GSA
buena_vista_groundwater_sustainability_agency_monitoring_networks,gsa_15,GSA,Gate1 §4 approved -> Buena Vista Water Storage District GSA,Buena Vista Water Storage District GSA,gsa_15,Buena Vista Water Storage District GSA
buena_vista_groundwater_sustainability_agency_water_budget,gsa_15,GSA,Gate1 §4 approved -> Buena Vista Water Storage District GSA,Buena Vista Water Storage District GSA,gsa_15,Buena Vista Water Storage District GSA
buena_vista_groundwater_sustainability_agency_section_2_basin_setting,gsa_15,GSA,Gate1 §4 approved -> Buena Vista Water Storage District GSA,Buena Vista Water Storage District GSA,gsa_15,Buena Vista Water Storage District GSA
buena_vista_groundwater_sustainability_agency_bp,gsa_15,GSA,Gate1 §4 approved -> Buena Vista Water Storage District GSA,Buena Vista Water Storage District GSA,gsa_15,Buena Vista Water Storage District GSA
buena_vista_groundwater_sustainability_agency_groundwater_sustainability_plan,gsa_15,GSA,Gate1 §4 approved -> Buena Vista Water Storage District GSA,Buena Vista Water Storage District GSA,gsa_15,Buena Vista Water Storage District GSA
buena_vista_water_storage_district_gsa,gsa_15,GSA,Gate1 §4 approved -> Buena Vista Water Storage District GSA,Buena Vista Water Storage District GSA,gsa_15,Buena Vista Water Storage District GSA
buena_vista_gsa,gsa_15,GSA,Gate1 §4 approved -> Buena Vista Water Storage District GSA,Buena Vista Water Storage District GSA,gsa_15,Buena Vista Water Storage District GSA
eastern_kaweah_groundwater_sustainability_agency,gsa_314,GSA,Gate1 §4 approved -> East Kaweah GSA,East Kaweah GSA,gsa_314,East Kaweah GSA
grassland_gsa_group,gsa_62,GSA,Gate1 §4 approved -> Grasslands GSA,Grasslands GSA,gsa_62,Grasslands GSA
grassland_groundwater_sustainability_agency,gsa_62,GSA,Gate1 §4 approved -> Grasslands GSA,Grasslands GSA,gsa_62,Grasslands GSA
grassland_groundwater_sustainability_agency_board_of_directors,gsa_62,GSA,Gate1 §4 approved -> Grasslands GSA,Grasslands GSA,gsa_62,Grasslands GSA
grassland_water_district_gsa,gsa_62,GSA,Gate1 §4 approved -> Grasslands GSA,Grasslands GSA,gsa_62,Grasslands GSA
grasslands_gsa,gsa_62,GSA,Gate1 §4 approved -> Grasslands GSA,Grasslands GSA,gsa_62,Grasslands GSA
santa_ynez_ema_gsa,gsa_273,GSA,Gate1 §4 approved -> Santa Ynez River Valley Basin Eastern Management Area GSA,Santa Ynez River Valley Basin Eastern Management Area GSA,gsa_273,Santa Ynez River Valley Basin Eastern Management Area GSA
wwwgreaterkaweahgsaorg,gsa_281,GSA,Gate1 §4 approved -> Greater Kaweah GSA,Greater Kaweah GSA,gsa_281,Greater Kaweah GSA
gspgreaterkaweahgsaorg,gsa_281,GSA,Gate1 §4 approved -> Greater Kaweah GSA,Greater Kaweah GSA,gsa_281,Greater Kaweah GSA
httpgreaterkaweahgsaorg,gsa_281,GSA,Gate1 §4 approved -> Greater Kaweah GSA,Greater Kaweah GSA,gsa_281,Greater Kaweah GSA
greaterkaweahgsaorg,gsa_281,GSA,Gate1 §4 approved -> Greater Kaweah GSA,Greater Kaweah GSA,gsa_281,Greater Kaweah GSA
oxnard_outlying_area_gsa,gsa_352,GSA,Gate1 §4 approved -> County of Ventura GSA - Oxnard Basin Outlying Areas,County of Ventura GSA - Oxnard Basin Outlying Areas,gsa_352,County of Ventura GSA - Oxnard Basin Outlying Areas
oxnard_outlying_areas_gsa,gsa_352,GSA,Gate1 §4 approved -> County of Ventura GSA - Oxnard Basin Outlying Areas,County of Ventura GSA - Oxnard Basin Outlying Areas,gsa_352,County of Ventura GSA - Oxnard Basin Outlying Areas
las_posas_valley_outlying_areas_gsa,gsa_357,GSA,Gate1 §4 approved -> County of Ventura GSA - Las Posas Valley Basin Outlying Areas,County of Ventura GSA - Las Posas Valley Basin Outlying Areas,gsa_357,County of Ventura GSA - Las Posas Valley Basin Outlying Areas
camrosa_las_posas_gsa,gsa_348,GSA,Gate1 §4 approved -> Camrosa Water District GSA - Los Posas Valley,Camrosa Water District GSA - Los Posas Valley,gsa_348,Camrosa Water District GSA - Los Posas Valley
camrosa_opv_gsa,gsa_347,GSA,Gate1 §4 approved -> Camrosa Water District GSA - Oxnard,Camrosa Water District GSA - Oxnard,gsa_347,Camrosa Water District GSA - Oxnard
camrosa_opv_management_area_gsa,gsa_347,GSA,Gate1 §4 approved -> Camrosa Water District GSA - Oxnard,Camrosa Water District GSA - Oxnard,gsa_347,Camrosa Water District GSA - Oxnard
pixley_irrigation_district,gsa_43,GSA,Gate1 §4 D/E approved -> Pixley Irrigation District GSA,Pixley Irrigation District GSA,gsa_43,Pixley Irrigation District GSA
pixley_irrigation_district_gsa,gsa_43,GSA,Gate1 §4 D/E approved -> Pixley Irrigation District GSA,Pixley Irrigation District GSA,gsa_43,Pixley Irrigation District GSA
pix_gsa,gsa_43,GSA,Gate1 §4 D/E approved -> Pixley Irrigation District GSA,Pixley Irrigation District GSA,gsa_43,Pixley Irrigation District GSA
pix_gsa_board,gsa_43,GSA,Gate1 §4 D/E approved -> Pixley Irrigation District GSA,Pixley Irrigation District GSA,gsa_43,Pixley Irrigation District GSA
pixid_gsa,gsa_43,GSA,Gate1 §4 D/E approved -> Pixley Irrigation District GSA,Pixley Irrigation District GSA,gsa_43,Pixley Irrigation District GSA
pixidgsa,gsa_43,GSA,Gate1 §4 D/E approved -> Pixley Irrigation District GSA,Pixley Irrigation District GSA,gsa_43,Pixley Irrigation District GSA
pixley_gsa,gsa_43,GSA,Gate1 §4 D/E approved -> Pixley Irrigation District GSA,Pixley Irrigation District GSA,gsa_43,Pixley Irrigation District GSA
pixid,gsa_43,GSA,Gate1 §4 D/E approved -> Pixley Irrigation District GSA,Pixley Irrigation District GSA,gsa_43,Pixley Irrigation District GSA
pixley_irrigation_district_groundwater_sustainability_agency,gsa_43,GSA,Gate1 §4 D/E approved -> Pixley Irrigation District GSA,Pixley Irrigation District GSA,gsa_43,Pixley Irrigation District GSA
pixley_irrigation_district_board_of_directors,gsa_43,GSA,Gate1 §4 D/E approved -> Pixley Irrigation District GSA,Pixley Irrigation District GSA,gsa_43,Pixley Irrigation District GSA
ltridgsa,gsa_42,GSA,Gate1 §4 D/E approved -> Lower Tule River Irrigation District GSA,Lower Tule River Irrigation District GSA,gsa_42,Lower Tule River Irrigation District GSA
deidgsa,gsa_29,GSA,Gate1 §4 D/E approved -> Delano-Earlimart Irrigation District GSA,Delano-Earlimart Irrigation District GSA,gsa_29,Delano-Earlimart Irrigation District GSA
iwv_ga,gsa_35,GSA,Gate1 §4 D/E approved -> Indian Wells Valley Groundwater Authority GSA,Indian Wells Valley Groundwater Authority GSA,gsa_35,Indian Wells Valley Groundwater Authority GSA
iwv_groundwater_agency,gsa_35,GSA,Gate1 §4 D/E approved -> Indian Wells Valley Groundwater Authority GSA,Indian Wells Valley Groundwater Authority GSA,gsa_35,Indian Wells Valley Groundwater Authority GSA
iwvgwa,gsa_35,GSA,Gate1 §4 D/E approved -> Indian Wells Valley Groundwater Authority GSA,Indian Wells Valley Groundwater Authority GSA,gsa_35,Indian Wells Valley Groundwater Authority GSA
iwvga_board,gsa_35,GSA,Gate1 §4 D/E approved -> Indian Wells Valley Groundwater Authority GSA,Indian Wells Valley Groundwater Authority GSA,gsa_35,Indian Wells Valley Groundwater Authority GSA
iwvga_board_of_directors,gsa_35,GSA,Gate1 §4 D/E approved -> Indian Wells Valley Groundwater Authority GSA,Indian Wells Valley Groundwater Authority GSA,gsa_35,Indian Wells Valley Groundwater Authority GSA
iwvga_joint_powers_authority,gsa_35,GSA,Gate1 §4 D/E approved -> Indian Wells Valley Groundwater Authority GSA,Indian Wells Valley Groundwater Authority GSA,gsa_35,Indian Wells Valley Groundwater Authority GSA
iwvga_technical_advisory_committee,gsa_35,GSA,Gate1 §4 D/E approved -> Indian Wells Valley Groundwater Authority GSA,Indian Wells Valley Groundwater Authority GSA,gsa_35,Indian Wells Valley Groundwater Authority GSA
indian_wells_valley_groundwater_authority_1,gsa_35,GSA,Gate1 §4 D/E approved -> Indian Wells Valley Groundwater Authority GSA,Indian Wells Valley Groundwater Authority GSA,gsa_35,Indian Wells Valley Groundwater Authority GSA
indian_wells_valley_groundwater_authority_board_of_directors,gsa_35,GSA,Gate1 §4 D/E approved -> Indian Wells Valley Groundwater Authority GSA,Indian Wells Valley Groundwater Authority GSA,gsa_35,Indian Wells Valley Groundwater Authority GSA
indian_wells_valley_groundwater_authority_gsa,gsa_35,GSA,Gate1 §4 D/E approved -> Indian Wells Valley Groundwater Authority GSA,Indian Wells Valley Groundwater Authority GSA,gsa_35,Indian Wells Valley Groundwater Authority GSA
valley_groundwater_authority,gsa_35,GSA,Gate1 §4 D/E approved -> Indian Wells Valley Groundwater Authority GSA,Indian Wells Valley Groundwater Authority GSA,gsa_35,Indian Wells Valley Groundwater Authority GSA
mcmullin_area_groundwater_sustainability_agency,gsa_266,GSA,Gate1 §4 D/E approved -> McMullin Area GSA,McMullin Area GSA,gsa_266,McMullin Area GSA
mcmullin_area_gsa,gsa_266,GSA,Gate1 §4 D/E approved -> McMullin Area GSA,McMullin Area GSA,gsa_266,McMullin Area GSA
mcmullin_area_groundwater_sustainability_agency_board,gsa_266,GSA,Gate1 §4 D/E approved -> McMullin Area GSA,McMullin Area GSA,gsa_266,McMullin Area GSA
mcmullin_area_groundwater_sustainability_agency_board_of_directors,gsa_266,GSA,Gate1 §4 D/E approved -> McMullin Area GSA,McMullin Area GSA,gsa_266,McMullin Area GSA
mcmullin_area_groundwater_sustainability_area,gsa_266,GSA,Gate1 §4 D/E approved -> McMullin Area GSA,McMullin Area GSA,gsa_266,McMullin Area GSA
semitropic_water_storage_district_gsa,gsa_277,GSA,Gate1 §4 D/E approved -> Semitropic Water Storage District GSA,Semitropic Water Storage District GSA,gsa_277,Semitropic Water Storage District GSA
semitropic_gsa,gsa_277,GSA,Gate1 §4 D/E approved -> Semitropic Water Storage District GSA,Semitropic Water Storage District GSA,gsa_277,Semitropic Water Storage District GSA
rd1001_gsa,gsa_247,GSA,Gate1 §4 D/E approved -> Reclamation District No. 1001 GSA,Reclamation District No. 1001 GSA,gsa_247,Reclamation District No. 1001 GSA
kre_gsa,gsa_18,GSA,Gate1 §4 D/E approved -> Kings River East GSA,Kings River East GSA,gsa_18,Kings River East GSA
westlands_water_district_gsa,gsa_40,GSA,Gate1 §4 D/E approved -> Westlands Water District GSA,Westlands Water District GSA,gsa_40,Westlands Water District GSA
westlands_groundwater_sustainability_agency,gsa_40,GSA,Gate1 §4 D/E approved -> Westlands Water District GSA,Westlands Water District GSA,gsa_40,Westlands Water District GSA
westlands_gsa,gsa_40,GSA,Gate1 §4 D/E approved -> Westlands Water District GSA,Westlands Water District GSA,gsa_40,Westlands Water District GSA
westlands_water_district,gsa_40,GSA,Gate1 §4 D/E approved -> Westlands Water District GSA,Westlands Water District GSA,gsa_40,Westlands Water District GSA
westland,gsa_40,GSA,Gate1 §4 D/E approved -> Westlands Water District GSA,Westlands Water District GSA,gsa_40,Westlands Water District GSA
westlands_water_district_board,gsa_40,GSA,Gate1 §4 D/E approved -> Westlands Water District GSA,Westlands Water District GSA,gsa_40,Westlands Water District GSA
arroyo_seco_gsa,gsa_261,GSA,Gate1 §4 D/E approved -> Arroyo Seco GSA - 1,Arroyo Seco GSA - 1,gsa_261,Arroyo Seco GSA - 1
arroyo_seco_groundwater_sustainability_agency,gsa_261,GSA,Gate1 §4 D/E approved -> Arroyo Seco GSA - 1,Arroyo Seco GSA - 1,gsa_261,Arroyo Seco GSA - 1
arroyo_seco_groundwater_sustain_ability_agency,gsa_261,GSA,Gate1 §4 D/E approved -> Arroyo Seco GSA - 1,Arroyo Seco GSA - 1,gsa_261,Arroyo Seco GSA - 1
arroyo_seco_groundwater_sustainability,gsa_261,GSA,Gate1 §4 D/E approved -> Arroyo Seco GSA - 1,Arroyo Seco GSA - 1,gsa_261,Arroyo Seco GSA - 1
arroyo_seco_groundwater_sustainability_agency_board,gsa_261,GSA,Gate1 §4 D/E approved -> Arroyo Seco GSA - 1,Arroyo Seco GSA - 1,gsa_261,Arroyo Seco GSA - 1
arroyo_seco_groundwater_sustainability_agency_board_of_directors,gsa_261,GSA,Gate1 §4 D/E approved -> Arroyo Seco GSA - 1,Arroyo Seco GSA - 1,gsa_261,Arroyo Seco GSA - 1
marina_coast_water_district_groundwater_sustainability_agency,gsa_50,GSA,Gate1 §4 D/E approved -> Marina Coast Water District GSA - Monterey,Marina Coast Water District GSA - Monterey,gsa_50,Marina Coast Water District GSA - Monterey
owens_valley_groundwater_authority_gsa,gsa_403,GSA,Gate1 §4 D/E approved -> Owens Valley Groundwater Authority GSA - Owens Valley,Owens Valley Groundwater Authority GSA - Owens Valley,gsa_403,Owens Valley Groundwater Authority GSA - Owens Valley
owens_valley_groundwater_authority_joint_exercise_of_powers_authority,gsa_403,GSA,Gate1 §4 D/E approved -> Owens Valley Groundwater Authority GSA - Owens Valley,Owens Valley Groundwater Authority GSA - Owens Valley,gsa_403,Owens Valley Groundwater Authority GSA - Owens Valley
owens_valley_groundwater_authority_board,gsa_403,GSA,Gate1 §4 D/E approved -> Owens Valley Groundwater Authority GSA - Owens Valley,Owens Valley Groundwater Authority GSA - Owens Valley,gsa_403,Owens Valley Groundwater Authority GSA - Owens Valley
owens_valley_groundwater_authority_board_of_directors,gsa_403,GSA,Gate1 §4 D/E approved -> Owens Valley Groundwater Authority GSA - Owens Valley,Owens Valley Groundwater Authority GSA - Owens Valley,gsa_403,Owens Valley Groundwater Authority GSA - Owens Valley
