gsp_id,disambiguated_firm
0007,bondy_groundwater_consulting_inc
0007,daniel_b_stephens_associates
0007,dudek
0007,eki_environment_water_inc
0007,environmental_science_associates
0007,gei_consultants_inc
0007,jacobs
0007,nickel_family_llc
0007,ramboll
0007,searles_valley_minerals_inc
0007,water_systems_consulting_inc
0007,west_yost_associates
0007,wildermuth_environmental_inc
0007,woodard_curran
0007,yamabe_horn_engineering_inc
0008,bondy_groundwater_consulting_inc
0008,daniel_b_stephens_associates
0008,dudek
0008,eki_environment_water_inc
0008,environmental_science_associates
0008,gei_consultants_inc
0008,jacobs
0008,nickel_family_llc
0008,ramboll
0008,searles_valley_minerals_inc
0008,water_systems_consulting_inc
0008,west_yost_associates
0008,wildermuth_environmental_inc
0008,woodard_curran
0008,yamabe_horn_engineering_inc
0009,bondy_groundwater_consulting_inc
0009,daniel_b_stephens_associates
0009,dudek
0009,eki_environment_water_inc
0009,environmental_science_associates
0009,gei_consultants_inc
0009,jacobs
0009,nickel_family_llc
0009,ramboll
0009,searles_valley_minerals_inc
0009,water_systems_consulting_inc
0009,west_yost_associates
0009,wildermuth_environmental_inc
0009,woodard_curran
0009,yamabe_horn_engineering_inc
0011,bondy_groundwater_consulting_inc
0011,daniel_b_stephens_associates
0011,dudek
0011,eki_environment_water_inc
0011,environmental_science_associates
0011,gei_consultants_inc
0011,jacobs
0011,nickel_family_llc
0011,ramboll
0011,searles_valley_minerals_inc
0011,water_systems_consulting_inc
0011,west_yost_associates
0011,wildermuth_environmental_inc
0011,woodard_curran
0011,yamabe_horn_engineering_inc
0012,bondy_groundwater_consulting_inc
0012,daniel_b_stephens_associates
0012,dudek
0012,eki_environment_water_inc
0012,environmental_science_associates
0012,gei_consultants_inc
0012,jacobs
0012,nickel_family_llc
0012,ramboll
0012,searles_valley_minerals_inc
0012,water_systems_consulting_inc
0012,west_yost_associates
0012,wildermuth_environmental_inc
0012,woodard_curran
0012,yamabe_horn_engineering_inc
0013,bondy_groundwater_consulting_inc
0013,daniel_b_stephens_associates
0013,dudek
0013,eki_environment_water_inc
0013,environmental_science_associates
0013,gei_consultants_inc
0013,jacobs
0013,nickel_family_llc
0013,ramboll
0013,searles_valley_minerals_inc
0013,water_systems_consulting_inc
0013,west_yost_associates
0013,wildermuth_environmental_inc
0013,woodard_curran
0013,yamabe_horn_engineering_inc
0014,bondy_groundwater_consulting_inc
0014,daniel_b_stephens_associates
0014,dudek
0014,eki_environment_water_inc
0014,environmental_science_associates
0014,gei_consultants_inc
0014,jacobs
0014,nickel_family_llc
0014,ramboll
0014,searles_valley_minerals_inc
0014,water_systems_consulting_inc
0014,west_yost_associates
0014,wildermuth_environmental_inc
0014,woodard_curran
0014,yamabe_horn_engineering_inc
0015,bondy_groundwater_consulting_inc
0015,daniel_b_stephens_associates
0015,dudek
0015,eki_environment_water_inc
0015,environmental_science_associates
0015,gei_consultants_inc
0015,jacobs
0015,nickel_family_llc
0015,ramboll
0015,searles_valley_minerals_inc
0015,water_systems_consulting_inc
0015,west_yost_associates
0015,wildermuth_environmental_inc
0015,woodard_curran
0015,yamabe_horn_engineering_inc
0016,bondy_groundwater_consulting_inc
0016,daniel_b_stephens_associates
0016,dudek
0016,eki_environment_water_inc
0016,environmental_science_associates
0016,gei_consultants_inc
0016,jacobs
0016,nickel_family_llc
0016,ramboll
0016,searles_valley_minerals_inc
0016,water_systems_consulting_inc
0016,west_yost_associates
0016,wildermuth_environmental_inc
0016,woodard_curran
0016,yamabe_horn_engineering_inc
0017,bondy_groundwater_consulting_inc
0017,daniel_b_stephens_associates
0017,dudek
0017,eki_environment_water_inc
0017,environmental_science_associates
0017,gei_consultants_inc
0017,jacobs
0017,nickel_family_llc
0017,ramboll
0017,searles_valley_minerals_inc
0017,water_systems_consulting_inc
0017,west_yost_associates
0017,wildermuth_environmental_inc
0017,woodard_curran
0017,yamabe_horn_engineering_inc
0018,bondy_groundwater_consulting_inc
0018,daniel_b_stephens_associates
0018,dudek
0018,eki_environment_water_inc
0018,environmental_science_associates
0018,gei_consultants_inc
0018,jacobs
0018,nickel_family_llc
0018,ramboll
0018,searles_valley_minerals_inc
0018,water_systems_consulting_inc
0018,west_yost_associates
0018,wildermuth_environmental_inc
0018,woodard_curran
0018,yamabe_horn_engineering_inc
0019,bondy_groundwater_consulting_inc
0019,daniel_b_stephens_associates
0019,dudek
0019,eki_environment_water_inc
0019,environmental_science_associates
0019,gei_consultants_inc
0019,jacobs
0019,nickel_family_llc
0019,ramboll
0019,searles_valley_minerals_inc
0019,water_systems_consulting_inc
0019,west_yost_associates
0019,wildermuth_environmental_inc
0019,woodard_curran
0019,yamabe_horn_engineering_inc
0020,bondy_groundwater_consulting_inc
0020,daniel_b_stephens_associates
0020,dudek
0020,eki_environment_water_inc
0020,environmental_science_associates
0020,gei_consultants_inc
0020,jacobs
0020,nickel_family_llc
0020,ramboll
0020,searles_valley_minerals_inc
0020,water_systems_consulting_inc
0020,west_yost_associates
0020,wildermuth_environmental_inc
0020,woodard_curran
0020,yamabe_horn_engineering_inc
0021,bondy_groundwater_consulting_inc
0021,daniel_b_stephens_associates
0021,dudek
0021,eki_environment_water_inc
0021,environmental_science_associates
0021,gei_consultants_inc
0021,jacobs
0021,nickel_family_llc
0021,ramboll
0021,searles_valley_minerals_inc
0021,water_systems_consulting_inc
0021,west_yost_associates
0021,wildermuth_environmental_inc
0021,woodard_curran
0021,yamabe_horn_engineering_inc
0022,bondy_groundwater_consulting_inc
0022,daniel_b_stephens_associates
0022,dudek
0022,eki_environment_water_inc
0022,environmental_science_associates
0022,gei_consultants_inc
0022,jacobs
0022,nickel_family_llc
0022,ramboll
0022,searles_valley_minerals_inc
0022,water_systems_consulting_inc
0022,west_yost_associates
0022,wildermuth_environmental_inc
0022,woodard_curran
0022,yamabe_horn_engineering_inc
0023,bondy_groundwater_consulting_inc
0023,daniel_b_stephens_associates
0023,dudek
0023,eki_environment_water_inc
0023,environmental_science_associates
0023,gei_consultants_inc
0023,jacobs
0023,nickel_family_llc
0023,ramboll
0023,searles_valley_minerals_inc
0023,water_systems_consulting_inc
0023,west_yost_associates
0023,wildermuth_environmental_inc
0023,woodard_curran
0023,yamabe_horn_engineering_inc
0024,bondy_groundwater_consulting_inc
0024,daniel_b_stephens_associates
0024,dudek
0024,eki_environment_water_inc
0024,environmental_science_associates
0024,gei_consultants_inc
0024,jacobs
0024,nickel_family_llc
0024,ramboll
0024,searles_valley_minerals_inc
0024,water_systems_consulting_inc
0024,west_yost_associates
0024,wildermuth_environmental_inc
0024,woodard_curran
0024,yamabe_horn_engineering_inc
0025,bondy_groundwater_consulting_inc
0025,daniel_b_stephens_associates
0025,dudek
0025,eki_environment_water_inc
0025,environmental_science_associates
0025,gei_consultants_inc
0025,jacobs
0025,nickel_family_llc
0025,ramboll
0025,searles_valley_minerals_inc
0025,water_systems_consulting_inc
0025,west_yost_associates
0025,wildermuth_environmental_inc
0025,woodard_curran
0025,yamabe_horn_engineering_inc
0026,bondy_groundwater_consulting_inc
0026,daniel_b_stephens_associates
0026,dudek
0026,eki_environment_water_inc
0026,environmental_science_associates
0026,gei_consultants_inc
0026,jacobs
0026,nickel_family_llc
0026,ramboll
0026,searles_valley_minerals_inc
0026,water_systems_consulting_inc
0026,west_yost_associates
0026,wildermuth_environmental_inc
0026,woodard_curran
0026,yamabe_horn_engineering_inc
0028,bondy_groundwater_consulting_inc
0028,daniel_b_stephens_associates
0028,dudek
0028,eki_environment_water_inc
0028,environmental_science_associates
0028,gei_consultants_inc
0028,jacobs
0028,nickel_family_llc
0028,ramboll
0028,searles_valley_minerals_inc
0028,water_systems_consulting_inc
0028,west_yost_associates
0028,wildermuth_environmental_inc
0028,woodard_curran
0028,yamabe_horn_engineering_inc
0029,bondy_groundwater_consulting_inc
0029,daniel_b_stephens_associates
0029,dudek
0029,eki_environment_water_inc
0029,environmental_science_associates
0029,gei_consultants_inc
0029,jacobs
0029,nickel_family_llc
0029,ramboll
0029,searles_valley_minerals_inc
0029,water_systems_consulting_inc
0029,west_yost_associates
0029,wildermuth_environmental_inc
0029,woodard_curran
0029,yamabe_horn_engineering_inc
0030,bondy_groundwater_consulting_inc
0030,daniel_b_stephens_associates
0030,dudek
0030,eki_environment_water_inc
0030,environmental_science_associates
0030,gei_consultants_inc
0030,jacobs
0030,nickel_family_llc
0030,ramboll
0030,searles_valley_minerals_inc
0030,water_systems_consulting_inc
0030,west_yost_associates
0030,wildermuth_environmental_inc
0030,woodard_curran
0030,yamabe_horn_engineering_inc
0031,bondy_groundwater_consulting_inc
0031,daniel_b_stephens_associates
0031,dudek
0031,eki_environment_water_inc
0031,environmental_science_associates
0031,gei_consultants_inc
0031,jacobs
0031,nickel_family_llc
0031,ramboll
0031,searles_valley_minerals_inc
0031,water_systems_consulting_inc
0031,west_yost_associates
0031,wildermuth_environmental_inc
0031,woodard_curran
0031,yamabe_horn_engineering_inc
0032,bondy_groundwater_consulting_inc
0032,daniel_b_stephens_associates
0032,dudek
0032,eki_environment_water_inc
0032,environmental_science_associates
0032,gei_consultants_inc
0032,jacobs
0032,nickel_family_llc
0032,ramboll
0032,searles_valley_minerals_inc
0032,water_systems_consulting_inc
0032,west_yost_associates
0032,wildermuth_environmental_inc
0032,woodard_curran
0032,yamabe_horn_engineering_inc
0035,bondy_groundwater_consulting_inc
0035,daniel_b_stephens_associates
0035,dudek
0035,eki_environment_water_inc
0035,environmental_science_associates
0035,gei_consultants_inc
0035,jacobs
0035,nickel_family_llc
0035,ramboll
0035,searles_valley_minerals_inc
0035,water_systems_consulting_inc
0035,west_yost_associates
0035,wildermuth_environmental_inc
0035,woodard_curran
0035,yamabe_horn_engineering_inc
0036,bondy_groundwater_consulting_inc
0036,daniel_b_stephens_associates
0036,dudek
0036,eki_environment_water_inc
0036,environmental_science_associates
0036,gei_consultants_inc
0036,jacobs
0036,nickel_family_llc
0036,ramboll
0036,searles_valley_minerals_inc
0036,water_systems_consulting_inc
0036,west_yost_associates
0036,wildermuth_environmental_inc
0036,woodard_curran
0036,yamabe_horn_engineering_inc
0037,bondy_groundwater_consulting_inc
0037,daniel_b_stephens_associates
0037,dudek
0037,eki_environment_water_inc
0037,environmental_science_associates
0037,gei_consultants_inc
0037,jacobs
0037,nickel_family_llc
0037,ramboll
0037,searles_valley_minerals_inc
0037,water_systems_consulting_inc
0037,west_yost_associates
0037,wildermuth_environmental_inc
0037,woodard_curran
0037,yamabe_horn_engineering_inc
0038,bondy_groundwater_consulting_inc
0038,daniel_b_stephens_associates
0038,dudek
0038,eki_environment_water_inc
0038,environmental_science_associates
0038,gei_consultants_inc
0038,jacobs
0038,nickel_family_llc
0038,ramboll
0038,searles_valley_minerals_inc
0038,water_systems_consulting_inc
0038,west_yost_associates
0038,wildermuth_environmental_inc
0038,woodard_curran
0038,yamabe_horn_engineering_inc
0042,bondy_groundwater_consulting_inc
0042,daniel_b_stephens_associates
0042,dudek
0042,eki_environment_water_inc
0042,environmental_science_associates
0042,gei_consultants_inc
0042,jacobs
0042,nickel_family_llc
0042,ramboll
0042,searles_valley_minerals_inc
0042,water_systems_consulting_inc
0042,west_yost_associates
0042,wildermuth_environmental_inc
0042,woodard_curran
0042,yamabe_horn_engineering_inc
0043,bondy_groundwater_consulting_inc
0043,daniel_b_stephens_associates
0043,dudek
0043,eki_environment_water_inc
0043,environmental_science_associates
0043,gei_consultants_inc
0043,jacobs
0043,nickel_family_llc
0043,ramboll
0043,searles_valley_minerals_inc
0043,water_systems_consulting_inc
0043,west_yost_associates
0043,wildermuth_environmental_inc
0043,woodard_curran
0043,yamabe_horn_engineering_inc
0044,bondy_groundwater_consulting_inc
0044,daniel_b_stephens_associates
0044,dudek
0044,eki_environment_water_inc
0044,environmental_science_associates
0044,gei_consultants_inc
0044,jacobs
0044,nickel_family_llc
0044,ramboll
0044,searles_valley_minerals_inc
0044,water_systems_consulting_inc
0044,west_yost_associates
0044,wildermuth_environmental_inc
0044,woodard_curran
0044,yamabe_horn_engineering_inc
0045,bondy_groundwater_consulting_inc
0045,daniel_b_stephens_associates
0045,dudek
0045,eki_environment_water_inc
0045,environmental_science_associates
0045,gei_consultants_inc
0045,jacobs
0045,nickel_family_llc
0045,ramboll
0045,searles_valley_minerals_inc
0045,water_systems_consulting_inc
0045,west_yost_associates
0045,wildermuth_environmental_inc
0045,woodard_curran
0045,yamabe_horn_engineering_inc
0047,bondy_groundwater_consulting_inc
0047,daniel_b_stephens_associates
0047,dudek
0047,eki_environment_water_inc
0047,environmental_science_associates
0047,gei_consultants_inc
0047,jacobs
0047,nickel_family_llc
0047,ramboll
0047,searles_valley_minerals_inc
0047,water_systems_consulting_inc
0047,west_yost_associates
0047,wildermuth_environmental_inc
0047,woodard_curran
0047,yamabe_horn_engineering_inc
0048,bondy_groundwater_consulting_inc
0048,daniel_b_stephens_associates
0048,dudek
0048,eki_environment_water_inc
0048,environmental_science_associates
0048,gei_consultants_inc
0048,jacobs
0048,nickel_family_llc
0048,ramboll
0048,searles_valley_minerals_inc
0048,water_systems_consulting_inc
0048,west_yost_associates
0048,wildermuth_environmental_inc
0048,woodard_curran
0048,yamabe_horn_engineering_inc
0049,bondy_groundwater_consulting_inc
0049,daniel_b_stephens_associates
0049,dudek
0049,eki_environment_water_inc
0049,environmental_science_associates
0049,gei_consultants_inc
0049,jacobs
0049,nickel_family_llc
0049,ramboll
0049,searles_valley_minerals_inc
0049,water_systems_consulting_inc
0049,west_yost_associates
0049,wildermuth_environmental_inc
0049,woodard_curran
0049,yamabe_horn_engineering_inc
0050,bondy_groundwater_consulting_inc
0050,daniel_b_stephens_associates
0050,dudek
0050,eki_environment_water_inc
0050,environmental_science_associates
0050,gei_consultants_inc
0050,jacobs
0050,nickel_family_llc
0050,ramboll
0050,searles_valley_minerals_inc
0050,water_systems_consulting_inc
0050,west_yost_associates
0050,wildermuth_environmental_inc
0050,woodard_curran
0050,yamabe_horn_engineering_inc
0051,bondy_groundwater_consulting_inc
0051,daniel_b_stephens_associates
0051,dudek
0051,eki_environment_water_inc
0051,environmental_science_associates
0051,gei_consultants_inc
0051,jacobs
0051,nickel_family_llc
0051,ramboll
0051,searles_valley_minerals_inc
0051,water_systems_consulting_inc
0051,west_yost_associates
0051,wildermuth_environmental_inc
0051,woodard_curran
0051,yamabe_horn_engineering_inc
0052,bondy_groundwater_consulting_inc
0052,daniel_b_stephens_associates
0052,dudek
0052,eki_environment_water_inc
0052,environmental_science_associates
0052,gei_consultants_inc
0052,jacobs
0052,nickel_family_llc
0052,ramboll
0052,searles_valley_minerals_inc
0052,water_systems_consulting_inc
0052,west_yost_associates
0052,wildermuth_environmental_inc
0052,woodard_curran
0052,yamabe_horn_engineering_inc
0054,bondy_groundwater_consulting_inc
0054,daniel_b_stephens_associates
0054,dudek
0054,eki_environment_water_inc
0054,environmental_science_associates
0054,gei_consultants_inc
0054,jacobs
0054,nickel_family_llc
0054,ramboll
0054,searles_valley_minerals_inc
0054,water_systems_consulting_inc
0054,west_yost_associates
0054,wildermuth_environmental_inc
0054,woodard_curran
0054,yamabe_horn_engineering_inc
0056,bondy_groundwater_consulting_inc
0056,daniel_b_stephens_associates
0056,dudek
0056,eki_environment_water_inc
0056,environmental_science_associates
0056,gei_consultants_inc
0056,jacobs
0056,nickel_family_llc
0056,ramboll
0056,searles_valley_minerals_inc
0056,water_systems_consulting_inc
0056,west_yost_associates
0056,wildermuth_environmental_inc
0056,woodard_curran
0056,yamabe_horn_engineering_inc
0057,bondy_groundwater_consulting_inc
0057,daniel_b_stephens_associates
0057,dudek
0057,eki_environment_water_inc
0057,environmental_science_associates
0057,gei_consultants_inc
0057,jacobs
0057,nickel_family_llc
0057,ramboll
0057,searles_valley_minerals_inc
0057,water_systems_consulting_inc
0057,west_yost_associates
0057,wildermuth_environmental_inc
0057,woodard_curran
0057,yamabe_horn_engineering_inc
0058,bondy_groundwater_consulting_inc
0058,daniel_b_stephens_associates
0058,dudek
0058,eki_environment_water_inc
0058,environmental_science_associates
0058,gei_consultants_inc
0058,jacobs
0058,nickel_family_llc
0058,ramboll
0058,searles_valley_minerals_inc
0058,water_systems_consulting_inc
0058,west_yost_associates
0058,wildermuth_environmental_inc
0058,woodard_curran
0058,yamabe_horn_engineering_inc
0059,bondy_groundwater_consulting_inc
0059,daniel_b_stephens_associates
0059,dudek
0059,eki_environment_water_inc
0059,environmental_science_associates
0059,gei_consultants_inc
0059,jacobs
0059,nickel_family_llc
0059,ramboll
0059,searles_valley_minerals_inc
0059,water_systems_consulting_inc
0059,west_yost_associates
0059,wildermuth_environmental_inc
0059,woodard_curran
0059,yamabe_horn_engineering_inc
0061,bondy_groundwater_consulting_inc
0061,daniel_b_stephens_associates
0061,dudek
0061,eki_environment_water_inc
0061,environmental_science_associates
0061,gei_consultants_inc
0061,jacobs
0061,nickel_family_llc
0061,ramboll
0061,searles_valley_minerals_inc
0061,water_systems_consulting_inc
0061,west_yost_associates
0061,wildermuth_environmental_inc
0061,woodard_curran
0061,yamabe_horn_engineering_inc
0063,bondy_groundwater_consulting_inc
0063,daniel_b_stephens_associates
0063,dudek
0063,eki_environment_water_inc
0063,environmental_science_associates
0063,gei_consultants_inc
0063,jacobs
0063,nickel_family_llc
0063,ramboll
0063,searles_valley_minerals_inc
0063,water_systems_consulting_inc
0063,west_yost_associates
0063,wildermuth_environmental_inc
0063,woodard_curran
0063,yamabe_horn_engineering_inc
0065,bondy_groundwater_consulting_inc
0065,daniel_b_stephens_associates
0065,dudek
0065,eki_environment_water_inc
0065,environmental_science_associates
0065,gei_consultants_inc
0065,jacobs
0065,nickel_family_llc
0065,ramboll
0065,searles_valley_minerals_inc
0065,water_systems_consulting_inc
0065,west_yost_associates
0065,wildermuth_environmental_inc
0065,woodard_curran
0065,yamabe_horn_engineering_inc
0067,bondy_groundwater_consulting_inc
0067,daniel_b_stephens_associates
0067,dudek
0067,eki_environment_water_inc
0067,environmental_science_associates
0067,gei_consultants_inc
0067,jacobs
0067,nickel_family_llc
0067,ramboll
0067,searles_valley_minerals_inc
0067,water_systems_consulting_inc
0067,west_yost_associates
0067,wildermuth_environmental_inc
0067,woodard_curran
0067,yamabe_horn_engineering_inc
0070,bondy_groundwater_consulting_inc
0070,daniel_b_stephens_associates
0070,dudek
0070,eki_environment_water_inc
0070,environmental_science_associates
0070,gei_consultants_inc
0070,jacobs
0070,nickel_family_llc
0070,ramboll
0070,searles_valley_minerals_inc
0070,water_systems_consulting_inc
0070,west_yost_associates
0070,wildermuth_environmental_inc
0070,woodard_curran
0070,yamabe_horn_engineering_inc
0071,bondy_groundwater_consulting_inc
0071,daniel_b_stephens_associates
0071,dudek
0071,eki_environment_water_inc
0071,environmental_science_associates
0071,gei_consultants_inc
0071,jacobs
0071,nickel_family_llc
0071,ramboll
0071,searles_valley_minerals_inc
0071,water_systems_consulting_inc
0071,west_yost_associates
0071,wildermuth_environmental_inc
0071,woodard_curran
0071,yamabe_horn_engineering_inc
0072,bondy_groundwater_consulting_inc
0072,daniel_b_stephens_associates
0072,dudek
0072,eki_environment_water_inc
0072,environmental_science_associates
0072,gei_consultants_inc
0072,jacobs
0072,nickel_family_llc
0072,ramboll
0072,searles_valley_minerals_inc
0072,water_systems_consulting_inc
0072,west_yost_associates
0072,wildermuth_environmental_inc
0072,woodard_curran
0072,yamabe_horn_engineering_inc
0073,bondy_groundwater_consulting_inc
0073,daniel_b_stephens_associates
0073,dudek
0073,eki_environment_water_inc
0073,environmental_science_associates
0073,gei_consultants_inc
0073,jacobs
0073,nickel_family_llc
0073,ramboll
0073,searles_valley_minerals_inc
0073,water_systems_consulting_inc
0073,west_yost_associates
0073,wildermuth_environmental_inc
0073,woodard_curran
0073,yamabe_horn_engineering_inc
0074,bondy_groundwater_consulting_inc
0074,daniel_b_stephens_associates
0074,dudek
0074,eki_environment_water_inc
0074,environmental_science_associates
0074,gei_consultants_inc
0074,jacobs
0074,nickel_family_llc
0074,ramboll
0074,searles_valley_minerals_inc
0074,water_systems_consulting_inc
0074,west_yost_associates
0074,wildermuth_environmental_inc
0074,woodard_curran
0074,yamabe_horn_engineering_inc
0075,bondy_groundwater_consulting_inc
0075,daniel_b_stephens_associates
0075,dudek
0075,eki_environment_water_inc
0075,environmental_science_associates
0075,gei_consultants_inc
0075,jacobs
0075,nickel_family_llc
0075,ramboll
0075,searles_valley_minerals_inc
0075,water_systems_consulting_inc
0075,west_yost_associates
0075,wildermuth_environmental_inc
0075,woodard_curran
0075,yamabe_horn_engineering_inc
0076,bondy_groundwater_consulting_inc
0076,daniel_b_stephens_associates
0076,dudek
0076,eki_environment_water_inc
0076,environmental_science_associates
0076,gei_consultants_inc
0076,jacobs
0076,nickel_family_llc
0076,ramboll
0076,searles_valley_minerals_inc
0076,water_systems_consulting_inc
0076,west_yost_associates
0076,wildermuth_environmental_inc
0076,woodard_curran
0076,yamabe_horn_engineering_inc
0077,bondy_groundwater_consulting_inc
0077,daniel_b_stephens_associates
0077,dudek
0077,eki_environment_water_inc
0077,environmental_science_associates
0077,gei_consultants_inc
0077,jacobs
0077,nickel_family_llc
0077,ramboll
0077,searles_valley_minerals_inc
0077,water_systems_consulting_inc
0077,west_yost_associates
0077,wildermuth_environmental_inc
0077,woodard_curran
0077,yamabe_horn_engineering_inc
0078,bondy_groundwater_consulting_inc
0078,daniel_b_stephens_associates
0078,dudek
0078,eki_environment_water_inc
0078,environmental_science_associates
0078,gei_consultants_inc
0078,jacobs
0078,nickel_family_llc
0078,ramboll
0078,searles_valley_minerals_inc
0078,water_systems_consulting_inc
0078,west_yost_associates
0078,wildermuth_environmental_inc
0078,woodard_curran
0078,yamabe_horn_engineering_inc
0079,bondy_groundwater_consulting_inc
0079,daniel_b_stephens_associates
0079,dudek
0079,eki_environment_water_inc
0079,environmental_science_associates
0079,gei_consultants_inc
0079,jacobs
0079,nickel_family_llc
0079,ramboll
0079,searles_valley_minerals_inc
0079,water_systems_consulting_inc
0079,west_yost_associates
0079,wildermuth_environmental_inc
0079,woodard_curran
0079,yamabe_horn_engineering_inc
0080,bondy_groundwater_consulting_inc
0080,daniel_b_stephens_associates
0080,dudek
0080,eki_environment_water_inc
0080,environmental_science_associates
0080,gei_consultants_inc
0080,jacobs
0080,nickel_family_llc
0080,ramboll
0080,searles_valley_minerals_inc
0080,water_systems_consulting_inc
0080,west_yost_associates
0080,wildermuth_environmental_inc
0080,woodard_curran
0080,yamabe_horn_engineering_inc
0081,bondy_groundwater_consulting_inc
0081,daniel_b_stephens_associates
0081,dudek
0081,eki_environment_water_inc
0081,environmental_science_associates
0081,gei_consultants_inc
0081,jacobs
0081,nickel_family_llc
0081,ramboll
0081,searles_valley_minerals_inc
0081,water_systems_consulting_inc
0081,west_yost_associates
0081,wildermuth_environmental_inc
0081,woodard_curran
0081,yamabe_horn_engineering_inc
0082,bondy_groundwater_consulting_inc
0082,daniel_b_stephens_associates
0082,dudek
0082,eki_environment_water_inc
0082,environmental_science_associates
0082,gei_consultants_inc
0082,jacobs
0082,nickel_family_llc
0082,ramboll
0082,searles_valley_minerals_inc
0082,water_systems_consulting_inc
0082,west_yost_associates
0082,wildermuth_environmental_inc
0082,woodard_curran
0082,yamabe_horn_engineering_inc
0083,bondy_groundwater_consulting_inc
0083,daniel_b_stephens_associates
0083,dudek
0083,eki_environment_water_inc
0083,environmental_science_associates
0083,gei_consultants_inc
0083,jacobs
0083,nickel_family_llc
0083,ramboll
0083,searles_valley_minerals_inc
0083,water_systems_consulting_inc
0083,west_yost_associates
0083,wildermuth_environmental_inc
0083,woodard_curran
0083,yamabe_horn_engineering_inc
0084,bondy_groundwater_consulting_inc
0084,daniel_b_stephens_associates
0084,dudek
0084,eki_environment_water_inc
0084,environmental_science_associates
0084,gei_consultants_inc
0084,jacobs
0084,nickel_family_llc
0084,ramboll
0084,searles_valley_minerals_inc
0084,water_systems_consulting_inc
0084,west_yost_associates
0084,wildermuth_environmental_inc
0084,woodard_curran
0084,yamabe_horn_engineering_inc
0085,bondy_groundwater_consulting_inc
0085,daniel_b_stephens_associates
0085,dudek
0085,eki_environment_water_inc
0085,environmental_science_associates
0085,gei_consultants_inc
0085,jacobs
0085,nickel_family_llc
0085,ramboll
0085,searles_valley_minerals_inc
0085,water_systems_consulting_inc
0085,west_yost_associates
0085,wildermuth_environmental_inc
0085,woodard_curran
0085,yamabe_horn_engineering_inc
0086,bondy_groundwater_consulting_inc
0086,daniel_b_stephens_associates
0086,dudek
0086,eki_environment_water_inc
0086,environmental_science_associates
0086,gei_consultants_inc
0086,jacobs
0086,nickel_family_llc
0086,ramboll
0086,searles_valley_minerals_inc
0086,water_systems_consulting_inc
0086,west_yost_associates
0086,wildermuth_environmental_inc
0086,woodard_curran
0086,yamabe_horn_engineering_inc
0087,bondy_groundwater_consulting_inc
0087,daniel_b_stephens_associates
0087,dudek
0087,eki_environment_water_inc
0087,environmental_science_associates
0087,gei_consultants_inc
0087,jacobs
0087,nickel_family_llc
0087,ramboll
0087,searles_valley_minerals_inc
0087,water_systems_consulting_inc
0087,west_yost_associates
0087,wildermuth_environmental_inc
0087,woodard_curran
0087,yamabe_horn_engineering_inc
0088,bondy_groundwater_consulting_inc
0088,daniel_b_stephens_associates
0088,dudek
0088,eki_environment_water_inc
0088,environmental_science_associates
0088,gei_consultants_inc
0088,jacobs
0088,nickel_family_llc
0088,ramboll
0088,searles_valley_minerals_inc
0088,water_systems_consulting_inc
0088,west_yost_associates
0088,wildermuth_environmental_inc
0088,woodard_curran
0088,yamabe_horn_engineering_inc
0090,bondy_groundwater_consulting_inc
0090,daniel_b_stephens_associates
0090,dudek
0090,eki_environment_water_inc
0090,environmental_science_associates
0090,gei_consultants_inc
0090,jacobs
0090,nickel_family_llc
0090,ramboll
0090,searles_valley_minerals_inc
0090,water_systems_consulting_inc
0090,west_yost_associates
0090,wildermuth_environmental_inc
0090,woodard_curran
0090,yamabe_horn_engineering_inc
0091,bondy_groundwater_consulting_inc
0091,daniel_b_stephens_associates
0091,dudek
0091,eki_environment_water_inc
0091,environmental_science_associates
0091,gei_consultants_inc
0091,jacobs
0091,nickel_family_llc
0091,ramboll
0091,searles_valley_minerals_inc
0091,water_systems_consulting_inc
0091,west_yost_associates
0091,wildermuth_environmental_inc
0091,woodard_curran
0091,yamabe_horn_engineering_inc
0092,bondy_groundwater_consulting_inc
0092,daniel_b_stephens_associates
0092,dudek
0092,eki_environment_water_inc
0092,environmental_science_associates
0092,gei_consultants_inc
0092,jacobs
0092,nickel_family_llc
0092,ramboll
0092,searles_valley_minerals_inc
0092,water_systems_consulting_inc
0092,west_yost_associates
0092,wildermuth_environmental_inc
0092,woodard_curran
0092,yamabe_horn_engineering_inc
0093,bondy_groundwater_consulting_inc
0093,daniel_b_stephens_associates
0093,dudek
0093,eki_environment_water_inc
0093,environmental_science_associates
0093,gei_consultants_inc
0093,jacobs
0093,nickel_family_llc
0093,ramboll
0093,searles_valley_minerals_inc
0093,water_systems_consulting_inc
0093,west_yost_associates
0093,wildermuth_environmental_inc
0093,woodard_curran
0093,yamabe_horn_engineering_inc
0094,bondy_groundwater_consulting_inc
0094,daniel_b_stephens_associates
0094,dudek
0094,eki_environment_water_inc
0094,environmental_science_associates
0094,gei_consultants_inc
0094,jacobs
0094,nickel_family_llc
0094,ramboll
0094,searles_valley_minerals_inc
0094,water_systems_consulting_inc
0094,west_yost_associates
0094,wildermuth_environmental_inc
0094,woodard_curran
0094,yamabe_horn_engineering_inc
0095,bondy_groundwater_consulting_inc
0095,daniel_b_stephens_associates
0095,dudek
0095,eki_environment_water_inc
0095,environmental_science_associates
0095,gei_consultants_inc
0095,jacobs
0095,nickel_family_llc
0095,ramboll
0095,searles_valley_minerals_inc
0095,water_systems_consulting_inc
0095,west_yost_associates
0095,wildermuth_environmental_inc
0095,woodard_curran
0095,yamabe_horn_engineering_inc
0096,bondy_groundwater_consulting_inc
0096,daniel_b_stephens_associates
0096,dudek
0096,eki_environment_water_inc
0096,environmental_science_associates
0096,gei_consultants_inc
0096,jacobs
0096,nickel_family_llc
0096,ramboll
0096,searles_valley_minerals_inc
0096,water_systems_consulting_inc
0096,west_yost_associates
0096,wildermuth_environmental_inc
0096,woodard_curran
0096,yamabe_horn_engineering_inc
0097,bondy_groundwater_consulting_inc
0097,daniel_b_stephens_associates
0097,dudek
0097,eki_environment_water_inc
0097,environmental_science_associates
0097,gei_consultants_inc
0097,jacobs
0097,nickel_family_llc
0097,ramboll
0097,searles_valley_minerals_inc
0097,water_systems_consulting_inc
0097,west_yost_associates
0097,wildermuth_environmental_inc
0097,woodard_curran
0097,yamabe_horn_engineering_inc
0098,bondy_groundwater_consulting_inc
0098,daniel_b_stephens_associates
0098,dudek
0098,eki_environment_water_inc
0098,environmental_science_associates
0098,gei_consultants_inc
0098,jacobs
0098,nickel_family_llc
0098,ramboll
0098,searles_valley_minerals_inc
0098,water_systems_consulting_inc
0098,west_yost_associates
0098,wildermuth_environmental_inc
0098,woodard_curran
0098,yamabe_horn_engineering_inc
0099,bondy_groundwater_consulting_inc
0099,daniel_b_stephens_associates
0099,dudek
0099,eki_environment_water_inc
0099,environmental_science_associates
0099,gei_consultants_inc
0099,jacobs
0099,nickel_family_llc
0099,ramboll
0099,searles_valley_minerals_inc
0099,water_systems_consulting_inc
0099,west_yost_associates
0099,wildermuth_environmental_inc
0099,woodard_curran
0099,yamabe_horn_engineering_inc
0100,bondy_groundwater_consulting_inc
0100,daniel_b_stephens_associates
0100,dudek
0100,eki_environment_water_inc
0100,environmental_science_associates
0100,gei_consultants_inc
0100,jacobs
0100,nickel_family_llc
0100,ramboll
0100,searles_valley_minerals_inc
0100,water_systems_consulting_inc
0100,west_yost_associates
0100,wildermuth_environmental_inc
0100,woodard_curran
0100,yamabe_horn_engineering_inc
0101,bondy_groundwater_consulting_inc
0101,daniel_b_stephens_associates
0101,dudek
0101,eki_environment_water_inc
0101,environmental_science_associates
0101,gei_consultants_inc
0101,jacobs
0101,nickel_family_llc
0101,ramboll
0101,searles_valley_minerals_inc
0101,water_systems_consulting_inc
0101,west_yost_associates
0101,wildermuth_environmental_inc
0101,woodard_curran
0101,yamabe_horn_engineering_inc
0103,bondy_groundwater_consulting_inc
0103,daniel_b_stephens_associates
0103,dudek
0103,eki_environment_water_inc
0103,environmental_science_associates
0103,gei_consultants_inc
0103,jacobs
0103,nickel_family_llc
0103,ramboll
0103,searles_valley_minerals_inc
0103,water_systems_consulting_inc
0103,west_yost_associates
0103,wildermuth_environmental_inc
0103,woodard_curran
0103,yamabe_horn_engineering_inc
0104,bondy_groundwater_consulting_inc
0104,daniel_b_stephens_associates
0104,dudek
0104,eki_environment_water_inc
0104,environmental_science_associates
0104,gei_consultants_inc
0104,jacobs
0104,nickel_family_llc
0104,ramboll
0104,searles_valley_minerals_inc
0104,water_systems_consulting_inc
0104,west_yost_associates
0104,wildermuth_environmental_inc
0104,woodard_curran
0104,yamabe_horn_engineering_inc
0105,bondy_groundwater_consulting_inc
0105,daniel_b_stephens_associates
0105,dudek
0105,eki_environment_water_inc
0105,environmental_science_associates
0105,gei_consultants_inc
0105,jacobs
0105,nickel_family_llc
0105,ramboll
0105,searles_valley_minerals_inc
0105,water_systems_consulting_inc
0105,west_yost_associates
0105,wildermuth_environmental_inc
0105,woodard_curran
0105,yamabe_horn_engineering_inc
0106,bondy_groundwater_consulting_inc
0106,daniel_b_stephens_associates
0106,dudek
0106,eki_environment_water_inc
0106,environmental_science_associates
0106,gei_consultants_inc
0106,jacobs
0106,nickel_family_llc
0106,ramboll
0106,searles_valley_minerals_inc
0106,water_systems_consulting_inc
0106,west_yost_associates
0106,wildermuth_environmental_inc
0106,woodard_curran
0106,yamabe_horn_engineering_inc
0110,bondy_groundwater_consulting_inc
0110,daniel_b_stephens_associates
0110,dudek
0110,eki_environment_water_inc
0110,environmental_science_associates
0110,gei_consultants_inc
0110,jacobs
0110,nickel_family_llc
0110,ramboll
0110,searles_valley_minerals_inc
0110,water_systems_consulting_inc
0110,west_yost_associates
0110,wildermuth_environmental_inc
0110,woodard_curran
0110,yamabe_horn_engineering_inc
0111,bondy_groundwater_consulting_inc
0111,daniel_b_stephens_associates
0111,dudek
0111,eki_environment_water_inc
0111,environmental_science_associates
0111,gei_consultants_inc
0111,jacobs
0111,nickel_family_llc
0111,ramboll
0111,searles_valley_minerals_inc
0111,water_systems_consulting_inc
0111,west_yost_associates
0111,wildermuth_environmental_inc
0111,woodard_curran
0111,yamabe_horn_engineering_inc
0112,bondy_groundwater_consulting_inc
0112,daniel_b_stephens_associates
0112,dudek
0112,eki_environment_water_inc
0112,environmental_science_associates
0112,gei_consultants_inc
0112,jacobs
0112,nickel_family_llc
0112,ramboll
0112,searles_valley_minerals_inc
0112,water_systems_consulting_inc
0112,west_yost_associates
0112,wildermuth_environmental_inc
0112,woodard_curran
0112,yamabe_horn_engineering_inc
0113,bondy_groundwater_consulting_inc
0113,daniel_b_stephens_associates
0113,dudek
0113,eki_environment_water_inc
0113,environmental_science_associates
0113,gei_consultants_inc
0113,jacobs
0113,nickel_family_llc
0113,ramboll
0113,searles_valley_minerals_inc
0113,water_systems_consulting_inc
0113,west_yost_associates
0113,wildermuth_environmental_inc
0113,woodard_curran
0113,yamabe_horn_engineering_inc
0114,bondy_groundwater_consulting_inc
0114,daniel_b_stephens_associates
0114,dudek
0114,eki_environment_water_inc
0114,environmental_science_associates
0114,gei_consultants_inc
0114,jacobs
0114,nickel_family_llc
0114,ramboll
0114,searles_valley_minerals_inc
0114,water_systems_consulting_inc
0114,west_yost_associates
0114,wildermuth_environmental_inc
0114,woodard_curran
0114,yamabe_horn_engineering_inc
0115,bondy_groundwater_consulting_inc
0115,daniel_b_stephens_associates
0115,dudek
0115,eki_environment_water_inc
0115,environmental_science_associates
0115,gei_consultants_inc
0115,jacobs
0115,nickel_family_llc
0115,ramboll
0115,searles_valley_minerals_inc
0115,water_systems_consulting_inc
0115,west_yost_associates
0115,wildermuth_environmental_inc
0115,woodard_curran
0115,yamabe_horn_engineering_inc
0116,bondy_groundwater_consulting_inc
0116,daniel_b_stephens_associates
0116,dudek
0116,eki_environment_water_inc
0116,environmental_science_associates
0116,gei_consultants_inc
0116,jacobs
0116,nickel_family_llc
0116,ramboll
0116,searles_valley_minerals_inc
0116,water_systems_consulting_inc
0116,west_yost_associates
0116,wildermuth_environmental_inc
0116,woodard_curran
0116,yamabe_horn_engineering_inc
0117,bondy_groundwater_consulting_inc
0117,daniel_b_stephens_associates
0117,dudek
0117,eki_environment_water_inc
0117,environmental_science_associates
0117,gei_consultants_inc
0117,jacobs
0117,nickel_family_llc
0117,ramboll
0117,searles_valley_minerals_inc
0117,water_systems_consulting_inc
0117,west_yost_associates
0117,wildermuth_environmental_inc
0117,woodard_curran
0117,yamabe_horn_engineering_inc
0118,bondy_groundwater_consulting_inc
0118,daniel_b_stephens_associates
0118,dudek
0118,eki_environment_water_inc
0118,environmental_science_associates
0118,gei_consultants_inc
0118,jacobs
0118,nickel_family_llc
0118,ramboll
0118,searles_valley_minerals_inc
0118,water_systems_consulting_inc
0118,west_yost_associates
0118,wildermuth_environmental_inc
0118,woodard_curran
0118,yamabe_horn_engineering_inc
0119,bondy_groundwater_consulting_inc
0119,daniel_b_stephens_associates
0119,dudek
0119,eki_environment_water_inc
0119,environmental_science_associates
0119,gei_consultants_inc
0119,jacobs
0119,nickel_family_llc
0119,ramboll
0119,searles_valley_minerals_inc
0119,water_systems_consulting_inc
0119,west_yost_associates
0119,wildermuth_environmental_inc
0119,woodard_curran
0119,yamabe_horn_engineering_inc
0120,bondy_groundwater_consulting_inc
0120,daniel_b_stephens_associates
0120,dudek
0120,eki_environment_water_inc
0120,environmental_science_associates
0120,gei_consultants_inc
0120,jacobs
0120,nickel_family_llc
0120,ramboll
0120,searles_valley_minerals_inc
0120,water_systems_consulting_inc
0120,west_yost_associates
0120,wildermuth_environmental_inc
0120,woodard_curran
0120,yamabe_horn_engineering_inc
0121,bondy_groundwater_consulting_inc
0121,daniel_b_stephens_associates
0121,dudek
0121,eki_environment_water_inc
0121,environmental_science_associates
0121,gei_consultants_inc
0121,jacobs
0121,nickel_family_llc
0121,ramboll
0121,searles_valley_minerals_inc
0121,water_systems_consulting_inc
0121,west_yost_associates
0121,wildermuth_environmental_inc
0121,woodard_curran
0121,yamabe_horn_engineering_inc
0122,bondy_groundwater_consulting_inc
0122,daniel_b_stephens_associates
0122,dudek
0122,eki_environment_water_inc
0122,environmental_science_associates
0122,gei_consultants_inc
0122,jacobs
0122,nickel_family_llc
0122,ramboll
0122,searles_valley_minerals_inc
0122,water_systems_consulting_inc
0122,west_yost_associates
0122,wildermuth_environmental_inc
0122,woodard_curran
0122,yamabe_horn_engineering_inc
0123,bondy_groundwater_consulting_inc
0123,daniel_b_stephens_associates
0123,dudek
0123,eki_environment_water_inc
0123,environmental_science_associates
0123,gei_consultants_inc
0123,jacobs
0123,nickel_family_llc
0123,ramboll
0123,searles_valley_minerals_inc
0123,water_systems_consulting_inc
0123,west_yost_associates
0123,wildermuth_environmental_inc
0123,woodard_curran
0123,yamabe_horn_engineering_inc
0124,bondy_groundwater_consulting_inc
0124,daniel_b_stephens_associates
0124,dudek
0124,eki_environment_water_inc
0124,environmental_science_associates
0124,gei_consultants_inc
0124,jacobs
0124,nickel_family_llc
0124,ramboll
0124,searles_valley_minerals_inc
0124,water_systems_consulting_inc
0124,west_yost_associates
0124,wildermuth_environmental_inc
0124,woodard_curran
0124,yamabe_horn_engineering_inc
0125,bondy_groundwater_consulting_inc
0125,daniel_b_stephens_associates
0125,dudek
0125,eki_environment_water_inc
0125,environmental_science_associates
0125,gei_consultants_inc
0125,jacobs
0125,nickel_family_llc
0125,ramboll
0125,searles_valley_minerals_inc
0125,water_systems_consulting_inc
0125,west_yost_associates
0125,wildermuth_environmental_inc
0125,woodard_curran
0125,yamabe_horn_engineering_inc
0127,bondy_groundwater_consulting_inc
0127,daniel_b_stephens_associates
0127,dudek
0127,eki_environment_water_inc
0127,environmental_science_associates
0127,gei_consultants_inc
0127,jacobs
0127,nickel_family_llc
0127,ramboll
0127,searles_valley_minerals_inc
0127,water_systems_consulting_inc
0127,west_yost_associates
0127,wildermuth_environmental_inc
0127,woodard_curran
0127,yamabe_horn_engineering_inc
0128,bondy_groundwater_consulting_inc
0128,daniel_b_stephens_associates
0128,dudek
0128,eki_environment_water_inc
0128,environmental_science_associates
0128,gei_consultants_inc
0128,jacobs
0128,nickel_family_llc
0128,ramboll
0128,searles_valley_minerals_inc
0128,water_systems_consulting_inc
0128,west_yost_associates
0128,wildermuth_environmental_inc
0128,woodard_curran
0128,yamabe_horn_engineering_inc
0129,bondy_groundwater_consulting_inc
0129,daniel_b_stephens_associates
0129,dudek
0129,eki_environment_water_inc
0129,environmental_science_associates
0129,gei_consultants_inc
0129,jacobs
0129,nickel_family_llc
0129,ramboll
0129,searles_valley_minerals_inc
0129,water_systems_consulting_inc
0129,west_yost_associates
0129,wildermuth_environmental_inc
0129,woodard_curran
0129,yamabe_horn_engineering_inc
0130,bondy_groundwater_consulting_inc
0130,daniel_b_stephens_associates
0130,dudek
0130,eki_environment_water_inc
0130,environmental_science_associates
0130,gei_consultants_inc
0130,jacobs
0130,nickel_family_llc
0130,ramboll
0130,searles_valley_minerals_inc
0130,water_systems_consulting_inc
0130,west_yost_associates
0130,wildermuth_environmental_inc
0130,woodard_curran
0130,yamabe_horn_engineering_inc
0131,bondy_groundwater_consulting_inc
0131,daniel_b_stephens_associates
0131,dudek
0131,eki_environment_water_inc
0131,environmental_science_associates
0131,gei_consultants_inc
0131,jacobs
0131,nickel_family_llc
0131,ramboll
0131,searles_valley_minerals_inc
0131,water_systems_consulting_inc
0131,west_yost_associates
0131,wildermuth_environmental_inc
0131,woodard_curran
0131,yamabe_horn_engineering_inc
0132,bondy_groundwater_consulting_inc
0132,daniel_b_stephens_associates
0132,dudek
0132,eki_environment_water_inc
0132,environmental_science_associates
0132,gei_consultants_inc
0132,jacobs
0132,nickel_family_llc
0132,ramboll
0132,searles_valley_minerals_inc
0132,water_systems_consulting_inc
0132,west_yost_associates
0132,wildermuth_environmental_inc
0132,woodard_curran
0132,yamabe_horn_engineering_inc
0133,bondy_groundwater_consulting_inc
0133,daniel_b_stephens_associates
0133,dudek
0133,eki_environment_water_inc
0133,environmental_science_associates
0133,gei_consultants_inc
0133,jacobs
0133,nickel_family_llc
0133,ramboll
0133,searles_valley_minerals_inc
0133,water_systems_consulting_inc
0133,west_yost_associates
0133,wildermuth_environmental_inc
0133,woodard_curran
0133,yamabe_horn_engineering_inc
0134,bondy_groundwater_consulting_inc
0134,daniel_b_stephens_associates
0134,dudek
0134,eki_environment_water_inc
0134,environmental_science_associates
0134,gei_consultants_inc
0134,jacobs
0134,nickel_family_llc
0134,ramboll
0134,searles_valley_minerals_inc
0134,water_systems_consulting_inc
0134,west_yost_associates
0134,wildermuth_environmental_inc
0134,woodard_curran
0134,yamabe_horn_engineering_inc
0136,bondy_groundwater_consulting_inc
0136,daniel_b_stephens_associates
0136,dudek
0136,eki_environment_water_inc
0136,environmental_science_associates
0136,gei_consultants_inc
0136,jacobs
0136,nickel_family_llc
0136,ramboll
0136,searles_valley_minerals_inc
0136,water_systems_consulting_inc
0136,west_yost_associates
0136,wildermuth_environmental_inc
0136,woodard_curran
0136,yamabe_horn_engineering_inc
0137,bondy_groundwater_consulting_inc
0137,daniel_b_stephens_associates
0137,dudek
0137,eki_environment_water_inc
0137,environmental_science_associates
0137,gei_consultants_inc
0137,jacobs
0137,nickel_family_llc
0137,ramboll
0137,searles_valley_minerals_inc
0137,water_systems_consulting_inc
0137,west_yost_associates
0137,wildermuth_environmental_inc
0137,woodard_curran
0137,yamabe_horn_engineering_inc
0138,bondy_groundwater_consulting_inc
0138,daniel_b_stephens_associates
0138,dudek
0138,eki_environment_water_inc
0138,environmental_science_associates
0138,gei_consultants_inc
0138,jacobs
0138,nickel_family_llc
0138,ramboll
0138,searles_valley_minerals_inc
0138,water_systems_consulting_inc
0138,west_yost_associates
0138,wildermuth_environmental_inc
0138,woodard_curran
0138,yamabe_horn_engineering_inc
0139,bondy_groundwater_consulting_inc
0139,daniel_b_stephens_associates
0139,dudek
0139,eki_environment_water_inc
0139,environmental_science_associates
0139,gei_consultants_inc
0139,jacobs
0139,nickel_family_llc
0139,ramboll
0139,searles_valley_minerals_inc
0139,water_systems_consulting_inc
0139,west_yost_associates
0139,wildermuth_environmental_inc
0139,woodard_curran
0139,yamabe_horn_engineering_inc
0140,bondy_groundwater_consulting_inc
0140,daniel_b_stephens_associates
0140,dudek
0140,eki_environment_water_inc
0140,environmental_science_associates
0140,gei_consultants_inc
0140,jacobs
0140,nickel_family_llc
0140,ramboll
0140,searles_valley_minerals_inc
0140,water_systems_consulting_inc
0140,west_yost_associates
0140,wildermuth_environmental_inc
0140,woodard_curran
0140,yamabe_horn_engineering_inc
0144,bondy_groundwater_consulting_inc
0144,daniel_b_stephens_associates
0144,dudek
0144,eki_environment_water_inc
0144,environmental_science_associates
0144,gei_consultants_inc
0144,jacobs
0144,nickel_family_llc
0144,ramboll
0144,searles_valley_minerals_inc
0144,water_systems_consulting_inc
0144,west_yost_associates
0144,wildermuth_environmental_inc
0144,woodard_curran
0144,yamabe_horn_engineering_inc
0145,bondy_groundwater_consulting_inc
0145,daniel_b_stephens_associates
0145,dudek
0145,eki_environment_water_inc
0145,environmental_science_associates
0145,gei_consultants_inc
0145,jacobs
0145,nickel_family_llc
0145,ramboll
0145,searles_valley_minerals_inc
0145,water_systems_consulting_inc
0145,west_yost_associates
0145,wildermuth_environmental_inc
0145,woodard_curran
0145,yamabe_horn_engineering_inc
0149,bondy_groundwater_consulting_inc
0149,daniel_b_stephens_associates
0149,dudek
0149,eki_environment_water_inc
0149,environmental_science_associates
0149,gei_consultants_inc
0149,jacobs
0149,nickel_family_llc
0149,ramboll
0149,searles_valley_minerals_inc
0149,water_systems_consulting_inc
0149,west_yost_associates
0149,wildermuth_environmental_inc
0149,woodard_curran
0149,yamabe_horn_engineering_inc
0150,bondy_groundwater_consulting_inc
0150,daniel_b_stephens_associates
0150,dudek
0150,eki_environment_water_inc
0150,environmental_science_associates
0150,gei_consultants_inc
0150,jacobs
0150,nickel_family_llc
0150,ramboll
0150,searles_valley_minerals_inc
0150,water_systems_consulting_inc
0150,west_yost_associates
0150,wildermuth_environmental_inc
0150,woodard_curran
0150,yamabe_horn_engineering_inc
0155,bondy_groundwater_consulting_inc
0155,daniel_b_stephens_associates
0155,dudek
0155,eki_environment_water_inc
0155,environmental_science_associates
0155,gei_consultants_inc
0155,jacobs
0155,nickel_family_llc
0155,ramboll
0155,searles_valley_minerals_inc
0155,water_systems_consulting_inc
0155,west_yost_associates
0155,wildermuth_environmental_inc
0155,woodard_curran
0155,yamabe_horn_engineering_inc
0156,bondy_groundwater_consulting_inc
0156,daniel_b_stephens_associates
0156,dudek
0156,eki_environment_water_inc
0156,environmental_science_associates
0156,gei_consultants_inc
0156,jacobs
0156,nickel_family_llc
0156,ramboll
0156,searles_valley_minerals_inc
0156,water_systems_consulting_inc
0156,west_yost_associates
0156,wildermuth_environmental_inc
0156,woodard_curran
0156,yamabe_horn_engineering_inc
