,num_triples,num_entities,num_relations,relation_entropy,most_common_relation_ratio,avg_degree,num_components,clustering_coeff
7,19.0,17.0,9.0,2.886122093394784,0.2631578947368421,1.7647058823529411,3.0,0.0
8,25.0,20.0,18.0,4.003856189774725,0.16,2.4,2.0,0.12590909090909091
9,3.0,5.0,3.0,1.584962500721156,0.3333333333333333,1.2,2.0,0.0
11,52.0,53.0,32.0,4.733811593016276,0.11538461538461539,1.8867924528301887,9.0,0.06855345911949685
12,19.0,22.0,7.0,2.3531906713383224,0.42105263157894735,1.6363636363636365,4.0,0.0
13,14.0,16.0,8.0,2.8423709931771084,0.21428571428571427,1.75,4.0,0.0
14,14.0,11.0,3.0,0.7345299214394703,0.8571428571428571,2.5454545454545454,3.0,0.0
15,73.0,40.0,22.0,3.8862515618369287,0.1780821917808219,2.6,3.0,0.07013583638583638
16,22.0,24.0,13.0,3.299896391167891,0.2727272727272727,1.75,6.0,0.049999999999999996
17,8.0,11.0,7.0,2.75,0.25,1.2727272727272727,4.0,0.0
18,36.0,50.0,15.0,3.2817536555801707,0.2777777777777778,1.36,17.0,0.0
19,6.0,7.0,4.0,1.9182958340544896,0.3333333333333333,1.7142857142857142,1.0,0.0
20,24.0,19.0,11.0,2.625814583693911,0.5,2.4210526315789473,5.0,0.12280701754385966
21,21.0,21.0,13.0,3.499227541723357,0.19047619047619047,1.9047619047619047,3.0,0.10317460317460317
22,34.0,25.0,18.0,3.712319091186708,0.23529411764705882,2.4,3.0,0.22205128205128205
23,21.0,11.0,7.0,2.5342436128428614,0.2857142857142857,1.2727272727272727,4.0,0.0
24,36.0,37.0,24.0,4.3264658909811935,0.1388888888888889,1.6756756756756757,8.0,0.0
25,34.0,29.0,17.0,3.722569548410142,0.20588235294117646,1.9310344827586208,4.0,0.0
26,13.0,8.0,5.0,1.7004397181410922,0.6153846153846154,1.25,3.0,0.0
28,45.0,38.0,20.0,3.910135943224482,0.15555555555555556,1.8421052631578947,5.0,0.029323308270676692
29,10.0,8.0,7.0,2.6464393446710157,0.3,2.0,2.0,0.0
30,46.0,38.0,19.0,3.6966249991590185,0.2608695652173913,2.3684210526315788,5.0,0.03602756892230576
31,36.0,40.0,20.0,4.048688113203415,0.1388888888888889,1.7,8.0,0.0
32,21.0,16.0,14.0,3.6537567082870015,0.14285714285714285,2.125,3.0,0.16041666666666665
35,1.0,2.0,1.0,-0.0,1.0,1.0,1.0,0.0
36,63.0,57.0,31.0,4.680603979504504,0.1111111111111111,2.1052631578947367,11.0,0.020467836257309944
37,4.0,6.0,3.0,1.5,0.5,1.3333333333333333,2.0,0.0
38,20.0,25.0,12.0,3.3841837197791893,0.2,1.6,5.0,0.0
42,3.0,5.0,1.0,-0.0,1.0,1.2,2.0,0.0
43,89.0,51.0,29.0,3.523375262216753,0.43820224719101125,3.0588235294117645,5.0,0.006724843783667313
44,4.0,3.0,4.0,2.0,0.25,2.0,1.0,0.0
45,4.0,6.0,4.0,2.0,0.25,1.3333333333333333,3.0,0.0
47,7.0,8.0,6.0,2.521640636343318,0.2857142857142857,1.75,3.0,0.0
48,3.0,4.0,3.0,1.584962500721156,0.3333333333333333,1.5,1.0,0.0
49,2.0,4.0,2.0,1.0,0.5,1.0,2.0,0.0
50,17.0,21.0,9.0,2.910992253015045,0.23529411764705882,1.5238095238095237,6.0,0.0
51,39.0,35.0,23.0,4.169766962341045,0.20512820512820512,2.057142857142857,5.0,0.010977118119975263
52,48.0,33.0,20.0,3.6437693363517045,0.2916666666666667,2.242424242424242,3.0,0.06488601429312892
53,48.0,33.0,20.0,3.6437693363517045,0.2916666666666667,2.242424242424242,3.0,0.06488601429312892
54,204.0,89.0,67.0,5.450122158299232,0.08823529411764706,3.2134831460674156,7.0,0.13616107943887873
56,20.0,18.0,11.0,3.2037016960573483,0.25,2.111111111111111,4.0,0.14074074074074072
57,6.0,10.0,4.0,1.9182958340544896,0.3333333333333333,1.2,4.0,0.0
58,28.0,27.0,17.0,3.9677201004744993,0.10714285714285714,1.8518518518518519,4.0,0.0
59,21.0,22.0,14.0,3.6897037321995474,0.14285714285714285,1.9090909090909092,4.0,0.0
61,10.0,7.0,8.0,2.8464393446710154,0.3,2.0,2.0,0.0
63,11.0,9.0,7.0,2.550340709546388,0.36363636363636365,1.5555555555555556,2.0,0.0
65,13.0,15.0,8.0,2.8150724101159437,0.23076923076923078,1.7333333333333334,4.0,0.0
67,17.0,16.0,13.0,3.528064311584049,0.17647058823529413,1.75,5.0,0.0
70,3.0,3.0,3.0,1.584962500721156,0.3333333333333333,1.3333333333333333,1.0,0.0
71,14.0,12.0,7.0,2.521640636343318,0.2857142857142857,2.0,2.0,0.19444444444444445
72,17.0,10.0,14.0,3.6901165175936645,0.17647058823529413,2.6,1.0,0.42000000000000004
73,15.0,12.0,11.0,3.323231428797621,0.2,2.3333333333333335,2.0,0.3055555555555555
74,35.0,28.0,21.0,3.949734087940844,0.2571428571428571,2.142857142857143,3.0,0.11746031746031746
75,51.0,49.0,23.0,4.218720136335856,0.11764705882352941,1.836734693877551,8.0,0.02380952380952381
76,2.0,3.0,2.0,1.0,0.5,1.3333333333333333,1.0,0.0
77,9.0,8.0,4.0,1.4466166676282082,0.6666666666666666,2.25,1.0,0.0
78,62.0,49.0,23.0,3.4245848183097376,0.3709677419354839,2.204081632653061,7.0,0.08376135143052436
79,65.0,49.0,21.0,3.9677697357725363,0.13846153846153847,2.5714285714285716,3.0,0.042714428428714146
80,56.0,42.0,30.0,4.619331261111518,0.10714285714285714,2.238095238095238,9.0,0.0813869992441421
81,34.0,26.0,15.0,3.5569010760354054,0.17647058823529413,2.4615384615384617,5.0,0.10769230769230768
82,47.0,37.0,17.0,3.0074157434976936,0.46808510638297873,2.4324324324324325,6.0,0.3113022113022113
83,71.0,55.0,20.0,3.406543750386017,0.352112676056338,2.3636363636363638,5.0,0.19419913419913418
84,23.0,22.0,12.0,3.290321609248305,0.21739130434782608,1.9090909090909092,3.0,0.0
85,38.0,31.0,20.0,3.9778048159043644,0.15789473684210525,2.0,6.0,0.060215053763440864
86,3.0,5.0,3.0,1.584962500721156,0.3333333333333333,1.2,2.0,0.0
87,20.0,19.0,15.0,3.7219280948873625,0.2,1.6842105263157894,5.0,0.0
88,12.0,16.0,9.0,3.084962500721156,0.16666666666666666,1.5,6.0,0.0
89,4.0,5.0,3.0,1.5,0.5,1.6,1.0,0.0
90,6.0,7.0,6.0,2.584962500721156,0.16666666666666666,1.7142857142857142,2.0,0.0
92,24.0,20.0,11.0,3.0009619827626763,0.2916666666666667,2.0,6.0,0.0
93,37.0,33.0,23.0,4.303783770917412,0.10810810810810811,1.9393939393939394,6.0,0.0
94,24.0,29.0,17.0,3.970175521464345,0.125,1.5172413793103448,8.0,0.0
95,10.0,16.0,6.0,2.5219280948873624,0.2,1.25,6.0,0.0
96,42.0,44.0,22.0,4.243158791671846,0.09523809523809523,1.7727272727272727,8.0,0.04560308972073678
97,14.0,18.0,11.0,3.2359263506290326,0.2857142857142857,1.4444444444444444,6.0,0.0
98,5.0,7.0,3.0,1.3709505944546687,0.6,1.4285714285714286,2.0,0.0
99,10.0,12.0,7.0,2.6464393446710157,0.3,1.5,4.0,0.0
100,16.0,16.0,12.0,3.452819531114783,0.1875,1.875,3.0,0.0
101,10.0,11.0,9.0,3.1219280948873624,0.2,1.6363636363636365,2.0,0.0
103,19.0,20.0,13.0,3.5110854081804272,0.21052631578947367,1.6,5.0,0.0
104,6.0,8.0,4.0,1.792481250360578,0.5,1.5,2.0,0.0
105,55.0,47.0,29.0,4.7171901678341,0.07272727272727272,2.0,8.0,0.04278700023380874
106,23.0,23.0,14.0,3.588354347173233,0.17391304347826086,1.826086956521739,5.0,0.0
110,69.0,52.0,25.0,4.1083321601354905,0.14492753623188406,2.1153846153846154,9.0,0.08081501831501832
111,37.0,41.0,22.0,4.226628285180294,0.13513513513513514,1.7560975609756098,8.0,0.016802168021680216
112,6.0,10.0,6.0,2.584962500721156,0.16666666666666666,1.2,4.0,0.0
113,23.0,20.0,12.0,3.201545784032374,0.30434782608695654,1.7,4.0,0.0
114,33.0,27.0,13.0,3.3270900447203595,0.21212121212121213,1.7037037037037037,6.0,0.0
115,34.0,29.0,22.0,4.157767533178668,0.14705882352941177,2.0689655172413794,5.0,0.06948798328108673
116,59.0,51.0,35.0,4.879909838196924,0.11864406779661017,1.9607843137254901,8.0,0.037313945185917505
117,16.0,17.0,13.0,3.625,0.125,1.7647058823529411,3.0,0.0
118,32.0,39.0,18.0,3.9375,0.125,1.5897435897435896,13.0,0.05982905982905983
119,37.0,33.0,13.0,2.857839017231802,0.40540540540540543,1.878787878787879,9.0,0.1351698806244261
120,2.0,4.0,2.0,1.0,0.5,1.0,2.0,0.0
121,36.0,26.0,18.0,3.7278098080841557,0.19444444444444445,2.076923076923077,4.0,0.0
123,22.0,28.0,12.0,3.2655833228877333,0.2727272727272727,1.5714285714285714,8.0,0.07738095238095237
124,118.0,89.0,19.0,3.079585919224708,0.3305084745762712,2.3820224719101124,12.0,0.08754990328024036
125,7.0,9.0,5.0,2.128085278891394,0.42857142857142855,1.5555555555555556,3.0,0.0
127,14.0,10.0,11.0,3.3787834934861753,0.14285714285714285,1.8,3.0,0.0
128,46.0,25.0,20.0,3.758927971627143,0.2391304347826087,2.48,3.0,0.13923809523809524
129,97.0,75.0,30.0,4.338559968078886,0.12371134020618557,2.24,10.0,0.04150762527233116
130,29.0,24.0,19.0,4.017824858003424,0.1724137931034483,1.75,5.0,0.05648148148148149
131,5.0,7.0,4.0,1.9219280948873623,0.4,1.4285714285714286,2.0,0.0
132,46.0,44.0,22.0,4.118579554250694,0.13043478260869565,1.8636363636363635,6.0,0.0
133,3.0,5.0,3.0,1.584962500721156,0.3333333333333333,1.2,3.0,0.0
134,4.0,6.0,3.0,1.5,0.5,1.3333333333333333,2.0,0.0
136,21.0,20.0,13.0,3.499227541723357,0.19047619047619047,1.9,2.0,0.0
137,10.0,11.0,6.0,2.4464393446710155,0.3,1.4545454545454546,3.0,0.0
138,3.0,4.0,3.0,1.584962500721156,0.3333333333333333,1.5,2.0,0.0
139,3.0,5.0,2.0,0.9182958340544896,0.6666666666666666,1.2,2.0,0.0
140,7.0,7.0,3.0,1.3787834934861753,0.5714285714285714,1.7142857142857142,2.0,0.0
144,4.0,6.0,3.0,1.5,0.5,1.3333333333333333,2.0,0.0
145,2.0,4.0,2.0,1.0,0.5,1.0,2.0,0.0
149,4.0,5.0,4.0,2.0,0.25,1.6,1.0,0.0
150,77.0,41.0,36.0,4.8247662492707795,0.1038961038961039,2.731707317073171,3.0,0.08976145805414097
155,5.0,4.0,1.0,-0.0,1.0,2.0,1.0,0.0
