entity_type,bag_a,label_a,n_a,bag_b,label_b,n_b,method,score,flag,note,confirm_merge_bag_id
Consultant,con_dickson_and_kenneth_d_schmidt_and_associates,dickson_and_kenneth_d_schmidt_and_associates,1,con_kenneth_d_schmidt_associates,kenneth_d_schmidt_associates,17,contains,0.8,"",extra: dickson,""
Consultant,con_aquatic_bioassay_and_consulting,aquatic_bioassay_and_consulting,1,con_aquatic_bioassay_consulting_laboratory,aquatic_bioassay_consulting_laboratory,2,contains,0.75,"",extra: laboratory,""
Consultant,con_caldwell_environmental_science_associates,caldwell_environmental_science_associates,1,con_environmental_science_associates_inc_environmental_science_associates,"Environmental Science Associates, Inc.|Environmental Science Associates",3,contains,0.75,"",extra: caldwell,""
Consultant,con_geoscience_and_kennedy_jenks_consultants,geoscience_and_kennedy_jenks_consultants,2,con_kennedy_jenks_consultants_inc,kennedy_jenks_consultants_inc,8,contains,0.75,"",extra: geoscience,""
Consultant,con_earth_consultant_international,earth_consultant_international,4,con_earth_consultants,earth_consultants,1,contains,0.667,"",extra: international,""
Consultant,con_hydrology_engineering_inc,hydrology_engineering_inc,1,con_kamman_hydrology_engineering,kamman_hydrology_engineering,3,contains,0.667,"",extra: kamman,""
Consultant,con_jones_and_stokes_associates,jones_and_stokes_associates,4,con_stokes_associates,stokes_associates,1,contains,0.667,"",extra: jone,""
Consultant,con_michael_baker,michael_baker,1,con_michael_baker_international_inc_michael_baker_international,"Michael Baker International, Inc.|Michael Baker International",1,contains,0.667,"",extra: international,""
Consultant,con_pace_engineering,pace_engineering,1,con_pumpage_pace_engineering,pumpage_pace_engineering,1,contains,0.667,"",extra: pumpage,""
Consultant,con_scalmanini_eddy,scalmanini_eddy,1,con_scalmanini_eddy_teasdale,scalmanini_eddy_teasdale,1,contains,0.667,"",extra: teasdale,""
Consultant,con_west_associates,west_associates,1,con_west_yost_associates,West-Yost & Associates,6,contains,0.667,"",extra: yost,""
Consultant,con_davids_engineering_ind_industrial_service_supply,davids_engineering_ind_industrial_service_supply,1,con_davids_engineering_ind_industrial_service_supply_luhdorff_scalmanini_rfp_request_for_proposals,davids_engineering_ind_industrial_service_supply_luhdorff_scalmanini_rfp_request_for_proposals,1,contains,0.545,"",extra: luhdorff proposal request rfp scalmanini,""
Consultant,con_aecom,aecom,2,con_geoscience_aecom,geoscience_aecom,1,contains,0.5,"",extra: geoscience,""
Consultant,con_akm,akm,1,con_todd_and_akm,todd_and_akm,1,contains,0.5,"",extra: todd,""
Consultant,con_carollo_engineers,carollo_engineers,4,con_carollo_engineers_and_harshbarger_and_associates,carollo_engineers_and_harshbarger_and_associates,1,contains,0.5,"",extra: associate harshbarger,""
Consultant,con_environ,environ,1,con_environ_international_corporation,environ_international_corporation,1,contains,0.5,"",extra: international,""
Consultant,con_gei_gsi,gei_gsi,1,con_gsi,gsi,1,contains,0.5,"",extra: gei,""
Consultant,con_gsi,gsi,1,con_gsi_environmental_inc,GSI Environmental Inc.,2,contains,0.5,"",extra: environmental,""
Consultant,con_larry_walker_associates,larry_walker_associates,9,con_scalmanini_consulting_engineers_larry_walker_associates,scalmanini_consulting_engineers_larry_walker_associates,1,contains,0.5,"",extra: consulting engineer scalmanini,""
Consultant,con_trc,TRC,1,con_trc_essex,trc_essex,1,contains,0.5,"",extra: essex,""
Consultant,con_david_s_engineering_era_economics,david_s_engineering_era_economics,1,con_era_economics,era_economics,6,contains,0.4,"",extra: david engineering s,""
Consultant,con_john_f_mann_jr_associates,john_f_mann_jr_associates,1,con_mann_and_associates,mann_and_associates,1,contains,0.4,"",extra: f john jr,""
Consultant,con_ahtna_environmental,ahtna_environmental,2,con_department_of_defense_quality_systems_ahtna_environmental_inc,department_of_defense_quality_systems_ahtna_environmental_inc,1,contains,0.333,"",extra: defense department quality system,""
Consultant,con_dhi,dhi,1,con_dhi_water_environment,dhi_water_environment,1,contains,0.333,"",extra: environment water,""
Consultant,con_era_economics,era_economics,6,con_luhdorff_scalmanini_era_economics_technical_studies,luhdorff_scalmanini_era_economics_technical_studies,1,contains,0.333,"",extra: luhdorff scalmanini study technical,""
Consultant,con_gsi,gsi,1,con_gsi_water_solutions_inc,"GSI Water Solutions, Inc.",4,contains,0.333,"",extra: solution water,""
Consultant,con_wra_environmental_consultants,WRA Environmental Consultants,2,con_wra_inc,"WRA, Inc.",2,contains,0.333,"",extra: consultant environmental,""
Consultant,con_parsons,parsons,1,con_worley_parsons_resources_and_energy,worley_parsons_resources_and_energy,1,contains,0.25,"",extra: energy resource worley,""
Consultant,con_fugro_west,fugro_west,2,con_furgro_west,furgro_west,1,fuzzy,0.909,"","",""
Consultant,con_kaweah_davids_engineeringlta_water_conservatio,kaweah_davids_engineeringlta_water_conservatio,1,con_kaweah_davids_engineeringlta_water_conservation_district,kaweah_davids_engineeringlta_water_conservation_district,1,fuzzy,0.821,"","",""
Consultant,con_barr_engineering_co,Barr Engineering Co.,1,con_engineering,engineering,1,contains,0.5,magnet,extra: barr,""
Consultant,con_bgc_engineering_inc,bgc_engineering_inc,2,con_engineering,engineering,1,contains,0.5,magnet,extra: bgc,""
Consultant,con_creek_engineering_inc,"Creek Engineering, Inc.",1,con_engineering,engineering,1,contains,0.5,magnet,extra: creek,""
Consultant,con_david_engineering,david_engineering,9,con_davids_engineering_luhdorf_scalmanini,davids_engineering_luhdorf_scalmanini,1,contains,0.5,magnet,extra: luhdorf scalmanini,""
Consultant,con_david_engineering,david_engineering,9,con_engineering,engineering,1,contains,0.5,magnet,extra: david,""
Consultant,con_engineering,engineering,1,con_etic_engineering,etic_engineering,2,contains,0.5,magnet,extra: etic,""
Consultant,con_engineering,engineering,1,con_hinds_engineering,hinds_engineering,1,contains,0.5,magnet,extra: hind,""
Consultant,con_engineering,engineering,1,con_hydrology_engineering_inc,hydrology_engineering_inc,1,contains,0.5,magnet,extra: hydrology,""
Consultant,con_engineering,engineering,1,con_pace_engineering,pace_engineering,1,contains,0.5,magnet,extra: pace,""
Consultant,con_engineering,engineering,1,con_questa_engineering,questa_engineering,3,contains,0.5,magnet,extra: questa,""
Consultant,con_engineering,engineering,1,con_scheevel_engineering,scheevel_engineering,1,contains,0.5,magnet,extra: scheevel,""
Consultant,con_engineering,engineering,1,con_sorenson_engineering,sorenson_engineering,1,contains,0.5,magnet,extra: sorenson,""
Consultant,con_engineering,engineering,1,con_summers_engineering,summers_engineering,2,contains,0.5,magnet,extra: summer,""
Consultant,con_engineering,engineering,1,con_systech_engineering,systech_engineering,1,contains,0.5,magnet,extra: systech,""
Consultant,con_engineering,engineering,1,con_watercourse_engineering,watercourse_engineering,1,contains,0.5,magnet,extra: watercourse,""
Consultant,con_david_engineering,david_engineering,9,con_david_s_engineering_era_economics,david_s_engineering_era_economics,1,contains,0.4,magnet,extra: economic era s,""
Consultant,con_ahtna_engineering_services,ahtna_engineering_services,2,con_engineering,engineering,1,contains,0.333,magnet,extra: ahtna service,""
Consultant,con_akel_engineering_group,akel_engineering_group,2,con_engineering,engineering,1,contains,0.333,magnet,extra: akel group,""
Consultant,con_bookman_edmonston_engineering,Bookman-Edmonston Engineering,5,con_engineering,engineering,1,contains,0.333,magnet,extra: bookman edmonston,""
Consultant,con_boyle_engineering_company,boyle_engineering_company,4,con_engineering,engineering,1,contains,0.333,magnet,extra: boyle company,""
Consultant,con_david_engineering,david_engineering,9,con_davids_engineering_ind_industrial_service_supply,davids_engineering_ind_industrial_service_supply,1,contains,0.333,magnet,extra: ind industrial service supply,""
Consultant,con_david_engineering,david_engineering,9,con_madera_subbasin_coordination_committee_davids_engineering,madera_subbasin_coordination_committee_davids_engineering,1,contains,0.333,magnet,extra: committee coordination madera subbasin,""
Consultant,con_engineering,engineering,1,con_jacobs_engineering_group,jacobs_engineering_group,4,contains,0.333,magnet,extra: group jacob,""
Consultant,con_engineering,engineering,1,con_kamman_hydrology_engineering,kamman_hydrology_engineering,3,contains,0.333,magnet,extra: hydrology kamman,""
Consultant,con_engineering,engineering,1,con_pumpage_pace_engineering,pumpage_pace_engineering,1,contains,0.333,magnet,extra: pace pumpage,""
Consultant,con_engineering,engineering,1,con_spf_water_engineering,spf_water_engineering,1,contains,0.333,magnet,extra: spf water,""
Consultant,con_engineering,engineering,1,con_technicon_engineering_services,technicon_engineering_services,3,contains,0.333,magnet,extra: service technicon,""
Consultant,con_davids_engineering_luhdorf_scalmanini,davids_engineering_luhdorf_scalmanini,1,con_engineering,engineering,1,contains,0.25,magnet,extra: david luhdorf scalmanini,""
Consultant,con_engineering,engineering,1,con_engineering_department_of_layne_and_bowier,engineering_department_of_layne_and_bowier,1,contains,0.25,magnet,extra: bowier department layne,""
Consultant,con_engineering,engineering,1,con_madera_rwmg_qk_engineering,madera_rwmg_qk_engineering,1,contains,0.25,magnet,extra: madera qk rwmg,""
Consultant,con_consulting_engineering_firm_of_quad_knopf,consulting_engineering_firm_of_quad_knopf,3,con_engineering,engineering,1,contains,0.2,magnet,extra: consulting firm knopf quad,""
Consultant,con_david_s_engineering_era_economics,david_s_engineering_era_economics,1,con_engineering,engineering,1,contains,0.2,magnet,extra: david economic era s,""
Consultant,con_engineering,engineering,1,con_water_resources_and_information_management_engineering_inc,water_resources_and_information_management_engineering_inc,3,contains,0.2,magnet,extra: information management resource water,""
Consultant,con_david_engineering,david_engineering,9,con_davids_engineering_ind_industrial_service_supply_luhdorff_scalmanini_rfp_request_for_proposals,davids_engineering_ind_industrial_service_supply_luhdorff_scalmanini_rfp_request_for_proposals,1,contains,0.182,magnet,extra: ind industrial luhdorff proposal request rfp scalmanini service supply,""
Consultant,con_davids_engineering_ind_industrial_service_supply,davids_engineering_ind_industrial_service_supply,1,con_engineering,engineering,1,contains,0.167,magnet,extra: david ind industrial service supply,""
Consultant,con_engineering,engineering,1,con_madera_subbasin_coordination_committee_davids_engineering,madera_subbasin_coordination_committee_davids_engineering,1,contains,0.167,magnet,extra: committee coordination david madera subbasin,""
Consultant,con_davids_engineering_ind_industrial_service_supply_luhdorff_scalmanini_rfp_request_for_proposals,davids_engineering_ind_industrial_service_supply_luhdorff_scalmanini_rfp_request_for_proposals,1,con_engineering,engineering,1,contains,0.091,magnet,extra: david ind industrial luhdorff proposal request rfp scalmanini service supply,""
Consultant,con_akm_consulting_engineers,akm_consulting_engineers,1,con_shn_consulting_engineers,shn_consulting_engineers,1,fuzzy,0.875,sibling,"",""
Consultant,con_weiss_associates,Weiss Associates,1,con_west_associates,west_associates,1,fuzzy,0.875,sibling,"",""
Consultant,con_balance_hydraulics_inc,balance_hydraulics_inc,1,con_balance_hydrologics_inc,"Balance Hydrologics, Inc.",3,fuzzy,0.826,sibling,"",""
Consultant,con_fgl_environmental,fgl_environmental,4,con_mlj_environmental,MLJ Environmental,1,fuzzy,0.824,sibling,"",""
Consultant,con_fgl_environmental,fgl_environmental,4,con_pes_environmental,PES Environmental,1,fuzzy,0.824,sibling,"",""
Consultant,con_mlj_environmental,MLJ Environmental,1,con_pes_environmental,PES Environmental,1,fuzzy,0.824,sibling,"",""
Consultant,con_aqua_terra_consultants,aqua_terra_consultants,1,con_aquaterra_consulting,aquaterra_consulting,1,fuzzy,0.818,sibling,"",""
Consultant,con_bray_associates,bray_associates,1,con_bsk_associates,BSK Associates,3,fuzzy,0.8,sibling,"",""
Consultant,con_bray_associates,bray_associates,1,con_diaz_associates,diaz_associates,1,fuzzy,0.8,sibling,"",""
Consultant,con_bsk_associates,BSK Associates,3,con_west_associates,west_associates,1,fuzzy,0.8,sibling,"",""
Consultant,con_davids_luhdorf_scalmanini,davids_luhdorf_scalmanini,1,con_de_luhdorf_scalmanini,de_luhdorf_scalmanini,1,fuzzy,0.8,sibling,"",""
Consultant,con_diaz_associates,diaz_associates,1,con_kier_associates,kier_associates,1,fuzzy,0.8,sibling,"",""
Consultant,con_groundwater_solutions_inc,groundwater_solutions_inc,1,con_gsi_water_solutions_inc,"GSI Water Solutions, Inc.",4,fuzzy,0.8,sibling,"",""
Consultant,con_kier_associates,kier_associates,1,con_kotf_associates,kotf_associates,1,fuzzy,0.8,sibling,"",""
Consultant,con_keller_wegley_consulting_engineers,keller_wegley_consulting_engineers,2,con_winzler_kelly_consulting_engineers,Winzler & Kelly Consulting Engineers,2,fuzzy,0.794,sibling,"",""
Consultant,con_horizon_water_and_environment,horizon_water_and_environment,1,con_rmc_water_and_environment,rmc_water_and_environment,3,fuzzy,0.793,sibling,"",""
Consultant,con_akel_engineering_group,akel_engineering_group,2,con_jacobs_engineering_group,jacobs_engineering_group,4,fuzzy,0.792,sibling,"",""
Consultant,con_ahtna_environmental,ahtna_environmental,2,con_shaw_environmental,shaw_environmental,1,fuzzy,0.789,sibling,"",""
Consultant,con_bachand_associates,Bachand & Associates,2,con_mann_and_associates,mann_and_associates,1,fuzzy,0.789,sibling,"",""
Consultant,con_csg_consultants_inc,csg_consultants_inc,1,con_gei_consultant_inc,"GEI Consultant, Inc.",32,fuzzy,0.789,sibling,"",""
Consultant,con_isw_consulting,isw_consulting,1,con_rbf_consulting,rbf_consulting,1,fuzzy,0.786,sibling,"",""
Consultant,con_6si_water_solutions,6si_water_solutions,1,con_gsi_water_solutions_inc,"GSI Water Solutions, Inc.",4,fuzzy,0.783,sibling,"",""
Consultant,con_berkson_associates,berkson_associates,1,con_brusca_associates,brusca_associates,1,fuzzy,0.778,sibling,"",""
Consultant,con_berkson_associates,berkson_associates,1,con_herzog_associates,herzog_associates,1,fuzzy,0.778,sibling,"",""
Consultant,con_fgl_environmental,fgl_environmental,4,con_shaw_environmental,shaw_environmental,1,fuzzy,0.778,sibling,"",""
Consultant,con_kear_groundwater,kear_groundwater,1,con_parker_groundwater,parker_groundwater,1,fuzzy,0.778,sibling,"",""
Consultant,con_mlj_environmental,MLJ Environmental,1,con_shaw_environmental,shaw_environmental,1,fuzzy,0.778,sibling,"",""
Consultant,con_pes_environmental,PES Environmental,1,con_shaw_environmental,shaw_environmental,1,fuzzy,0.778,sibling,"",""
Consultant,con_kwc_engineers,kwc_engineers,1,con_mbk_engineers,MBK Engineers,1,fuzzy,0.769,sibling,"",""
Consultant,con_kwc_engineers,kwc_engineers,1,con_scs_engineers,SCS Engineers,1,fuzzy,0.769,sibling,"",""
Consultant,con_mbk_engineers,MBK Engineers,1,con_scs_engineers,SCS Engineers,1,fuzzy,0.769,sibling,"",""
Consultant,con_mccord_environmental_inc,"McCord Environmental, Inc.",1,con_o_connor_environmental_inc,o_connor_environmental_inc,1,fuzzy,0.769,sibling,"",""
Consultant,con_bray_associates,bray_associates,1,con_brusca_associates,brusca_associates,1,fuzzy,0.765,sibling,"",""
Consultant,con_brusca_associates,brusca_associates,1,con_bsk_associates,BSK Associates,3,fuzzy,0.765,sibling,"",""
Consultant,con_david_engineering,david_engineering,9,con_etic_engineering,etic_engineering,2,fuzzy,0.765,sibling,"",""
Consultant,con_david_engineering,david_engineering,9,con_pace_engineering,pace_engineering,1,fuzzy,0.765,sibling,"",""
Consultant,con_earth_consultants,earth_consultants,1,con_epc_consultants,epc_consultants,1,fuzzy,0.765,sibling,"",""
Consultant,con_harris_associates,harris_associates,1,con_herzog_associates,herzog_associates,1,fuzzy,0.765,sibling,"",""
Consultant,con_ahtna_environmental,ahtna_environmental,2,con_canonie_environmental,canonie_environmental,1,fuzzy,0.762,sibling,"",""
Consultant,con_bgc_engineering_inc,bgc_engineering_inc,2,con_creek_engineering_inc,"Creek Engineering, Inc.",1,fuzzy,0.762,sibling,"",""
Consultant,con_canonie_environmental,canonie_environmental,1,con_dunn_e_nvironmental,dunn_e_nvironmental,3,fuzzy,0.762,sibling,"",""
Consultant,con_lsa_associates_inc_lsa_associates_inc,"LSA Associates, Inc.|LSA Associates Inc",1,con_padre_associates_inc_padre_associates_inc,"Padre Associates, Inc.|Padre Associates Inc",3,fuzzy,0.756,sibling,"",""
Consultant,con_ah_water_consulting,ah_water_consulting,1,con_aquaterra_consulting,aquaterra_consulting,1,fuzzy,0.75,sibling,"",""
Consultant,con_bsk_associates,BSK Associates,3,con_weiss_associates,Weiss Associates,1,fuzzy,0.75,sibling,"",""
Consultant,con_diaz_associates,diaz_associates,1,con_weiss_associates,Weiss Associates,1,fuzzy,0.75,sibling,"",""
Consultant,con_etic_engineering,etic_engineering,2,con_pace_engineering,pace_engineering,1,fuzzy,0.75,sibling,"",""
Consultant,con_gsi_environmental_inc,GSI Environmental Inc.,2,con_mccord_environmental_inc,"McCord Environmental, Inc.",1,fuzzy,0.75,sibling,"",""
Consultant,con_kear_groundwater,kear_groundwater,1,con_todd_groundwater,todd_groundwater,7,fuzzy,0.75,sibling,"",""
Consultant,con_kier_associates,kier_associates,1,con_weiss_associates,Weiss Associates,1,fuzzy,0.75,sibling,"",""
Consultant,con_water_systems_consulting,water_systems_consulting,3,con_waterwise_consulting,waterwise_consulting,1,fuzzy,0.75,sibling,"",""
Consultant,con_gsi,gsi,,"","",,acronym_ambiguous,,ambiguous,another bag spells it: con_gei_gsi con_gsi_environmental_inc con_gsi_water_solutions_inc,""
Consultant,con_scs,scs,,"","",,acronym_ambiguous,,ambiguous,another bag spells it: con_scs_engineers,""
