entity_type,variant,bag_id,also_names,n_other
Consultant,aquatic_bioassay_and_consulting_laboratory,con_aquatic_bioassay_consulting_laboratory,con_aquatic_bioassay_and_consulting,1
Consultant,aquatic_bioassay_consulting_laboratory,con_aquatic_bioassay_consulting_laboratory,con_aquatic_bioassay_and_consulting,1
Consultant,stillwater_sciences_and_balance_hydrologics,con_balance_hydrologics_inc,con_stillwater_science,1
Consultant,carollo_engineers_and_harshbarger_and_associates,con_carollo_engineers_and_harshbarger_and_associates,con_carollo_engineers,1
Consultant,david_s_engineering_era_economics,con_david_s_engineering_era_economics,con_era_economics,1
Consultant,davids_engineering_ind_industrial_service_supply,con_davids_engineering_ind_industrial_service_supply,con_david_engineering,1
Consultant,davids_engineering_ind_industrial_service_supply_luhdorff_scalmanini_rfp_request_for_proposals,con_davids_engineering_ind_industrial_service_supply_luhdorff_scalmanini_rfp_request_for_proposals,con_david_engineering | con_davids_engineering_ind_industrial_service_supply,2
Consultant,davids_engineering_luhdorf_scalmanini,con_davids_engineering_luhdorf_scalmanini,con_david_engineering,1
Consultant,department_of_defense_quality_systems_ahtna_environmental_inc,con_department_of_defense_quality_systems_ahtna_environmental_inc,con_ahtna_environmental,1
Consultant,dickson_and_kenneth_d_schmidt_and_associates,con_dickson_and_kenneth_d_schmidt_and_associates,con_kenneth_d_schmidt_associates,1
Consultant,geoscience_and_kennedy_jenks_consultants,con_geoscience_and_kennedy_jenks_consultants,con_kennedy_jenks_consultants_inc,1
Consultant,davids_engineering_k_hydraulic_conductivity_luhdorff_and_scalmanini_consulting_engineers,con_luhdorff_scalmanini_consulting_engineers,con_david_engineering,1
Consultant,luhdorff_scalmanini_era_economics_technical_studies,con_luhdorff_scalmanini_era_economics_technical_studies,con_era_economics,1
Consultant,madera_subbasin_coordination_committee_davids_engineering,con_madera_subbasin_coordination_committee_davids_engineering,con_david_engineering,1
Consultant,scalmanini_consulting_engineers_larry_walker_associates,con_scalmanini_consulting_engineers_larry_walker_associates,con_larry_walker_associates,1
Consultant,davids_engineering_wood_rodgers,con_wood_rodgers_inc,con_david_engineering,1
Consultant,2_woodard_curran_and_davids_engineering,con_woodard_curran,con_david_engineering,1
Consultant,woodard_and_curran_and_davids_engineering,con_woodard_curran,con_david_engineering,1
Consultant,woodard_curran_and_davids_engineering,con_woodard_curran,con_david_engineering,1
NGO,ac_california_water_commission_nature_conservancy,ngo_ac_california_water_commission_nature_conservancy,ngo_nature_conservancy,1
NGO,action_clean_water_fund,ngo_action_clean_water_fund,ngo_clean_water_fund,1
NGO,amador_fire_safe_council,ngo_amador_fire_safe_council,ngo_fire_safe_council,1
NGO,american_rivers_california_department_of_fish_and_wildlife,ngo_american_rivers_california_department_of_fish_and_wildlife,ngo_american_rivers,1
NGO,american_society_of_civil_engineers_environmental_and_water_resources_institute,ngo_american_society_of_civil_engineers_environmental_and_water_resources_institute,ngo_american_society_of_civil_engineers,1
NGO,audubon_and_environmental_law_foundation,ngo_audubon_and_environmental_law_foundation,ngo_environmental_law_foundation,1
NGO,big_brothers_big_sisters_of_central_california,ngo_big_brothers_big_sisters_of_central_california,ngo_big_brothers_big_sisters,1
NGO,california_association_of_resource_conservation_districts,ngo_california_association_of_resource_conservation_districts,ngo_resource_conservation_district,1
NGO,california_cattlemen_s_association,ngo_california_cattlemen_s_association,ngo_cattlemen_s_association,1
NGO,california_farm_bureau_federation,ngo_california_farm_bureau_federation,ngo_farm_bureau,1
NGO,california_native_plant_society,ngo_california_native_plant_society,ngo_california_native_plant | ngo_plant_society,2
NGO,california_native_plant_society_2020,ngo_california_native_plant_society,ngo_california_native_plant | ngo_plant_society,2
NGO,california_native_plant_society_bristlecone_chapter,ngo_california_native_plant_society_bristlecone_chapter,ngo_bristlecone_chapter | ngo_california_native_plant | ngo_california_native_plant_society | ngo_plant_society,4
NGO,california_native_plant_society_monterey_chapter,ngo_california_native_plant_society_monterey_chapter,ngo_california_native_plant | ngo_california_native_plant_society | ngo_plant_society,3
NGO,california_rural_legal_assistance,ngo_california_rural_legal_assistance,ngo_california_rural_legal,1
NGO,catholic_charities_of_the_diocese_of_stockton,ngo_catholic_charities_of_the_diocese_of_stockton,ngo_catholic_charities,1
NGO,central_california_environmental_justice_network,ngo_central_california_environmental_justice_network,ngo_environmental_justice_network,1
NGO,citizen_for_responsible_oil_and_gas,ngo_citizen_for_responsible_oil_and_gas,ngo_citizens_for_responsible_oil_and,1
NGO,city_of_santa_monica_grassroots_coalition,ngo_city_of_santa_monica_grassroots_coalition,ngo_grassroots_coalition,1
NGO,clean_water_action_california_waterfowl_association1,ngo_clean_water_action_california_waterfowl_association,ngo_california_waterfowl_association | ngo_clean_water_action,2
NGO,clean_water_action_california_waterfowl_association10,ngo_clean_water_action_california_waterfowl_association,ngo_california_waterfowl_association | ngo_clean_water_action,2
NGO,clean_water_action_california_waterfowl_association11,ngo_clean_water_action_california_waterfowl_association,ngo_california_waterfowl_association | ngo_clean_water_action,2
NGO,clean_water_action_california_waterfowl_association12,ngo_clean_water_action_california_waterfowl_association,ngo_california_waterfowl_association | ngo_clean_water_action,2
NGO,clean_water_action_california_waterfowl_association13,ngo_clean_water_action_california_waterfowl_association,ngo_california_waterfowl_association | ngo_clean_water_action,2
NGO,clean_water_action_california_waterfowl_association14,ngo_clean_water_action_california_waterfowl_association,ngo_california_waterfowl_association | ngo_clean_water_action,2
NGO,clean_water_action_california_waterfowl_association16,ngo_clean_water_action_california_waterfowl_association,ngo_california_waterfowl_association | ngo_clean_water_action,2
NGO,clean_water_action_california_waterfowl_association17,ngo_clean_water_action_california_waterfowl_association,ngo_california_waterfowl_association | ngo_clean_water_action,2
NGO,clean_water_action_california_waterfowl_association18,ngo_clean_water_action_california_waterfowl_association,ngo_california_waterfowl_association | ngo_clean_water_action,2
NGO,clean_water_action_california_waterfowl_association19,ngo_clean_water_action_california_waterfowl_association,ngo_california_waterfowl_association | ngo_clean_water_action,2
NGO,clean_water_action_california_waterfowl_association2,ngo_clean_water_action_california_waterfowl_association,ngo_california_waterfowl_association | ngo_clean_water_action,2
NGO,clean_water_action_california_waterfowl_association20,ngo_clean_water_action_california_waterfowl_association,ngo_california_waterfowl_association | ngo_clean_water_action,2
NGO,clean_water_action_california_waterfowl_association21,ngo_clean_water_action_california_waterfowl_association,ngo_california_waterfowl_association | ngo_clean_water_action,2
NGO,clean_water_action_california_waterfowl_association22,ngo_clean_water_action_california_waterfowl_association,ngo_california_waterfowl_association | ngo_clean_water_action,2
NGO,clean_water_action_california_waterfowl_association26,ngo_clean_water_action_california_waterfowl_association,ngo_california_waterfowl_association | ngo_clean_water_action,2
NGO,clean_water_action_california_waterfowl_association27,ngo_clean_water_action_california_waterfowl_association,ngo_california_waterfowl_association | ngo_clean_water_action,2
NGO,clean_water_action_california_waterfowl_association28,ngo_clean_water_action_california_waterfowl_association,ngo_california_waterfowl_association | ngo_clean_water_action,2
NGO,clean_water_action_california_waterfowl_association29,ngo_clean_water_action_california_waterfowl_association,ngo_california_waterfowl_association | ngo_clean_water_action,2
NGO,clean_water_action_california_waterfowl_association3,ngo_clean_water_action_california_waterfowl_association,ngo_california_waterfowl_association | ngo_clean_water_action,2
NGO,clean_water_action_california_waterfowl_association30,ngo_clean_water_action_california_waterfowl_association,ngo_california_waterfowl_association | ngo_clean_water_action,2
NGO,clean_water_action_california_waterfowl_association6,ngo_clean_water_action_california_waterfowl_association,ngo_california_waterfowl_association | ngo_clean_water_action,2
NGO,clean_water_action_california_waterfowl_association7,ngo_clean_water_action_california_waterfowl_association,ngo_california_waterfowl_association | ngo_clean_water_action,2
NGO,clean_water_action_california_waterfowl_association8,ngo_clean_water_action_california_waterfowl_association,ngo_california_waterfowl_association | ngo_clean_water_action,2
NGO,clean_water_action_california_waterfowl_association9,ngo_clean_water_action_california_waterfowl_association,ngo_california_waterfowl_association | ngo_clean_water_action,2
NGO,umbrella_groundwater_sustainability_plan_clean_water_action_california_waterfowl_association15,ngo_clean_water_action_california_waterfowl_association,ngo_california_waterfowl_association | ngo_clean_water_action,2
NGO,clean_water_action_and_clean_water_fund,ngo_clean_water_action_fund,ngo_action_fund | ngo_clean_water_action,2
NGO,clean_water_action_fund,ngo_clean_water_action_fund,ngo_action_fund | ngo_clean_water_action,2
NGO,clean_water_action_the_subbasin,ngo_clean_water_action_the_subbasin,ngo_clean_water_action,1
NGO,county_farm_bureau_federation,ngo_county_farm_bureau_federation,ngo_county_farm_bureau | ngo_farm_bureau,2
NGO,environmental_council_of_sacramento_and_habitat,ngo_environmental_council_of_sacramento_and_habitat,ngo_environmental_council_of_sacramento,1
NGO,a_geotracker_environmental_defense_fund,ngo_environmental_defense_fund,ngo_environmental_defense,1
NGO,environmental_justice_coalition_for_water,ngo_environmental_justice_coalition_for_water,ngo_environmental_justice_coalition,1
NGO,feather_river_land_trust_sierra_valley_birder,ngo_feather_river_land_trust_sierra_valley_birder,ngo_feather_river_land_trust,1
NGO,fillmore_basin_pumpers_association,ngo_fillmore_basin_pumpers_association,ngo_basin_pumpers_association,1
NGO,freshwater_trust_and_local_government_commission,ngo_freshwater_trust_and_local_government_commission,ngo_freshwater_trust | ngo_local_government_commission,2
NGO,fresno_county_farm_bureau,ngo_fresno_county_farm_bureau,ngo_county_farm_bureau | ngo_farm_bureau,2
NGO,friends_of_the_santa_clara_river,ngo_friends_of_the_santa_clara_river,ngo_friends_of_the_santa_clara,1
NGO,glenn_county_farm_bureau,ngo_glenn_county_farm_bureau,ngo_county_farm_bureau | ngo_farm_bureau,2
NGO,golden_gate_national_parks_conservancy,ngo_golden_gate_national_parks_conservancy,ngo_parks_conservancy,1
NGO,grower_shipper_association_of_central_california,ngo_grower_shipper_association_of_central_california,ngo_grower_shipper_association,1
NGO,growers_vintners_for_responsible_agriculture,ngo_growers_vintners_for_responsible_agriculture,ngo_responsible_agriculture,1
NGO,heal_the_bay_grassroots_coalition,ngo_heal_the_bay_grassroots_coalition,ngo_grassroots_coalition,1
NGO,humboldt_county_farm_bureau,ngo_humboldt_county_farm_bureau,ngo_county_farm_bureau | ngo_farm_bureau,2
NGO,institute_for_conservation_advocacy_research_education,ngo_institute_for_conservation_advocacy_research_education,ngo_institute_for_conservation,1
NGO,joaquin_farm_bureau_federation,ngo_joaquin_farm_bureau_federation,ngo_farm_bureau,1
NGO,justice_and_accountability_and_self_help_enterprises,ngo_justice_and_accountability_and_self_help_enterprises,ngo_self_help_enterprise,1
NGO,kern_county_farm_bureau,ngo_kern_county_farm_bureau,ngo_county_farm_bureau | ngo_farm_bureau,2
NGO,kern_groundwater_authority_umbrella_clean_water_action_california_waterfowl_association15,ngo_kern_groundwater_authority_umbrella_clean_water_action_california_waterfowl_association,ngo_california_waterfowl_association | ngo_clean_water_action | ngo_clean_water_action_california_waterfowl_association,3
NGO,kings_county_farm_bureau,ngo_kings_county_farm_bureau,ngo_county_farm_bureau | ngo_farm_bureau,2
NGO,lake_county_farm_bureau,ngo_lake_county_farm_bureau,ngo_county_farm_bureau | ngo_farm_bureau,2
NGO,league_of_women_voters_of_california,ngo_league_of_women_voters_of_california,ngo_league_of_women_voters | ngo_women_voters,2
NGO,league_of_women_voters_of_monterey_county,ngo_league_of_women_voters_of_monterey_county,ngo_league_of_women_voters | ngo_women_voters,2
NGO,league_of_women_voters_of_san_joaquin_county,ngo_league_of_women_voters_of_san_joaquin_county,ngo_league_of_women_voters | ngo_women_voters,2
NGO,lompoc_growers_and_shippers_association,ngo_lompoc_growers_and_shippers_association,ngo_grower_shipper_association,1
NGO,madera_county_farm_bureau,ngo_madera_county_farm_bureau,ngo_county_farm_bureau | ngo_farm_bureau,2
NGO,madera_sunrise_rotary_club_587,ngo_madera_sunrise_rotary_club,ngo_rotary_club,1
NGO,mendocino_county_farm_bureau,ngo_mendocino_county_farm_bureau,ngo_county_farm_bureau | ngo_farm_bureau,2
NGO,merced_county_farm_bureau,ngo_merced_county_farm_bureau,ngo_county_farm_bureau | ngo_farm_bureau,2
NGO,merced_mariposa_cattlemen_s_association,ngo_merced_mariposa_cattlemen_s_association,ngo_cattlemen_s_association,1
NGO,monterey_county_farm_bureau,ngo_monterey_county_farm_bureau,ngo_county_farm_bureau | ngo_farm_bureau,2
NGO,monterey_grower_shippers_association,ngo_monterey_grower_shippers_association,ngo_grower_shipper_association,1
NGO,mount_shasta_bioregional_ecology_center,ngo_mount_shasta_bioregional_ecology_center,ngo_ecology_center,1
NGO,napa_county_farm_bureau,ngo_napa_county_farm_bureau,ngo_county_farm_bureau | ngo_farm_bureau,2
NGO,napa_county_resource_conservation_district,ngo_napa_county_resource_conservation_district,ngo_resource_conservation_district,1
NGO,napa_sierra_club_group,ngo_napa_sierra_club_group,ngo_sierra_club,1
NGO,national_audubon_society_local,ngo_national_audubon_society,ngo_national_audubon,1
NGO,section_2523_national_audubon_society_local,ngo_national_audubon_society,ngo_national_audubon,1
NGO,national_audubon_society_v_superior_court,ngo_national_audubon_society_v_superior_court,ngo_national_audubon | ngo_national_audubon_society,2
NGO,national_fish_and_wildlife_foundation_scott_recharge,ngo_national_fish_and_wildlife_foundation_scott_recharge,ngo_national_fish_wildlife_foundation,1
NGO,natural_resources_defense_council,ngo_natural_resources_defense_council,ngo_resources_defense_council,1
NGO,nature_conservancy_audubon_lgc_university_of_californias,ngo_nature_conservancy_audubon_lgc_university_of_californias,ngo_nature_conservancy | ngo_nature_conservancy_audubon,2
NGO,nature_conservancy_temescal_valley_water_district,ngo_nature_conservancy_temescal_valley_water_district,ngo_nature_conservancy,1
NGO,occidental_arts_and_ecology_center,ngo_occidental_arts_and_ecology_center,ngo_ecology_center,1
NGO,ojai_valley_land_conservancy,ngo_ojai_valley_land_conservancy,ngo_valley_land_conservancy,1
NGO,original_madera_kiwanis_club,ngo_original_madera_kiwanis_club,ngo_kiwanis_club,1
NGO,planning_and_conservation_league_foundation,ngo_planning_and_conservation_league_foundation,ngo_planning_and_conservation_league,1
NGO,playa_vista_ballona_conservancy,ngo_playa_vista_ballona_conservancy,ngo_ballona_conservancy,1
NGO,plumas_sierra_farm_bureau,ngo_plumas_sierra_farm_bureau,ngo_farm_bureau,1
NGO,rural_community_assistance_partnership,ngo_rural_community_assistance_partnership,ngo_rural_community_assistance_corporation,1
NGO,sacramento_county_farm_bureau,ngo_sacramento_county_farm_bureau,ngo_county_farm_bureau | ngo_farm_bureau,2
NGO,san_benito_county_farm_bureau,ngo_san_benito_county_farm_bureau,ngo_county_farm_bureau | ngo_farm_bureau,2
NGO,san_diego_county_farm_bureau,ngo_san_diego_county_farm_bureau,ngo_county_farm_bureau | ngo_farm_bureau,2
NGO,san_joaquin_farm_bureau,ngo_san_joaquin_farm_bureau,ngo_farm_bureau,1
NGO,san_luis_obispo_county_farm_bureau,ngo_san_luis_obispo_county_farm_bureau,ngo_county_farm_bureau | ngo_farm_bureau,2
NGO,santa_barbara_county_cattlemen_s_association,ngo_santa_barbara_county_cattlemen_s_association,ngo_cattlemen_s_association,1
NGO,santa_cruz_water_conservation_coalition,ngo_santa_cruz_water_conservation_coalition,ngo_water_conservation_coalition,1
NGO,water_conservation_coalition_of_santa_cruz,ngo_santa_cruz_water_conservation_coalition,ngo_water_conservation_coalition,1
NGO,santa_paul_basin_pumpers_association,ngo_santa_paul_basin_pumpers_association,ngo_basin_pumpers_association,1
NGO,save_open_space_and_agricultural_nature_conservancy_comments,ngo_save_open_space_and_agricultural_nature_conservancy_comments,ngo_nature_conservancy,1
NGO,save_the_american_river_association,ngo_save_the_american_river_association,ngo_american_rivers | ngo_rivers_association,2
NGO,severely_disadvantaged_community_ngo_consortium,ngo_severely_disadvantaged_community_ngo_consortium,ngo_ngo_consortium,1
NGO,sierra_club_airport_marina_group,ngo_sierra_club_airport_marina_group,ngo_sierra_club,1
NGO,sierra_club_mineral_king_group,ngo_sierra_club_mineral_king_group,ngo_sierra_club,1
NGO,sierra_club_napa_group,ngo_sierra_club_napa_group,ngo_sierra_club,1
NGO,sierra_club_sacramento_group,ngo_sierra_club_sacramento_group,ngo_sierra_club,1
NGO,siskiyou_county_farm_bureau,ngo_siskiyou_county_farm_bureau,ngo_county_farm_bureau | ngo_farm_bureau,2
NGO,solano_county_farm_bureau,ngo_solano_county_farm_bureau,ngo_county_farm_bureau | ngo_farm_bureau,2
NGO,south_yuba_river_citizens_league_overhouse,ngo_south_yuba_river_citizens_league_overhouse,ngo_south_yuba_river_citizens_league,1
NGO,sustainable_conservation_and_earth_genome,ngo_sustainable_conservation_and_earth_genome,ngo_sustainable_conservation,1
NGO,sustainable_groundwater_management_act_multiple_comment_response8_multiple_comment_response8_sierra_club,ngo_sustainable_groundwater_management_act_multiple_comment_response_multiple_comment_response_sierra_club,ngo_sierra_club,1
NGO,tehama_county_cattlemen_s_association,ngo_tehama_county_cattlemen_s_association,ngo_cattlemen_s_association | ngo_tehama_county_cattlemen,2
NGO,tehama_county_farm_bureau,ngo_tehama_county_farm_bureau,ngo_county_farm_bureau | ngo_farm_bureau,2
NGO,tulare_basin_wildlife_partners,ngo_tulare_basin_wildlife_partners,ngo_wildlife_partners,1
NGO,environmental_tulare_county_farm_bureau,ngo_tulare_county_farm_bureau,ngo_county_farm_bureau | ngo_farm_bureau,2
NGO,tulare_county_farm_bureau,ngo_tulare_county_farm_bureau,ngo_county_farm_bureau | ngo_farm_bureau,2
NGO,tule_basin_water_foundation,ngo_tule_basin_water_foundation,ngo_water_foundation,1
NGO,farm_bureau_of_ventura_county,ngo_ventura_county_farm_bureau,ngo_farm_bureau,1
NGO,ventura_county_farm_bureau,ngo_ventura_county_farm_bureau,ngo_county_farm_bureau | ngo_farm_bureau,2
NGO,water_conservation_coalition_of_santa_cruz_county,ngo_water_conservation_coalition_of_santa_cruz_county,ngo_water_conservation_coalition,1
NGO,wildlife_heritage_foundation_wildlands,ngo_wildlife_heritage_foundation_wildlands,ngo_wildlife_heritage_foundation,1
NGO,yolo_county_farm_bureau,ngo_yolo_county_farm_bureau,ngo_county_farm_bureau | ngo_farm_bureau,2
Research,cal_poly_national_oceanic_and_atmospheric_administration_station,res_cal_poly_national_oceanic_and_atmospheric_administration_station,res_cal_poly_national_oceanic_and_atmospheric_administration,1
Research,california_state_university_bakersfield,res_california_state_university_bakersfield,res_california_state_university,1
Research,california_state_university_channel_islands,res_california_state_university_channel_islands,res_california_state_university,1
Research,california_state_university_chico,res_california_state_university_chico,res_california_state_university,1
Research,cal_state_university_monterey_bay,res_california_state_university_monterey_bay,res_cal_state_university,1
Research,california_state_university_monterey_bay,res_california_state_university_monterey_bay,res_california_state_university,1
Research,california_state_university_of_sacramento,res_california_state_university_sacramento,res_california_state_university,1
Research,california_state_university_sacramento,res_california_state_university_sacramento,res_california_state_university,1
Research,california_state_university_stanislaus,res_california_state_university_stanislaus,res_california_state_university,1
Research,central_washington_university_analysis_center,res_central_washington_university_analysis_center,res_central_washington_university | res_washington_university,2
Research,centre_national_de_reserches_meteorologiques_gcm,res_centre_national_de_reserches_meteorologiques_gcm,res_centre_national_de_reserches_meteorologiques,1
Research,cornell_lab_of_ornithology_2021a,res_cornell_lab_of_ornithology_2021a,res_cornell_lab_of_ornithology | res_cornell_labs,2
Research,desert_research_institute_for_naval_air_warfare_center,res_desert_research_institute_for_naval_air_warfare_center,res_desert_research_institute,1
Research,desert_research_institute_for_the_naval_air_warfare_center,res_desert_research_institute_for_naval_air_warfare_center,res_desert_research_institute,1
Research,fresno_state_madera_madera_ii,res_fresno_state_madera_madera_ii,res_fresno_state,1
Research,hydrogeophysics_group_aarhus_university,res_hydrogeophysics_group_aarhus_university,res_aarhus_university | res_hydrogeophysics_group,2
Research,california_polytechnic_state_university_irrigation_training_and_research_center,res_irrigation_training_research_center,res_california_polytechnic_state_university,1
Research,national_drought_mitigation_center,res_national_drought_mitigation_center,res_drought_mitigation_center,1
Research,national_oceanographic_and_atmospheric_administration_university_of_california_los_angeles,res_national_oceanographic_and_atmospheric_administration_university_of_california_los_angeles,res_university_of_california | res_university_of_california_los_angeles,2
Research,nevada_geodetic_laboratory_global_positioning_system_network,res_nevada_geodetic_laboratory_global_positioning_system_network,res_nevada_geodetic_laboratory,1
Research,new_mexico_tech_analysis_center,res_new_mexico_tech_analysis_center,res_new_mexico_tech,1
Research,sacramento_state_geology_department,res_sacramento_state_geology_department,res_sacramento_state_geology,1
Research,sacramento_state_university_consensus_and_collaboration_program,res_sacramento_state_university_consensus_and_collaboration_program,res_sacramento_state_university,1
Research,university_navstar_8_consortium_unavco_plate_boundary_observatory,res_unavco,res_unavco_plate_boundary_observatory,1
Research,unavco_plate_boundary_observatory_for_land_surface_elevation_monitoring,res_unavco_plate_boundary_observatory_for_land_surface_elevation_monitoring,res_unavco_plate_boundary_observatory,1
Research,university_of_california_above_normal_sacramento_valley_water_year_typer,res_university_of_california_above_normal_sacramento_valley_water_year_typer,res_university_of_california,1
Research,university_of_california_above_normalr,res_university_of_california_above_normalr,res_university_of_california,1
Research,university_of_california_agricultural_and_natural_resources,res_university_of_california_agricultural_and_natural_resources,res_university_of_california,1
Research,university_of_california_agricultural_and_natural_resources_department,res_university_of_california_agricultural_and_natural_resources_department,res_university_of_california | res_university_of_california_agricultural_and_natural_resources,2
Research,university_of_california_agricultural_extension_service,res_university_of_california_agricultural_extension_service,res_university_of_california,1
Research,university_of_califor_nia_agriculture_and_natural_resources,res_university_of_california_agriculture_and_natural_resources,res_agriculture_and_natural_resources,1
Research,university_of_california_agriculture_and_natural_resources,res_university_of_california_agriculture_and_natural_resources,res_agriculture_and_natural_resources | res_university_of_california | res_university_of_california_agriculture,3
Research,university_of_california_berkeley_essig_museum,res_university_of_california_berkeley,res_university_of_california,1
Research,university_of_california_essig_museum,res_university_of_california_berkeley,res_university_of_california,1
Research,university_of_california_berkeley_extension,res_university_of_california_berkeley_extension,res_university_of_california | res_university_of_california_berkeley,2
Research,university_of_california_berkeley_law,res_university_of_california_berkeley_law,res_university_of_california | res_university_of_california_berkeley,2
Research,university_of_california_cooperative_consistent,res_university_of_california_cooperative_consistent,res_university_of_california | res_university_of_california_cooperative,2
Research,university_of_california_cooperative_exten,res_university_of_california_cooperative_extension,res_university_of_california | res_university_of_california_cooperative,2
Research,university_of_california_cooperative_extension_1768,res_university_of_california_cooperative_extension,res_university_of_california | res_university_of_california_cooperative,2
Research,university_of_california_cooperative_extension_consistent,res_university_of_california_cooperative_extension,res_university_of_california | res_university_of_california_cooperative,2
Research,university_of_california_cooperative_extension_county,res_university_of_california_cooperative_extension,res_university_of_california | res_university_of_california_cooperative,2
Research,university_of_california_cooperative_extension_farm,res_university_of_california_cooperative_extension,res_university_of_california | res_university_of_california_cooperative,2
Research,university_of_california_cooperative_extension_farm_advisor,res_university_of_california_cooperative_extension,res_university_of_california | res_university_of_california_cooperative,2
Research,university_of_california_cooperative_extension_farm_consistent,res_university_of_california_cooperative_extension,res_university_of_california | res_university_of_california_cooperative,2
Research,university_of_california_cooperative_extension_farm_montecito_groundwater_basin,res_university_of_california_cooperative_extension,res_university_of_california | res_university_of_california_cooperative,2
Research,university_of_california_cooperative_extension_guidelines,res_university_of_california_cooperative_extension,res_university_of_california | res_university_of_california_cooperative,2
Research,university_of_california_cooperative_extension_leaflet,res_university_of_california_cooperative_extension,res_university_of_california | res_university_of_california_cooperative,2
Research,university_of_california_cooperative_extension_leaflet_21427,res_university_of_california_cooperative_extension,res_university_of_california | res_university_of_california_cooperative,2
Research,university_of_california_davis_cooperative_extension,res_university_of_california_cooperative_extension,res_university_of_california | res_university_of_california_davis,2
Research,university_of_california_davis_cooperative_extension22,res_university_of_california_cooperative_extension,res_university_of_california | res_university_of_california_davis,2
Research,university_of_california_davis_groundwater_cooperative_extension_program,res_university_of_california_cooperative_extension,res_university_of_california | res_university_of_california_davis,2
Research,university_of_california_division_of_agriculture_and_natural_resources,res_university_of_california_cooperative_extension,res_agriculture_and_natural_resources | res_university_of_california,2
Research,university_of_california_extension_service,res_university_of_california_cooperative_extension,res_university_of_california,1
Research,university_of_california_x_cooperative_extension,res_university_of_california_cooperative_extension,res_university_of_california,1
Research,university_of_california_davis_agricultural_issues_center,res_university_of_california_davis,res_university_of_california,1
Research,university_of_california_davis_hydrologic_graduate_group,res_university_of_california_davis,res_university_of_california,1
Research,university_of_california_davis_nitrate_study,res_university_of_california_davis,res_university_of_california,1
Research,university_of_california_davis_review,res_university_of_california_davis,res_university_of_california,1
Research,university_of_california_davis_scott_valley_irrigation_district,res_university_of_california_davis,res_university_of_california,1
Research,university_of_california_davis_scott_valley_irrigation_district_managed_aquifer_recharge,res_university_of_california_davis,res_university_of_california,1
Research,university_of_california_davis_small_farm_program,res_university_of_california_davis,res_university_of_california,1
Research,university_of_california_davis_vegetable_research_and_information_center,res_university_of_california_davis,res_university_of_california,1
Research,university_of_california_davis_water_supply_memo,res_university_of_california_davis,res_university_of_california,1
Research,university_of_california_davis_watershed_center,res_university_of_california_davis,res_university_of_california,1
Research,university_of_california_davis_watershed_sciences,res_university_of_california_davis,res_university_of_california,1
Research,university_of_california_farm_advisor,res_university_of_california_farm_advisor,res_university_of_california,1
Research,university_of_california_los_angeles,res_university_of_california_los_angeles,res_university_of_california,1
Research,university_of_california_los_angeles_ursus_environmental_symposium,res_university_of_california_los_angeles_ursus_environmental_symposium,res_university_of_california | res_university_of_california_los_angeles,2
Research,university_of_california_natural_reserve_system,res_university_of_california_natural_reserve_system,res_university_of_california,1
Research,university_of_california_riverside_coray,res_university_of_california_riverside_coray,res_university_of_california | res_university_of_california_riverside,2
Research,university_of_california_riverside_scott,res_university_of_california_riverside_scott,res_university_of_california | res_university_of_california_riverside,2
Research,university_of_california_san_diego,res_university_of_california_san_diego,res_university_of_california,1
Research,university_of_california_santa_barbara,res_university_of_california_santa_barbara,res_university_of_california | res_university_of_california_santa,2
Research,university_of_california_santa_cruz,res_university_of_california_santa_cruz,res_university_of_california | res_university_of_california_santa,2
Research,university_of_california_santa_cruz_hydrogeology_group,res_university_of_california_santa_cruz_hydrogeology_group,res_university_of_california | res_university_of_california_santa | res_university_of_california_santa_cruz,3
Research,university_of_california_sustainable_agriculture_research_and_education,res_university_of_california_sustainable_agriculture_research_and_education,res_university_of_california,1
Research,university_of_california_sustainable_agriculture_research_and_education_program,res_university_of_california_sustainable_agriculture_research_and_education_program,res_university_of_california | res_university_of_california_sustainable_agriculture_research_and_education,2
Research,university_of_california_x_above_normal_water_yearr,res_university_of_california_x_above_normal_water_yearr,res_university_of_california,1
Research,university_of_california_x_davis,res_university_of_california_x_davis,res_university_of_california,1
Research,white_mountain_research_station,res_white_mountain_research_station,res_white_mountain_research,1
