entity_type,bag_id,bag_label,n_members,members
Consultant,con_luhdorff_scalmanini_consulting_engineers,Luhdorff & Scalmanini Consulting Engineers,161,12_luhdorff_and_scalmanini_consulting_engineers | 23_california_code_of_regulations_luhdorff_scalmanini_team_groundwater_sustainability_plan_consultant_team_luhdorff_scalmanini | 23_california_code_of_regulations_luhdorff_scalmanini_team_groundwater_sustainability_plan_consultant_team_luhdorff_scalmanini_351m | 23_california_code_of_regulations_luhdorff_scalmanini_team_groundwater_sustainability_plan_consultant_team_luhdorff_scalmanini_35416g | 23_california_code_of_regulations_luhdorff_scalmanini_team_groundwater_sustainability_plan_consultant_team_luhdorff_scalmanini_section_35418 | a_luhdorff_scalmanini_consulting_engineers | a_luhdorff_scalmanini_consulting_engineers_30 | a_luhdorff_scalmanini_consulting_engineers_team_3g30 | a_luhdorff_specific_conductivityalmanini | a_management_action_luhdorff_scalmanini_consulting_engineers | aliso_luhdorff_scalmanini | aqueduct_luhdorff_scalmanini_consulting_engineers_81 | california_code_of_regulations_luhdorff_scalmanini_team_groundwater_sustainability_plan_consultant_team_luhdorff_scalmanini_351m | california_code_of_regulations_luhdorff_scalmanini_team_groundwater_sustainability_plan_consultant_team_luhdorff_scalmanini_35426b3 | california_code_of_regulations_luhdorff_scalmanini_team_groundwater_sustainability_plan_consultant_team_luhdorff_scalmanini_time_23_sections_35444 | california_code_of_regulations_luhdorff_scalmanini_team_groundwater_sustainability_plan_consultant_team_luhdorff_scalmanini_title_23 | california_code_of_regulations_luhdorff_scalmanini_team_groundwater_sustainability_plan_consultant_team_luhdorff_scalmanini_title_23_551 | california_code_of_regulations_luhdorff_scalmanini_team_groundwater_sustainability_plan_consultant_team_luhdorff_scalmanini_title_23_section_351 | california_code_of_regulations_luhdorff_scalmanini_team_groundwater_sustainability_plan_consultant_team_luhdorff_scalmanini_title_23_section_354 | california_code_of_regulations_luhdorff_scalmanini_team_groundwater_sustainability_plan_consultant_team_luhdorff_scalmanini_title_23_section_35438 | california_code_of_regulations_luhdorff_scalmanini_team_groundwater_sustainability_plan_consultant_team_luhdorff_scalmanini_title_23_section_3562 | california_code_of_regulations_luhdorff_scalmanini_team_groundwater_sustainability_plan_consultant_team_luhdorff_scalmanini_title_23_section_3564 | california_code_of_regulations_luhdorff_scalmanini_team_groundwater_sustainability_plan_consultant_team_luhdorff_scalmanini_title_23_sections_35442_and_35444 | california_code_of_regulations_luhdorff_scalmanini_team_groundwater_sustainability_plan_consultant_team_luhdorff_scalmanini_title_23_sections_35444_and_3546 | carneros_subareas_luhdorff_scalmanini_consulting_engineers | central_valley_project_luhdorff_scalmanini | chapter_4_to_land_usehdorff_scalmanini_consulting_engineers | davids_engineering_k_hydraulic_conductivity_luhdorff_and_scalmanini_consulting_engineers | dwr_luhdorff_and_scalmanini_consulting_engineers_team | dwr_luhdorff_scalmanini_consulting_engineers_team | east_bay_plain_na_not_applicable_luhdorff_scalmanini | groundwater_sustainability_plan_advisory_luhdorff_specific_conductivityalmanini_consulting_engineers | groundwater_sustainability_plan_land_usehdorff_scalmanini_consulting_engineers | groundwater_sustainability_plan_luhdorff | groundwater_sustainability_plan_luhdorff_scalmanini_consulting_engineers_team | groundwater_sustainability_plan_regulations_luhdorff_scalmanini_consulting_engineers_6_26 | lcse | lsce | luhdorf | luhdorf_scalmanini | luhdorff | luhdorff_and | luhdorff_and_scalamanini_engineering | luhdorff_and_scalmanini | luhdorff_and_scalmanini_consulting_engineers | luhdorff_and_scalmanini_consulting_engineers_2014 | luhdorff_and_scalmanini_consulting_engineers_2020 | luhdorff_and_scalmanini_consulting_engineers_22 | luhdorff_and_scalmanini_consulting_engineers_48 | luhdorff_and_scalmanini_consulting_engineers_et_al | luhdorff_and_scalmanini_consulting_engineers_team | luhdorff_and_scalmanini_consulting_engineers_team_1_13 | luhdorff_and_scalmanini_consulting_engineers_update_on | luhdorff_and_scalmanini_engineering | luhdorff_scalamini | luhdorff_scalmanini | luhdorff_scalmanini_2002_test | luhdorff_scalmanini_2003 | luhdorff_scalmanini_consulting | luhdorff_scalmanini_consulting_engineers | luhdorff_scalmanini_consulting_engineers_1 | luhdorff_scalmanini_consulting_engineers_10 | luhdorff_scalmanini_consulting_engineers_13 | luhdorff_scalmanini_consulting_engineers_14 | luhdorff_scalmanini_consulting_engineers_1999 | luhdorff_scalmanini_consulting_engineers_2 | luhdorff_scalmanini_consulting_engineers_2011a | luhdorff_scalmanini_consulting_engineers_2013 | luhdorff_scalmanini_consulting_engineers_2013a | luhdorff_scalmanini_consulting_engineers_2013b | luhdorff_scalmanini_consulting_engineers_2018 | luhdorff_scalmanini_consulting_engineers_21 | luhdorff_scalmanini_consulting_engineers_28 | luhdorff_scalmanini_consulting_engineers_29 | luhdorff_scalmanini_consulting_engineers_3 | luhdorff_scalmanini_consulting_engineers_4 | luhdorff_scalmanini_consulting_engineers_42 | luhdorff_scalmanini_consulting_engineers_44 | luhdorff_scalmanini_consulting_engineers_45 | luhdorff_scalmanini_consulting_engineers_47 | luhdorff_scalmanini_consulting_engineers_5 | luhdorff_scalmanini_consulting_engineers_55 | luhdorff_scalmanini_consulting_engineers_5_2 | luhdorff_scalmanini_consulting_engineers_5_53 | luhdorff_scalmanini_consulting_engineers_6_27 | luhdorff_scalmanini_consulting_engineers_7 | luhdorff_scalmanini_consulting_engineers_73 | luhdorff_scalmanini_consulting_engineers_75 | luhdorff_scalmanini_consulting_engineers_77 | luhdorff_scalmanini_consulting_engineers_79 | luhdorff_scalmanini_consulting_engineers_7_14 | luhdorff_scalmanini_consulting_engineers_7_32 | luhdorff_scalmanini_consulting_engineers_8 | luhdorff_scalmanini_consulting_engineers_80 | luhdorff_scalmanini_consulting_engineers_84 | luhdorff_scalmanini_consulting_engineers_86 | luhdorff_scalmanini_consulting_engineers_87 | luhdorff_scalmanini_consulting_engineers_9 | luhdorff_scalmanini_consulting_engineers_91 | luhdorff_scalmanini_consulting_engineers_94 | luhdorff_scalmanini_consulting_engineers_97 | luhdorff_scalmanini_consulting_engineers_98 | luhdorff_scalmanini_consulting_engineers_9_11 | luhdorff_scalmanini_consulting_engineers_and | luhdorff_scalmanini_consulting_engineers_and_mbk | luhdorff_scalmanini_consulting_engineers_and_mbk_engineers | luhdorff_scalmanini_consulting_engineers_comments | luhdorff_scalmanini_consulting_engineers_inc | luhdorff_scalmanini_consulting_engineers_team | luhdorff_scalmanini_consulting_engineers_team_11 | luhdorff_scalmanini_consulting_engineers_team_3 | luhdorff_scalmanini_consulting_engineers_team_3g26 | luhdorff_scalmanini_consulting_engineers_team_3g36 | luhdorff_scalmanini_consulting_engineers_team_43 | luhdorff_scalmanini_consulting_engineers_undesirable_monitoring | luhdorff_scalmanini_consulting_om_operation_and_maintenance | luhdorff_scalmanini_engineering | luhdorff_scalmanini_national_water_information_system_national_water_information | luhdorff_scalmanini_rfp_request_for_proposals | luhdorff_scalmanini_team | luhdorff_scalmanini_team1 | luhdorff_scalmanini_team_96 | luhdorff_scalmanini_team_appendix | luhdorff_scalmanini_team_es4 | luhdorff_scalmanni | luhdorff_solano_countyalmanini | luhdorff_solano_countyalmanini_consulting_engineers | luhdorff_specific_conductivityalmanini | luhdorff_specific_conductivityalmanini_51_consulting | luhdorff_specific_conductivityalmanini_consulting_engineers | luhdorff_specific_conductivityalmanini_es5_consulting_engineers | main_wastewater_treatment_luhdorff_scalmanini_team | management_luhdorff_scalmanini_consulting_engineers | mapped_isopach_luhdorff_scalmanini_consulting_engineers_team | meyers_farm_luhdorff_scalmanini_consulting_engineers | michael_ward_chapter_3_luhdorff_scalmanini_consulting_engineers | michael_ward_chapter_4_luhdorff_scalmanini_consulting_engineers | monitoring_luhdorff_scalmanini_consulting_engineers | presumption_luhdorff_scalmanini_consulting_engineers_team_3g16 | project_purpose_luhdorff_scalmanini_consulting_engineers | san_luhdorff_scalmanini_consulting_engineers | scalamanini_engineering | scalmanini | scalmanini_consulting_engineers | scalmanini_county | scalmanini_engineering | scalmanini_engineers | scalmanini_groundwater_sustainability_plan_team | scalmanini_inc | section_3_luhdorff_scalmanini_consulting_engineers_89 | section_6_luhdorff_scalmanini_consulting_engineers_8_26 | section_6_luhdorff_scalmanini_consulting_engineers_8_8 | section_6_luhdorff_scalmanini_consulting_engineers_es12 | solano_luhdorff_and_scalmanini_consulting_engineers | some_luhdorff_scalmanini_team_es8 | state_water_luhdorff_scalmanini_consulting_engineers_50 | total_dissolved_solids_land_usehdorff_scalmanini | union_of_luhdorff_scalmanini_consulting_engineers | united_states_geologic_survey_luhdorff_scalmanini_consulting_engineers | unmanned_aerial_vehicle_synthetic_aperture_luhdorff_scalmanini_consulting_engineers | water_code_luhdorff_scalmanini_consulting_engineers_93
Consultant,con_provost_pritchard_consulting_group,Provost & Pritchard Consulting Group,41,a_groundwater_provost_pritchard_consulting_group | a_national_aeronautics_and_space_administration_provost_pritchard_consulting_group | an_provost_pritchard_consulting_group | appendix_g_provost_pritchard_consulting_group | central_california_irrigation_provost_pritchard_consulting_group | chapter_5_provost_pritchard_consulting_group | common_provost_pritchard_consulting_group | delano_earlimart_irrigation_district_white_area_annex_provost_pritchard_consulting_group | department_provost_pritchard_consulting_group | distribution_provost_pritchard_consulting_group | diverse_provost_pritchard_consulting_group | friant_kern_canal_provost_pritchard_consulting_group | groundwater_sustainability_plan_provost_pritchard_consulting_group | gsa_provost_pritchard_consulting_group | plan_area_provost_pritchard_consulting_group | pritchard | pritchard_consulting_group | provest_pritchard | provost | provost_and_prichard | provost_and_pritchard | provost_and_pritchard_consulting_group | provost_and_pritchard_engineering | provost_prichard | provost_prichard_consulting_group | provost_pritchard | provost_pritchard_consulting | provost_pritchard_consulting_group | provost_pritchard_consulting_group_1401_d | provost_pritchard_consulting_group_inc | provost_pritchard_consulting_group_technical_memorandum | provost_pritchard_engineering_group | provost_pritchard_et_al | pumpage_provost_pritchard | section_iia_provost_pritchard_consulting_group | surface_provost_pritchard_consulting_group | sustainable_groundwater_management_act_x_18_requirements_d_with_provost_and_pritchard_engineering | table_provost_pritchard_consulting_group | this_provost_pritchard_consulting_group | united_states_geological_survey_provost_pritchard_consulting_group_1401_d | utility_district_provost_pritchard
Consultant,con_gei_consultant_inc,"GEI Consultant, Inc.",32,3400_acre_feet_gei_consultants | a_gei_consultants_inc | alluvial_aquifer_gei_consultants | basins_gei_consultants_inc | dwr_gei_consultants_inc | friant_kern_canal_gei_consultants_inc | gei | gei_1684 | gei_1701 | gei_consultants | gei_consultants_inc | gei_consulting_inc | gei_et_al | gei_gei_consultants | gei_professional_geologists | general_public_gei_consultants | groundwater_gei_consultants_inc | gsa_gei_consultants | gsa_gei_consultants_inc | ketchum_ditch_gei_consultants | modoc_ditch_company_gei_consultants | plainfield_ridge_gei_consultants | sacramento_san_gei_consultants_inc | san_gei_consultants_inc | schroder_gei_consultants | subbasin_gei_consultants_inc | total_dissolved_solids_gei_consultants_inc | united_states_geologic_survey_national_water_gei_consultants | urban_gei_consultants | us_geological_survey_national_water_gei_consultants | us_geological_survey_national_water_gei_consultants_inc | us_geological_survey_national_wetlands_inventorys_gei_consultants
Consultant,con_eki_environment_water_inc,"EKI Environment & Water, Inc.",20,111_eki_environment_water_inc | 143_eki_environment_water | 179_eki_environment_water_inc | 187_eki_environment_water | 190_eki | 27_eki | 31_eki_environment_water | e_k_i | e_k_i_inc | eki | eki_environment | eki_environment_and_water | eki_environment_and_water_inc | eki_environment_water | eki_environment_water_inc | eki_environmental_water | eki_inc | eki_water_environment_inc | environment_water_inc | rosedale_eki
Consultant,con_kenneth_d_schmidt_associates,kenneth_d_schmidt_associates,17,d_schmidt_and_associates | d_schmidt_associates | kd_schmidt_and_associates | kdsa_2017 | ken_schmidt_and_associates | ken_schmidt_associates | ken_schmidt_associates_inc | kenneth_d_schmidt_and | kenneth_d_schmidt_and_associates | kenneth_d_schmidt_associates | kenneth_d_schmitt_associates | kenneth_schmidt_and_associates | kenneth_schmidt_associates | mcmullin_area_evaluation_kenneth_d_schmidt_and_associates | mcmullin_area_evaluation_kenneth_d_schmidt_associates | schmidt_and_associates | schmidt_associates
Consultant,con_woodard_curran,Woodard & Curran,16,2_woodard_curran_and_davids_engineering | curran_inc | eastern_san_joaquin_groundwater_authority_2_woodard_curran_inc | eastern_san_joaquin_water_resources_model_1_woodard_curran | western_canal_woodard_curranwd | woodard | woodard_and_curran | woodard_and_curran_and_davids_engineering | woodard_and_curran_consultants | woodard_curran | woodard_curran_and_davids_engineering | woodard_curran_eastern_san_joaquinwrm_report | woodard_curran_inc | woodard_curran_provost_pritchard | woodard_current | woodward_curran
Consultant,con_thomas_harder_company,thomas_harder_company,12,7_thomas_harder_co | harder_co | thco | thomas_harder | thomas_harder_and | thomas_harder_and_associates | thomas_harder_and_associates_inc | thomas_harder_and_co | thomas_harder_and_company | thomas_harder_co | thomas_harder_co_st | thomas_harder_company
Consultant,con_riverbend_sciences,riverbend_sciences,11,all_riverbend_sciences | consortium_riverbend_sciences | quality_riverbend_sciences | riverbend_sciences | riverbend_sciences_on | riverbend_sciences_on_clarification | riverbend_sciences_on_projects | riverbend_sciences_on_projects_and_examples | these_riverbend_sciences | tribal_water_quality_riverbend_sciences | water_quality_consortium_riverbend_sciences
Consultant,con_stillwater_science,stillwater_science,11,2g_stillwater_sciences | stillwater | stillwater_science | stillwater_sciences | stillwater_sciences_a2b12 | stillwater_sciences_a2b20 | stillwater_sciences_a2b27 | stillwater_sciences_a2b37 | stillwater_sciences_and_technical | stillwater_sciences_and_technical_appendices | stillwater_sciences_tm
Consultant,con_ch2m_hill,ch2m_hill,10,ch2 | ch2_m | ch2_m_hill | ch2_m_hill_engineers_inc | ch2_m_hill_hydrogeologic | ch2_m_hill_inc | ch2m_hill_incorporated | ch2mhill | m_hill | m_hill_engineers_inc
Consultant,con_montgomery_watson_harza,montgomery_watson_harza,10,mongomery_watson_harza | montgomery | montgomery_engineers | montgomery_watson | montgomery_watson_harza | montgomery_watson_harza_laboratory | mwh | mwh_global | mwh_global_inc | prc_montogomery_watson
Consultant,con_wood_environment_infrastructure_solutions_inc,"Wood Environment & Infrastructure Solutions, Inc.",10,amec | amec_earth_and_environmental | amec_environment_infrastructure | amec_foster_wheeler | amec_foster_wheeler_environment_infrastructure | unlinked_amec_foster_wheeler | wood_environment_infrastructure_solutions | wood_environment_infrastructure_solutions_inc | wood_environment_infrastructure_solutions_inc_formerly_amec_foster_wheeler | wood_environmental_infrastructure_inc
Consultant,con_daniel_b_stephens_associates_inc,"Daniel B. Stephens & Associates, Inc.",9,daniel_b_stephens_and_associates | daniel_b_stephens_and_associates_inc | daniel_b_stephens_associates | daniel_b_stephens_associates_inc | daniel_b_stephens_associates_inc_2017 | daniel_b_stephens_associates_inc_2020 | daniel_b_stephens_associates_inc_2021 | daniel_b_stephens_associates_inc_2021c | daniel_b_stephens_associates_inc_and_rcs
Consultant,con_david_engineering,david_engineering,9,david_engineering | david_s_engineering | davids_eng | davids_engineering | davids_engineering_2020 | davids_engineering_inc | davids_engineering_k_hydraulic_conductivity | rsrz_davids_engineering | start_of_davids_engineering
Consultant,con_larry_walker_associates,larry_walker_associates,9,larry_walker | larry_walker_and | larry_walker_and_associates | larry_walker_associates | larry_walker_associates_inc | larry_walker_associates_project_no | larry_walker_associates_study | larry_walker_associates_team | lwa
Consultant,con_hydrometrics,hydrometrics,8,hydro_metrics | hydrometrics | hydrometrics_llc | hydrometrics_water | hydrometrics_water_resources | hydrometrics_water_resources_inc | hydrometrics_water_resources_investigation | hydrometrics_wri
Consultant,con_kennedy_jenks_consultants_inc,kennedy_jenks_consultants_inc,8,kennedy_jenks | kennedy_jenks_consultants | kennedy_jenks_consultants_inc | kennedy_jenks_et_al | kennedyjenks_consultants | kj | kjc | kjc_et
Consultant,con_dudek,Dudek,7,dudek | dudek_2017 | dudek_associates | dudek_consultants | dudek_consultants_for_santa_barbara_county | dudek_memorandum_p_6 | section_3541428_23_dudek
Consultant,con_fugro_consultants_inc_fugro_consultants_inc,"Fugro Consultants, Inc.|Fugro Consultants, Inc",7,fugro | fugro_2010 | fugro_2010_test | fugro_consultants | fugro_consultants_inc | fugro_report | furgo
Consultant,con_richard_c_slade_associates,richard_c_slade_associates,7,rc_slade_associates | rc_slade_associates_llc | richard_c_slade_associates | richard_c_slade_associates_llc | richard_c_slade_associates_llc_1986 | richard_c_slade_consulting_groundwater | richard_c_slade_consulting_groundwater_geologist
Consultant,con_s_s_papadopulos_associates,S.S. Papadopulos & Associates,7,papadopulos_and_associates | s_s_papadopulos_and_associates_inc | ss_papadopolous_assoc | ss_papadopoulos_associates | ss_papadopulos_associates | ss_papadopulos_associates_inc | sspa
Consultant,con_stantec_consulting_services,stantec_consulting_services,7,plan_stantec_consulting_services_inc | stantec | stantec_consulting | stantec_consulting_inc | stantec_consulting_services | stantec_consulting_services_inc | stantec_pers_comm
Consultant,con_todd_groundwater,todd_groundwater,7,todd_engineering | todd_engineers | todd_engineers_2003a | todd_groundwater | todd_groundwater_inc | todd_groundwater_staff | todd_gw
Consultant,con_era_economics,era_economics,6,california_central_valley_era_era_economics_llc | california_central_valley_era_era_economics_llc_fg | california_central_valley_era_era_economics_llc_fgc2vsimfg_beta2 | era_economics | era_economics_llc | era_economics_llc_conductivity
Consultant,con_geosyntec_consultants,Geosyntec Consultants,6,geosyntec | geosyntec_consultants | geosyntec_consultants14 | geosyntec_consultants_inc | model_design_geosyntec | selected_software_geosyntec
Consultant,con_intera_incorporated,INTERA Incorporated,6,intera | intera_geoscience_and_engineering_solutions | intera_geoscience_engineering_solutions | intera_inc | intera_incorporated | introduction_intera_incorporated
Consultant,con_thomas_gast_associates,thomas_gast_associates,6,page_thomas_gast_associates_environmental_consultants | thomas_gast_and_associates | thomas_gast_associated_environmental_consultants | thomas_gast_associates | thomas_gast_associates_environmental_consultant | thomas_gast_associates_environmental_consultants
Consultant,con_west_yost_associates,West-Yost & Associates,6,4219_west_yost | west_yost | west_yost_and_associates | west_yost_associates | west_yost_associates_consulting | wildermuth_west_yost
Consultant,con_wood_rodgers_inc,"Wood Rodgers, Inc.",6,davids_engineering_wood_rodgers | holland_knight_and_wood_rodgers | wood_rodgers | wood_rodgers_inc | wood_rogers | wood_rogers_inc
Consultant,con_aqua_geo_frameworks,aqua_geo_frameworks,5,aqua_geo | aqua_geo_federal_railroad_administrationmeworks_llc | aqua_geo_frameworks | aqua_geo_frameworks_llc | geo_frameworks
Consultant,con_bookman_edmonston_engineering,Bookman-Edmonston Engineering,5,bookman_and_edmonston | bookman_edmonston | bookman_edmonston_engineering | bookman_edmonston_engineering_inc | bookman_edmonston_inc
Consultant,con_cleath_harris_geologists_inc,"Cleath-Harris Geologists, Inc.",5,cleath_and_associates | cleath_associates | cleath_harris | cleath_harris_geologists | cleathharris_geologists
Consultant,con_montgomery_associates,montgomery_associates,5,consultant_montgomery_assoc | montgomery_and_associates | montgomery_associates | montgomery_associates_inc | montgonery_associates
Consultant,con_boyle_engineering_company,boyle_engineering_company,4,boyle_engineering | boyle_engineering_company | boyle_engineering_corp | boyle_engineering_corporation
Consultant,con_carollo_engineers,carollo_engineers,4,carollo | carollo_engineers | carollo_engineers_et_al | carollo_engineers_inc
Consultant,con_earth_consultant_international,earth_consultant_international,4,earth_consultant_international | earth_consultants_international | earth_consultants_international_inc | eci
Consultant,con_fgl_environmental,fgl_environmental,4,fgl_environ | fgl_environmenta1 | fgl_environmental | fgl_environmental_agricultural_analytical_chemists
Consultant,con_geoscience_support_services,geoscience_support_services,4,geoscience_support_services | geoscience_support_services_inc_2014 | geoscience_support_services_inc_geoscience_support_services | geosciences_support_services_inc
Consultant,con_geosystems_analysis_inc,geosystems_analysis_inc,4,executive_summary_geosystems_analysis_inc | geosystems | geosystems_analysis_inc | subsidence_compliance_geosystems_analysis
Consultant,con_gsi_water_solutions_inc,"GSI Water Solutions, Inc.",4,gsi_professional_geologists | gsi_water | gsi_water_solutions | gsi_water_solutions_inc
Consultant,con_harding_lawson_associates,harding_lawson_associates,4,harding | harding_ese | harding_lawson | harding_lawson_associates
Consultant,con_jacobs_engineering_group,jacobs_engineering_group,4,jacobs_engineering | jacobs_engineering_group | jacobs_engineering_group_inc | jacobs_inc
Consultant,con_jones_and_stokes_associates,jones_and_stokes_associates,4,jones_and_stokes | jones_and_stokes_associates | jones_stokes | jones_stokes_et_al
Consultant,con_moore_twining_associates,moore_twining_associates,4,moore_twining | moore_twining_associates | moore_twining_associates_environmental_division | moore_twining_associates_inc
Consultant,con_stetson_engineers_inc,Stetson Engineers Inc.,4,stetson | stetson_engineering_inc | stetson_engineers | stetson_engineers_inc
Consultant,con_4creeks,4creeks,3,4creeks | 4creeks_engineering | 4creeks_inc
Consultant,con_balance_hydrologics_inc,"Balance Hydrologics, Inc.",3,balance_hydrologics | balance_hydrologics_inc | stillwater_sciences_and_balance_hydrologics
Consultant,con_bondy_groundwater_consulting,bondy_groundwater_consulting,3,bondy_groundwater_consulting | bondy_groundwater_consulting_inc | groundwater_consulting_inc
Consultant,con_brown_and_caldwell,Brown and Caldwell,3,brown_and_caldwell | brown_and_caldwell_report | brown_caldwell
Consultant,con_bsk_associates,BSK Associates,3,bsk | bsk_associates | bsk_associates_laboratory
Consultant,con_consulting_engineering_firm_of_quad_knopf,consulting_engineering_firm_of_quad_knopf,3,consulting_engineering_firm_of_quad_knopf | quad_knopf | quad_knopf_inc
Consultant,con_dunn_e_nvironmental,dunn_e_nvironmental,3,dunn_e_nvironmental | dunn_e_nvironmental_inc | dunn_environmental_inc
Consultant,con_environmental_science_associates_inc_environmental_science_associates,"Environmental Science Associates, Inc.|Environmental Science Associates",3,dwr_environmental_science_associates | environmental_science_associates | environmental_science_associates_inc
Consultant,con_formation_environmental,Formation Environmental,3,formation_environmental | formation_environmental_llc | jja_and_formation_environmental
Consultant,con_geoconsultants,geoconsultants,3,eki_geoconsultants | geoconsultants | geoconsultants_inc
Consultant,con_geomatrix,geomatrix,3,geomatrix | geomatrix_consultants_inc | geomatrix_inc
Consultant,con_hydrof_ocus_inc,hydrof_ocus_inc,3,hydrof_ocus | hydrof_ocus_inc | hydrofocus
Consultant,con_icf_international,ICF International,3,icf | icf_consulting | icf_international
Consultant,con_kamman_hydrology_engineering,kamman_hydrology_engineering,3,kamman_hydrology | kamman_hydrology_engineering | kamman_hydrology_engineering_inc
Consultant,con_kleinfelder,kleinfelder,3,kleinfelder | kleinfelder_inc | kleinfelder_lnc
Consultant,con_laco_associates,laco_associates,3,laco | laco_asso_ciates | laco_associates
Consultant,con_pacific_ecorisk,Pacific EcoRisk,3,pacific_ecorisk | pacific_ecorisk_environmental_consulting | pacific_ecorisk_environmental_consulting_and_testing
Consultant,con_padre_associates_inc_padre_associates_inc,"Padre Associates, Inc.|Padre Associates Inc",3,padre_associates | padre_associates_inc | padre_padre_associates_inc
Consultant,con_questa_engineering,questa_engineering,3,questa | questa_engineering | questa_engineering_corps
Consultant,con_rincon_consultants_inc_rincon_consultants_inc_rincon_consultants,"Rincon Consultants, Inc.|Rincon Consultants Inc|Rincon Consultants",3,rincon_consultants | rincon_consultants_inc | rincon_consulting
Consultant,con_rmc_water_and_environment,rmc_water_and_environment,3,rmc_water_and | rmc_water_and_environment | rmc_water_and_environment_2016_formerly_water_resources_information
Consultant,con_technicon_engineering_services,technicon_engineering_services,3,technicon | technicon_engineering_services | technicon_engineering_services_inc
Consultant,con_tetra_tech_inc_tetra_tech,"Tetra Tech, Inc.|Tetra Tech",3,tetra_tech | tetra_tech_em_inc | tetra_tech_inc
Consultant,con_towill,towill,3,towill | towill_9 | towill_inc
Consultant,con_urs,URS,3,urs | urs_corporation | urs_corporation_americas
Consultant,con_water_resources_and_information_management_engineering_inc,water_resources_and_information_management_engineering_inc,3,water_resources_and_information_management_engineering_inc | water_resources_and_information_management_engineering_inc_2006 | water_resources_and_information_management_engineering_inc_inc
Consultant,con_water_systems_consulting,water_systems_consulting,3,water_system_consulting_inc | water_systems_consulting | water_systems_consulting_inc
Consultant,con_wildermuth_environmental,wildermuth_environmental,3,wildermuth_environmental | wildermuth_environmental_inc | wildermuth_environmental_inc_2_14
Consultant,con_accutest_laboratories,accutest_laboratories,2,accutest_laboratories | accutest_laboratories_southeast
Consultant,con_aecom,aecom,2,aecom | aecom_technical_services_inc
Consultant,con_ahtna_engineering_services,ahtna_engineering_services,2,ahtna_engineering | ahtna_engineering_services
Consultant,con_ahtna_environmental,ahtna_environmental,2,ahtna_environmental | ahtna_environmental_inc
Consultant,con_akel_engineering_group,akel_engineering_group,2,akel_engineering_group | akel_engineering_group_inc
Consultant,con_aquatic_bioassay_consulting_laboratory,aquatic_bioassay_consulting_laboratory,2,aquatic_bioassay_and_consulting_laboratory | aquatic_bioassay_consulting_laboratory
Consultant,con_aquilogic,aquilogic,2,aquilogic | aquilogic_inc
Consultant,con_babcock_laboratories,babcock_laboratories,2,babcock_laboratories | babcock_laboratories_inc
Consultant,con_bachand_associates,Bachand & Associates,2,bachand_and_associates | bachand_associates
Consultant,con_bartle_wells,bartle_wells,2,bartle_wells | bartle_wells_and
Consultant,con_bgc_engineering_inc,bgc_engineering_inc,2,bgc | bgc_engineering_inc
Consultant,con_black_veatch,Black & Veatch,2,black_and_veatch | black_veatch
Consultant,con_brunner_cook_simmons,brunner_cook_simmons,2,brunner_cook_and_simmons | brunner_cook_simmons
Consultant,con_cdm_smith_inc,CDM Smith Inc.,2,cdm | cdm_smith
Consultant,con_de_novo_planning_group,De Novo Planning Group,2,de_novo_planning_group | denovo_planning_group
Consultant,con_dee_jaspar_associates,dee_jaspar_associates,2,dee_jaspar_associates | dee_jasper_associates_inc
Consultant,con_dellavalle_laboratory,dellavalle_laboratory,2,dellavalle_laboratory | dellavalle_laboratory_inc
Consultant,con_entrix,entrix,2,entrix | entrix_inc
Consultant,con_environmental_simulations_inc,environmental_simulations_inc,2,environmental_simulations_inc | environmental_simulations_incorporated
Consultant,con_erler_kalinowski,erler_kalinowski,2,erler_kalinowski | erler_kalinowski_inc
Consultant,con_etic_engineering,etic_engineering,2,etic | etic_engineering
Consultant,con_fugro_west,fugro_west,2,fugro_west | fugro_west_inc
Consultant,con_geoscience_and_kennedy_jenks_consultants,geoscience_and_kennedy_jenks_consultants,2,geoscience_and_kennedy_jenks | geoscience_and_kennedy_jenks_consultants
Consultant,con_geotechnical_consultants_inc,geotechnical_consultants_inc,2,geotechnical_consultants_inc | geotechnical_consultants_inc_1974
Consultant,con_ghd,ghd,2,ghd | ghd_inc
Consultant,con_group_delta_consultants,group_delta_consultants,2,group_delta | group_delta_consultants
Consultant,con_gsi_environmental_inc,GSI Environmental Inc.,2,gsi_environmental | gsi_environmental_inc
Consultant,con_helix_environmental_planning,HELIX Environmental Planning,2,helix_environmental | helix_environmental_planning_inc
Consultant,con_hopkins_groundwater_consultants,hopkins_groundwater_consultants,2,hopkins_groundwater_consultants | hopkins_groundwater_consultants_inc
Consultant,con_hulet_urban_group,hulet_urban_group,2,hulet_urban_group | hulet_urban_group_inc
Consultant,con_impact_sciences_inc,"Impact Sciences, Inc.",2,impact_sciences | impact_sciences_inc
Consultant,con_isotech_laboratories,isotech_laboratories,2,isotech_laboratories | isotech_labs
Consultant,con_james_m_montgomery_consulting_engineers,james_m_montgomery_consulting_engineers,2,james_m_montgomery_consulting_engineers | james_m_montomery_consulting_engineers
Consultant,con_jm_lord,jm_lord,2,jm_lord | jmlord_inc
Consultant,con_kearns_west,kearns_west,2,kearnes_west | kearns_west
Consultant,con_keller_wegley_consulting_engineers,keller_wegley_consulting_engineers,2,keller_wegley_consulting | keller_wegley_consulting_engineers
Consultant,con_land_iq,Land IQ,2,land_iq_1 | landiq
Consultant,con_law_crandall,law_crandall,2,law_crandall | law_crandall_inc
Consultant,con_lawrence_associates,Lawrence & Associates,2,lawrence_and_associates | lawrence_associates
Consultant,con_mactec,mactec,2,mactec | mactec_engineering_and_consulting_inc
Consultant,con_maddaus_water_management,maddaus_water_management,2,maddaus_water_management | maddaus_water_management_inc
Consultant,con_mcbain_trush,mcbain_trush,2,mcbain_trush | mcbain_trush_inc
Consultant,con_meridian_consultants_llc,Meridian Consultants LLC,2,meridian_consultants | meridian_consultants_llc
Consultant,con_new_current_water,new_current_water,2,new_current | new_current_water
Consultant,con_ninyo_moore,ninyo_moore,2,ninyo | ninyo_moore
Consultant,con_nv5,NV5,2,nv5 | nv5_inc
Consultant,con_pacific_geotechnical_associates,pacific_geotechnical_associates,2,pacific_geotechnical_associates | pacific_geotechnical_associates_inc
Consultant,con_pacific_municipal_consultants,pacific_municipal_consultants,2,pacific_municipal_consultants | pmc
Consultant,con_paradigm_environmental,paradigm_environmental,2,paradigm_environmental | paradigm_environmental_us
Consultant,con_phillip_williams_associates,phillip_williams_associates,2,phillip_williams | phillip_williams_associates
Consultant,con_psomas,psomas,2,bonterra_psomas | psomas
Consultant,con_pueblo_water_resources,pueblo_water_resources,2,pueblo_water_resources | pueblo_water_resources_inc
Consultant,con_r2_resource_consultants,r2_resource_consultants,2,r2_resource_consultants | r2_resource_consultants_inc
Consultant,con_raftelis_financial_consultants,raftelis_financial_consultants,2,raftelis | raftelis_financial_consultants
Consultant,con_rl_schafer_associates,rl_schafer_associates,2,r_l_schafer_associates | rl_schafer_associates
Consultant,con_robertson_bryan,robertson_bryan,2,robertson_bryan | robertson_bryan_inc
Consultant,con_sci_consulting_group,sci_consulting_group,2,sci_consult_group | sci_consulting_group
Consultant,con_sierra_scientific_services,sierra_scientific_services,2,sierra_scientific | sierra_scientific_services
Consultant,con_soil_mechanics_and_foundation_engineers,soil_mechanics_and_foundation_engineers,2,soil_mechanics_and_foundation_engineers | soil_mechanics_and_foundation_engineers_inc
Consultant,con_staal_gardner_dunne,staal_gardner_dunne,2,staal_gardner_and_dunne_inc | staal_gardner_dunne
Consultant,con_summers_engineering,summers_engineering,2,summers_engineering | summers_engineering_inc
Consultant,con_tre_altamira_inc,tre_altamira_inc,2,tre_altamira_inc | tre_altimira_inc
Consultant,con_trihey_and_associates,trihey_and_associates,2,m_katzel_trihey_and_associates | trihey_and_associates
Consultant,con_trussell_technologies,trussell_technologies,2,trussell_technologies | trussell_technologies_inc
Consultant,con_watershed_sciences,watershed_sciences,2,watershed_sciences | watershed_sciences_inc
Consultant,con_william_lettis_and_associates,william_lettis_and_associates,2,william_lettis_and_associates | williams_lettis_and_associates
Consultant,con_winzler_kelly_consulting_engineers,Winzler & Kelly Consulting Engineers,2,winzler_and_kelly_consulting_engineers | winzler_kelly_ghd
Consultant,con_wra_environmental_consultants,WRA Environmental Consultants,2,wra_environmental | wra_environmental_consultants
Consultant,con_wra_inc,"WRA, Inc.",2,wra | wra_inc
NGO,ngo_nature_conservancy,nature_conservancy,73,a_nature_conservancy001 | ac_nature_conservancy | appendix_2a_nature_conservancy017_groundwater_elevation_and_flow_conditions | deple_the_nature_conservancy | interconnected_surface_nature_conservancy | isw_nature_conservancy13 | management_actions_nature_conservancy046 | natural_communities_nature_conservancy005_commonly_associated_with_groundwater | nature_conservancy | nature_conservancy67 | nature_conservancy7 | nature_conservancy_180 | nature_conservancy_180_400ftaquifer_chapter7 | nature_conservancy_180_400ftaquifer_chapter7_8 | nature_conservancy_180_conditions | nature_conservancy_1_groundwater_dependent_ecosystems | nature_conservancy_2018 | nature_conservancy_2019 | nature_conservancy_2121 | nature_conservancy_5 | nature_conservancy_5152020 | nature_conservancy_best_practices | nature_conservancy_best_practices_for_using_the_natural_communities_dataset | nature_conservancy_birdreturns | nature_conservancy_chapter_3 | nature_conservancy_checklist | nature_conservancy_comment_18 | nature_conservancy_comments_on_the_paso_robles_subbasin | nature_conservancy_conceptual | nature_conservancy_conservancy | nature_conservancy_critical_species_lookbook | nature_conservancy_dataset | nature_conservancy_dataset_viewer | nature_conservancy_et | nature_conservancy_et_al | nature_conservancy_gage_gap | nature_conservancy_general_4b | nature_conservancy_general_4c | nature_conservancy_general_4d | nature_conservancy_goal | nature_conservancy_groundwater_dependent_ecosystem | nature_conservancy_groundwater_dependent_ecosystem_guidance | nature_conservancy_groundwater_dependent_ecosystem_pulse | nature_conservancy_groundwater_dependent_ecosystems | nature_conservancy_guidance | nature_conservancy_guidance_for | nature_conservancy_guidelines | nature_conservancy_management | nature_conservancy_n_a | nature_conservancy_natural_communities_commonly_associated_with_groundwater | nature_conservancy_nature_conservancy | nature_conservancy_nature_conservancy1 | nature_conservancy_nature_conservancy14 | nature_conservancy_nature_conservancy18 | nature_conservancy_nature_conservancy5 | nature_conservancy_nature_conservancy8_comment_noted | nature_conservancy_objectives | nature_conservancy_of_california | nature_conservancy_rooting_depth_database | nature_conservancy_section_4_identification_of_key_beneficial_uses_and_users | nature_conservancy_sespe | nature_conservancy_thresholds | nature_conservancy_valle | nature_conservancy_vina_groundwater_subbasin_groundwater_sustainability_plan | nature_conservancy_x | nature_conservatory | section_445_18_n_nature_conservancy | section_7_nature_conservancy_checklist | section_nature_conservancy | stream_gage_nature_conservancy | tncs | umbrella_groundwater_sustainability_plan_nature_conservancy | umbrella_groundwater_sustainability_plan_nature_conservancy_checklist
NGO,ngo_leadership_counsel_of_justice_accountability,leadership_counsel_of_justice_accountability,31,a_leadership_counsel_for_justice_and_accountability051 | council_for_accountability_and_justice | council_for_justice_and_accountability | counsel_for_justice | counsel_for_justice_and_accountability | kern_leadership_counsel | lcja | leadership_council | leadership_council_for_accountability_and_justice | leadership_council_for_accountability_justice | leadership_council_for_justice | leadership_council_for_justice_accountability | leadership_council_for_justice_and_accountability | leadership_counsel | leadership_counsel_for | leadership_counsel_for_84 | leadership_counsel_for_chapter | leadership_counsel_for_justice | leadership_counsel_for_justice_accountability | leadership_counsel_for_justice_accountability_dwr | leadership_counsel_for_justice_and | leadership_counsel_for_justice_and_accountability | leadership_counsel_for_justice_and_accountability_10 | leadership_counsel_for_justice_and_accountability_25 | leadership_counsel_for_us_ce_and_accountability | leadership_counsel_of_justice | leadership_counsel_of_justice_accountability | nataly_escobedo_leadership_council | plan_implementation_leadership_counsel | water_quality_objective_leadership_counsel_for_justice_and_accountability113 | wqo_leadership_counsel_for_justice_and_accountability113
NGO,ngo_clean_water_action_california_waterfowl_association,clean_water_action_california_waterfowl_association,25,clean_water_action_california_waterfowl_association1 | clean_water_action_california_waterfowl_association10 | clean_water_action_california_waterfowl_association11 | clean_water_action_california_waterfowl_association12 | clean_water_action_california_waterfowl_association13 | clean_water_action_california_waterfowl_association14 | clean_water_action_california_waterfowl_association16 | clean_water_action_california_waterfowl_association17 | clean_water_action_california_waterfowl_association18 | clean_water_action_california_waterfowl_association19 | clean_water_action_california_waterfowl_association2 | clean_water_action_california_waterfowl_association20 | clean_water_action_california_waterfowl_association21 | clean_water_action_california_waterfowl_association22 | clean_water_action_california_waterfowl_association26 | clean_water_action_california_waterfowl_association27 | clean_water_action_california_waterfowl_association28 | clean_water_action_california_waterfowl_association29 | clean_water_action_california_waterfowl_association3 | clean_water_action_california_waterfowl_association30 | clean_water_action_california_waterfowl_association6 | clean_water_action_california_waterfowl_association7 | clean_water_action_california_waterfowl_association8 | clean_water_action_california_waterfowl_association9 | umbrella_groundwater_sustainability_plan_clean_water_action_california_waterfowl_association15
NGO,ngo_self_help_enterprise,self_help_enterprise,13,ph_self_help_enterprises001_organization | self_help | self_help_enterprise | self_help_enterprises | self_help_enterprises_emergency_services_department | self_help_enterprises_et_al | self_help_enterprises_of_visalia | self_help_enterprises_technical_assistance_program | selfhelp_enterprises | selfhelp_enterprises_et | selfhelp_enterprises_tank_water_program | selfhelp_enterprises_water_tank_program | selflelp_enterprises
NGO,ngo_national_audubon_society,national_audubon_society,9,audobon | audubon | california_audubon | national_audubon_16_society | national_audubon_society | national_audubon_society_local | national_audubon_society_on | natl_audubon_socy | section_2523_national_audubon_society_local
NGO,ngo_california_trout,california_trout,7,cal_trout | california_trout | california_trout_ct006 | california_trout_ct008 | california_trout_inc | california_trout_trout | minimum_threshold_california_trout053
NGO,ngo_california_waterfowl_association,california_waterfowl_association,7,a_california_waterfowl_association | california_waterfowl | california_waterfowl_association | california_waterfowl_association_cwf | federal_california_waterfowl_association | scott_california_waterfowl_association | woodland_davis_california_waterfowl_association
NGO,ngo_cleanwater,cleanwater,7,clean_water_ngo016 | clean_water_ngo017 | clean_water_ngo018 | clean_water_ngo018_water_code_23 | clean_water_ngo023 | clean_water_ngo027 | cleanwater
NGO,ngo_union_of_concerned_scientist,union_of_concerned_scientist,7,21_union_of_concerned_scientists | concerned_scientists | union_of_concerned | union_of_concerned_chapter_3_scientists | union_of_concerned_scien_sts | union_of_concerned_scientist | union_of_concerned_scientists
NGO,ngo_environmental_defense_fund,environmental_defense_fund,6,a_geotracker_environmental_defense_fund | environment_defense_fund | environmental_defense_fund | environmental_defense_fund_2018 | environmental_defense_fund_et | environmental_defense_fund_et_al
NGO,ngo_freshwater_trust,freshwater_trust,6,15_freshwater_trust | freshwater_trust | freshwater_trust_for_the | freshwater_trust_for_the_scientists | irrigation_district_vacaville_freshwater_trust | vacaville_freshwater_trust
NGO,ngo_central_coast_alliance_united_for_sustainable_economy,central_coast_alliance_united_for_sustainable_economy,5,central_coast_alliance_united | central_coast_alliance_united_for_a_sustainable_economy | central_coast_alliance_united_for_economy | central_coast_alliance_united_for_sustainable_economy | coast_alliance_united_for_a_sustainable_economy
NGO,ngo_clean_water_action,clean_water_action,5,clean_water_action | clean_water_action_247 | clean_water_action_al | clean_water_action_clean | groundwater_sustainability_plan_sections_246_clean_water_action
NGO,ngo_grassroots_coalition,grassroots_coalition,5,124_grassroots_coalition1 | 203_grassroots_coalition2 | 230_grassroots_coalition2 | draft_groundwater_sustainability_plan_grassroots_coalition | grassroots_coalition
NGO,ngo_center_on_race_poverty_and_the_environment,center_on_race_poverty_and_the_environment,4,center_for_race_poverty | center_for_race_poverty_and_the_environment | center_on_race_poverty_and_the_environment | crpe
NGO,ngo_rural_community_assistance_corporation,rural_community_assistance_corporation,4,rcac | rural_communities_assistance_corporation | rural_community_assistance_corpora | rural_community_assistance_corporation
NGO,ngo_santa_barbara_channelkeeper,santa_barbara_channelkeeper,4,170_santa_barbara_channel_keep | cbannelkeeper | channelkeeper | santa_barbara_channelkeeper
NGO,ngo_american_society_of_farm_managers_rural_appraisers,american_society_of_farm_managers_rural_appraisers,3,american_society_of_farm_managers_and_rural_appraisers | american_society_of_farm_managers_rural_appraisers | asfmra
NGO,ngo_california_native_plant_society,california_native_plant_society,3,california_native_plant_society | california_native_plant_society_2020 | cnps
NGO,ngo_community_water_center,community_water_center,3,9_community_water_center | community_water_center | community_water_center_comments
NGO,ngo_friends_of_eel_river,friends_of_eel_river,3,friends_of_eel_river | friends_of_the_eel_river | sustainability_friends_of_the_eel_river
NGO,ngo_local_government_commission,local_government_commission,3,local_government_commission | local_government_commission_best_practices | local_government_commission_related
NGO,ngo_ngo_consortium,ngo_consortium,3,ngo_consortium | ngo_consortium_ngo002 | ngo_consortium_ngo013
NGO,ngo_sustainable_conservation,sustainable_conservation,3,sustainable_conservation | sustainable_conservation11 | sustainable_conservation78
NGO,ngo_california_invasive_plant_council,california_invasive_plant_council,2,california_invasive_plant_c_ouncil | california_invasive_plant_council
NGO,ngo_california_rural_legal_assistance,california_rural_legal_assistance,2,california_rural_legal_assistance | crla
NGO,ngo_china_lake_alliance,china_lake_alliance,2,china_lake_a_lliance | china_lake_alliance
NGO,ngo_clean_water_action_fund,clean_water_action_fund,2,clean_water_action_and_clean_water_fund | clean_water_action_fund
NGO,ngo_community_alliance_with_family_farmers,community_alliance_with_family_farmers,2,chapter_of_community_alliance_with_family_farmers | community_alliance_with_family_farmers
NGO,ngo_environmental_law_foundation,environmental_law_foundation,2,environmental_law_foundation | environniental_law_foundation
NGO,ngo_fishery_foundation_of_california,fishery_foundation_of_california,2,fisheries_foundation_of_california | fishery_foundation_of_california
NGO,ngo_friends_of_inyo,friends_of_inyo,2,friends_of_inyo | friends_of_the_inyo
NGO,ngo_glenn_county_farm_bureau,glenn_county_farm_bureau,2,glenn_county_farm_bureau | glenn_farm_bureau
NGO,ngo_kaweah_water_foundation,kaweah_water_foundation,2,kaweah_water_foundation | kaweah_water_foundations
NGO,ngo_keep_sespe_wild,keep_sespe_wild,2,keep_sespe_wild | keep_the_sespe_wild
NGO,ngo_kern_audobon,kern_audobon,2,kern_audobon | kern_audobon_a12
NGO,ngo_landwatch,landwatch,2,land_watch | landwatch
NGO,ngo_league_of_united_latin_american_citizen,league_of_united_latin_american_citizen,2,league_of_united_latin_american_citizen | league_of_united_latin_american_citizens
NGO,ngo_league_of_women_voters,league_of_women_voters,2,league_of_woman_voters | league_of_women_voters
NGO,ngo_madera_county_farm_bureau,madera_county_farm_bureau,2,madera_county_farm_bureau | madera_farm_bureau
NGO,ngo_maldef,maldef,2,mald_ef | maldef
NGO,ngo_merced_county_farm_bureau,merced_county_farm_bureau,2,merced_county_farm_bureau | merced_farm_bureau
NGO,ngo_napa_county_land_trust,napa_county_land_trust,2,land_trust_of_napa_county | napa_county_land_trust
NGO,ngo_napa_valley_state_park_association,napa_valley_state_park_association,2,napa_valley_state_park_association | napa_valley_state_parks_association
NGO,ngo_national_fish_wildlife_foundation,national_fish_wildlife_foundation,2,national_fish_and_wildlife_foundation | national_fish_wildlife_foundation
NGO,ngo_national_groundwater_association,national_groundwater_association,2,national_ground_water_association | national_groundwater_association
NGO,ngo_northern_california_water_association,northern_california_water_association,2,northern_california_14_water_association | northern_california_water_association_x
NGO,ngo_putah_creek_council,putah_creek_council,2,pulah_creek_council | putah_creek_council
NGO,ngo_rotary_club,rotary_club,2,rotary_club | rotary_clubs
NGO,ngo_salinas_valley_water_coalition,salinas_valley_water_coalition,2,salinas_valley_water_coalition | svwc
NGO,ngo_santa_cruz_water_conservation_coalition,santa_cruz_water_conservation_coalition,2,santa_cruz_water_conservation_coalition | water_conservation_coalition_of_santa_cruz
NGO,ngo_sequoia_riverland_trust,sequoia_riverland_trust,2,sequoia_riverland_trust | sequoia_riverlands_trust
NGO,ngo_solano_county_farm_bureau,solano_county_farm_bureau,2,solano_county_farm_bureau | solano_farm_bureau
NGO,ngo_surfrider_foundation,surfrider_foundation,2,83_surfrider_foundation | surfrider_foundation
NGO,ngo_tulare_county_farm_bureau,tulare_county_farm_bureau,2,environmental_tulare_county_farm_bureau | tulare_county_farm_bureau
NGO,ngo_ventura_county_farm_bureau,ventura_county_farm_bureau,2,farm_bureau_of_ventura_county | ventura_county_farm_bureau
NGO,ngo_watershed_coalition_of_ventura_county,watershed_coalition_of_ventura_county,2,watershed_coalition_of_ventura_county | watersheds_coalition_of_ventura_county
NGO,ngo_western_states_petroleum_association,western_states_petroleum_association,2,western_states_petroleum_association | wspa
Research,res_university_of_california_cooperative_extension,university_of_california_cooperative_extension,27,california_university_of_california_cooperative_extension | coop_extension | cooperative_extension | cooperative_extension_biometeorology_specialist | cooperative_extension_tish_espinosa_service | ucanr | university_of_cal_fornia_cooperative_extension | university_of_california_cooperative_exten | university_of_california_cooperative_extension_1768 | university_of_california_cooperative_extension_consistent | university_of_california_cooperative_extension_county | university_of_california_cooperative_extension_farm | university_of_california_cooperative_extension_farm_advisor | university_of_california_cooperative_extension_farm_consistent | university_of_california_cooperative_extension_farm_montecito_groundwater_basin | university_of_california_cooperative_extension_guidelines | university_of_california_cooperative_extension_leaflet | university_of_california_cooperative_extension_leaflet_21427 | university_of_california_davis_cooperative_extension | university_of_california_davis_cooperative_extension22 | university_of_california_davis_groundwater_cooperative_extension_program | university_of_california_division_of | university_of_california_division_of_agriculture_and_natural_resources | university_of_california_extension | university_of_california_extension_service | university_of_california_x_cooperative_extension | us_cooperative_extension
Research,res_university_of_california_davis,university_of_california_davis,27,california_center_for_watershed_sciences | center_for_watershed | center_for_watershed_sciences | davis_center_for_watershed_science | davis_center_for_watershed_sciences | davis_tahoe_research_group | tahoe_research_group | u_c_davis_hydrologic_graduate_group | u_c_davis_stable_isotop_e_f_acility | ucd | ucdavis | uni_versity_of_california_davis | university_of_california_at_davis | university_of_california_davis | university_of_california_davis_agricultural_issues_center | university_of_california_davis_hydrologic_graduate_group | university_of_california_davis_nitrate_study | university_of_california_davis_review | university_of_california_davis_scott_valley_irrigation_district | university_of_california_davis_scott_valley_irrigation_district_managed_aquifer_recharge | university_of_california_davis_small_farm_program | university_of_california_davis_vegetable_research_and_information_center | university_of_california_davis_water_supply_memo | university_of_california_davis_watershed_center | university_of_california_davis_watershed_sciences | university_of_california_in_davis | university_of_california_university_of_california_davis
Research,res_irrigation_training_research_center,irrigation_training_research_center,22,cal_poly_cal_poly_irrigation_training_and_research_center | cal_poly_irrigation_training | cal_poly_irrigation_training_and_research | cal_poly_irrigation_training_and_research_center | cal_poly_irrigation_training_and_research_center_2003 | cal_poly_irrigation_training_research_center | california_polytechnic_state_university_irrigation_training_and_research_center | irrigation_and_training_research_center | irrigation_training_and_research | irrigation_training_and_research_center | irrigation_training_and_research_center_2003 | irrigation_training_and_research_center_mapping_evapotranspiration_at_high_resolution_with_internalized_calibration | irrigation_training_and_research_institute | irrigation_training_research_center | irrigation_training_research_center_15 | irrigation_training_research_program | irrigation_training_resource_center | itrc | modified_irrigation_training_and_research_center_fao56_model | modified_irrigation_training_and_research_center_food_and_agriculture_organization56_model | pe_irrigation_training_and_research_center | training_and_research_center
Research,res_unavco,unavco,13,uanvco | unavco | unavsco | university_navigation_satellite_timing_and_ranging_consortium | university_navigation_satellite_timing_and_ranging_system_consortium | university_navstar_4_consortium | university_navstar_8_consortium_unavco_plate_boundary_observatory | university_navstar_consortium | university_navstar_consortium_continuous_global_positioning_system | university_navstar_consortium_continuous_global_positioning_systems | university_navstar_consortium_plate_boundary_observatory | university_navstar_consortium_x_plate_boundary_observatory | university_navstar_consotrium_inc
Research,res_lawrence_berkeley_national_laboratory,lawrence_berkeley_national_laboratory,11,berkeley_nation_laboratory | california_state_groundwater_lawrence_berkeley_national_laboratory_lawrence_berkeley_national | lawarence_berkley_laboratory | lawrence_berkeley_environmental | lawrence_berkeley_lab | lawrence_berkeley_laboratories | lawrence_berkeley_laboratory | lawrence_berkeley_national | lawrence_berkeley_national_laboratory_2022 | lawrence_berkely_lab | lawrence_berkely_national_laboratory
Research,res_jet_propulsion_laboratory,jet_propulsion_laboratory,8,jet_propulsion_laboratory_final | jet_propulsion_laboratory_gipsy | jet_propulsion_laboratory_interferometric_synthetic_aperture_radar | jet_propulsion_laboratory_interferometric_synthetic_aperture_radar_imagery_imagery_yuba_subbasins_water_management_plan | jet_propulsion_laboratory_jet_propulsion_laboratory | national_aeronautics_and_science_administration_jet_propulsion_laboratory | national_aeronautics_and_space_administration_jet_propulsion_laboratory_interferometric_synthetic_aperture_radar_subsidence_data | propulsion_laboratory
Research,res_california_state_polytechnic_university_of_pomona,california_state_polytechnic_university_of_pomona,7,cal_poly_pomona | california_state_polytechnic_university | california_state_polytechnic_university_of_pomona | california_state_polytechnic_university_of_pomona_es_11_1 | california_state_polytechnic_university_of_pomona_es_11_1_pomona | california_state_polytechnic_university_of_pomona_es_11_1_reverse_osmosis_5_56_plant | california_state_polytechnic_university_of_pomona_es_11_1_reverse_osmosis_plant_california_state_polytechnic_university_of_pomona_es_11_1
Research,res_lawrence_livermore_national_laboratory,lawrence_livermore_national_laboratory,7,73_lawrence_livermore_national_laboratory | lawrence_livermore | lawrence_livermore_lab | lawrence_livermore_laboratory | lawrence_livermore_national_labo_ratory | lawrence_livermore_national_laboratory | livermore_national
Research,res_university_of_california,university_of_california,7,california_university_of_california | regents_of_the_university_of_califorma | regents_of_the_university_of_california | uc | university_of_22_california | university_of_cali_fomia | university_of_california_x
Research,res_california_polytechnic_state_university,california_polytechnic_state_university,6,cal_poly | cal_poly_52 | california_polytechnic_state | california_polytechnic_state_university | california_polytechnic_university | calpoly
Research,res_desert_research_institute,desert_research_institute,5,climate_change_desert_research_institute | desert_research | desert_research_institute | desert_research_institute_nevada_system_of_higher_education | groundwater_pumping_desert_research_institute
Research,res_oregon_state_university,oregon_state_university,4,oregon_state | oregon_state_university | oregon_state_university1 | oregon_state_university_2
Research,res_scripps_orbit_and_permanent_array_center,scripps_orbit_and_permanent_array_center,4,scripps_orbit_and_permanent_arrary_center | scripps_orbit_and_permanent_array_center | scripps_orbit_and_permanent_array_center_california_spatial_reference_center | scripps_orbital_permanent_array_center
Research,res_university_of_california_berkeley,university_of_california_berkeley,4,university_of_california_at_berkeley | university_of_california_berkeley | university_of_california_berkeley_essig_museum | university_of_california_essig_museum
Research,res_california_state_university_monterey_bay,california_state_university_monterey_bay,3,cal_state_university_monterey_bay | california_state_university_monterey_bay | csumb
Research,res_intergovernmental_panel_on_climate_change,intergovernmental_panel_on_climate_change,3,intergovernmental_panel_on_climate_change | international_panel_on_climate_change | ipcc
Research,res_prism_climate_group,prism_climate_group,3,oregon_state_precipitation_elevation_regressions_on_independent_slopes_model_climate_group | precipitation_elevation_regressions_on_independent_slopes_model_climate_group | prism_climate_group
Research,res_university_of_california_merced,university_of_california_merced,3,ucm | university_of_california_at_merced | university_of_california_merced
Research,res_university_of_california_santa_barbara,university_of_california_santa_barbara,3,of_california_santa_barbara | ucsb | university_of_california_santa_barbara
Research,res_western_regional_climate_center,western_regional_climate_center,3,western_region_climate_center | western_regional_climate_center | wrcc
Research,res_cal_poly_weather_station,cal_poly_weather_station,2,cal_poly_weather_station | cal_poly_weather_station_52
Research,res_california_soil_resource_lab,california_soil_resource_lab,2,califor_nia_soil_resource_lab | california_soil_resource_lab
Research,res_california_state_university,california_state_university,2,california_state_12_university | california_state_university
Research,res_california_state_university_bakersfield,california_state_university_bakersfield,2,california_state_university_bakersfield | csub
Research,res_california_state_university_sacramento,california_state_university_sacramento,2,california_state_university_of_sacramento | california_state_university_sacramento
Research,res_chico_state_university,chico_state_university,2,chico_state | chico_state_university
Research,res_cornell_labs,cornell_labs,2,cornell_lab_of | cornell_labs
Research,res_desert_research_institute_for_naval_air_warfare_center,desert_research_institute_for_naval_air_warfare_center,2,desert_research_institute_for_naval_air_warfare_center | desert_research_institute_for_the_naval_air_warfare_center
Research,res_fresno_state,fresno_state,2,fresno_st | fresno_state
Research,res_illinois_state_water_survey,illinois_state_water_survey,2,illinois_state_water_survey | isws
Research,res_irrigation_technology_center,irrigation_technology_center,2,center_for_irrigation_technology | irrigation_technology_center
Research,res_oregon_university,oregon_university,2,oregon_university | university_of_oregon
Research,res_public_policy_institute_of_california,public_policy_institute_of_california,2,ppic | public_policy_institute_of_california
Research,res_sacramento_state_university,sacramento_state_university,2,sacramento_state | sacramento_state_university
Research,res_scripps_institution_of_oceanography,scripps_institution_of_oceanography,2,scripps_institute_of_oceanography | scripps_institution_of_oceanography
Research,res_texas_water_resources_institute,texas_water_resources_institute,2,texas_water_resources_institute | twri
Research,res_unavco_plate_boundary_observatory,unavco_plate_boundary_observatory,2,unavco2_plate_boundary_observatory | unavco_plate_boundary_observatory
Research,res_university_of_california_agriculture_and_natural_resources,university_of_california_agriculture_and_natural_resources,2,university_of_califor_nia_agriculture_and_natural_resources | university_of_california_agriculture_and_natural_resources
Research,res_university_of_california_cooperative,university_of_california_cooperative,2,university_of_california_cooperative | university_of_california_cooperative_4
Research,res_university_of_california_los_angeles,university_of_california_los_angeles,2,ucla | university_of_california_los_angeles
Research,res_university_of_california_riverside,university_of_california_riverside,2,ucr | university_of_california_riverside
Research,res_university_of_california_santa_cruz,university_of_california_santa_cruz,2,ucsc | university_of_california_santa_cruz
