variant,entity_type,sugg_bag_id,sugg_label,method,score,confirm_bag_id
geotechnical_consultants_inc,Consultant,"",,none,,""
hydrometrics_water_resources_inc,Consultant,"",,none,,""
gsi,Consultant,"",,none,,""
pueblo_water_resources_inc,Consultant,"",,none,,""
bgc_engineering_inc,Consultant,con_cec_engineering_inc,CEC Engineering Inc,fuzzy,0.895,""
county_of_ventura_gsa,GSA,gsa_487,County of Monterey GSA,fuzzy,0.773,""
pueblo_water_resources,Consultant,"",,none,,""
montgomery_associates,Consultant,"",,none,,""
gsi_water_solutions,Consultant,con_gsi_water_solutions_inc,"GSI Water Solutions, Inc.",fuzzy,0.826,""
bondy_groundwater_consulting,Consultant,"",,none,,""
bondy_groundwater_consulting_inc,Consultant,"",,none,,""
carp_gsa_datashare_consultants,Consultant,"",,none,,""
dudek_consultants,Consultant,con_aei_consultants,AEI Consultants,fuzzy,0.765,""
montgomery_associates_inc,Consultant,con_koogler_associates_inc,"Koogler & Associates, Inc.",fuzzy,0.76,""
montgomery_and_associates,Consultant,"",,none,,""
pacific_surveys_llc,Consultant,"",,none,,""
padre_associates,Consultant,con_sage_associates,Sage Associates,fuzzy,0.812,""
raftelis,Consultant,"",,none,,""
woodard_and_curran,Consultant,con_woodard_curran,Woodard & Curran,fuzzy,0.778,""
west_yost,Consultant,"",,none,,""
gei_consultants_inc,Consultant,con_gei_consultant_inc,"GEI Consultant, Inc.",fuzzy,0.947,""
4219_west_yost,Consultant,"",,none,,""
gei_1701,Consultant,"",,none,,""
gei_professional_geologists,Consultant,"",,none,,""
kocis_dahlke,Consultant,"",,none,,""
landiq,Consultant,con_land_iq,Land IQ,fuzzy,0.857,""
vestra,Consultant,"",,none,,""
wagner_petrographic_2,Consultant,"",,none,,""
davids_engineering,Consultant,"",,none,,""
los_angeles_gsa,GSA,"",,none,,""
montgomery_watson_harza,Consultant,"",,none,,""
sacramento_county_gsa,GSA,gsa_496,Sacramento County GSA - Cosumnes,revsubset_tie,2,""
groundwater_colusa_groundwater_authority_and_glenn_groundwater_authority,GSA,gsa_323,Colusa Groundwater Authority GSA - Colusa,subset_tie,2,""
colusa_groundwater_authority_and_glenn_groundwater_authority,GSA,gsa_323,Colusa Groundwater Authority GSA - Colusa,subset_tie,2,""
ch2mhill,Consultant,con_ch2m_hill,CH2M Hill,fuzzy,0.889,""
glenn_groundwater_colusa_groundwater_authority_and_glenn_groundwater_authority,GSA,gsa_323,Colusa Groundwater Authority GSA - Colusa,subset_tie,2,""
provost_pritchard,Consultant,"",,none,,""
sustainable_groundwater_management_act_x_18_requirements_d_with_provost_and_pritchard_engineering,Consultant,"",,none,,""
colusa_subbasin_groundwater_sustainability_agencies,GSA,"",,none,,""
urs_corporation_americas,Consultant,"",,none,,""
woodard_curran_inc,Consultant,con_woodard_curran,Woodard & Curran,fuzzy,0.778,""
autoridad_de_agua_subterranea_de_colusa,GSA,"",,none,,""
autoridad_de_agua_subterraneas_de_glenn_aprenda,GSA,"",,none,,""
butte_gsa,GSA,gsa_122,County of Butte GSA - Butte 1,revsubset_tie,5,""
colgwse,GSA,"",,none,,""
colgwsw,GSA,"",,none,,""
colusa_subbasin_gsa,GSA,gsa_217,Yolo Subbasin GSA,fuzzy,0.789,""
eberline_analytical_services,Consultant,"",,none,,""
montgomery_watson_harza_laboratory,Consultant,"",,none,,""
mongomery_watson_harza,Consultant,"",,none,,""
nature_groundwater_sustainability_agencies,GSA,"",,none,,""
pacific_municipal_consultants,Consultant,"",,none,,""
provost_and_pritchard,Consultant,"",,none,,""
provost_and_pritchard_engineering,Consultant,"",,none,,""
county_of_butte_gsa,GSA,gsa_122,County of Butte GSA - Butte 1,revsubset_tie,3,""
williams_lettis_and_associates,Consultant,"",,none,,""
wood_rodgers,Consultant,con_wood_rodgers_inc,"Wood Rodgers, Inc.",fuzzy,0.75,""
woodard_curran_and_davids_engineering,Consultant,"",,none,,""
woodard_and_curran_and_davids_engineering,Consultant,"",,none,,""
la_agencia_de_sostenibilidad_de_aguas_subterraneas,GSA,"",,none,,""
la_agencia_de_sostenibilidad_del_agua_subterranea,GSA,"",,none,,""
water_bodies_gsa,GSA,"",,none,,""
yolo_county_gsa,GSA,"",,none,,""
luhdorff_scalmanini_consulting_engineers_team,Consultant,con_luhdorff_scalmanini_consulting_engineers,Luhdorff & Scalmanini Consulting Engineers,fuzzy,0.889,""
scalmanini,Consultant,"",,none,,""
luhdorff,Consultant,"",,none,,""
luhdorff_scalmanini,Consultant,"",,none,,""
tehama_county_groundwater_sustainability_agency,GSA,gsa_124,Tehama County Flood Control and Water Conservation District GSA,revsubset_tie,5,""
water_conservation_district_groundwater_sustainability_agency,GSA,gsa_159,North San Joaquin Water Conservation District GSA,revsubset_tie,2,""
aquaterra,Consultant,"",,none,,""
spf_water_engineering,Consultant,"",,none,,""
scalmanini_consulting_engineers,Consultant,con_luhdorff_scalmanini_consulting_engineers,Luhdorff & Scalmanini Consulting Engineers,fuzzy,0.775,""
tcfcwd_gsa,GSA,"",,none,,""
tehama_gsa,GSA,gsa_124,Tehama County Flood Control and Water Conservation District GSA,revsubset_tie,5,""
michael_ward_chapter_4_luhdorff_scalmanini_consulting_engineers,Consultant,"",,none,,""
a_management_action_luhdorff_scalmanini_consulting_engineers,Consultant,"",,none,,""
management_luhdorff_scalmanini_consulting_engineers,Consultant,con_luhdorff_scalmanini_consulting_engineers,Luhdorff & Scalmanini Consulting Engineers,fuzzy,0.784,""
michael_ward_chapter_3_luhdorff_scalmanini_consulting_engineers,Consultant,"",,none,,""
scalmanini_eddy_teasdale,Consultant,"",,none,,""
union_of_luhdorff_scalmanini_consulting_engineers,Consultant,con_luhdorff_scalmanini_consulting_engineers,Luhdorff & Scalmanini Consulting Engineers,fuzzy,0.816,""
cdm,Consultant,"",,none,,""
aqua_geo,Consultant,"",,none,,""
bold_planning,Consultant,"",,none,,""
ch2,Consultant,"",,none,,""
diaz_associates,Consultant,con_lan_associates,LAN Associates,fuzzy,0.8,""
gsgsa,GSA,"",,none,,""
laco,Consultant,"",,none,,""
lsce,Consultant,"",,none,,""
towill_inc,Consultant,"",,none,,""
luhdorff_scalmanini_consulting_engineers_undesirable_monitoring,Consultant,"",,none,,""
luhdorff_scalmanini_consulting,Consultant,con_luhdorff_scalmanini_consulting_engineers,Luhdorff & Scalmanini Consulting Engineers,fuzzy,0.75,""
luhdorff_scalmanini_consulting_engineers_team_43,Consultant,con_luhdorff_scalmanini_consulting_engineers,Luhdorff & Scalmanini Consulting Engineers,fuzzy,0.833,""
luhdorff_scalmanini_consulting_engineers_comments,Consultant,con_luhdorff_scalmanini_consulting_engineers,Luhdorff & Scalmanini Consulting Engineers,fuzzy,0.816,""
tehama_county_gsa,GSA,gsa_124,Tehama County Flood Control and Water Conservation District GSA,revsubset_tie,5,""
todd_groundwater,Consultant,"",,none,,""
moore_biological_consultants,Consultant,con_forde_biological_consulting,Forde Biological Consulting,fuzzy,0.786,""
jja_and_formation_environmental,Consultant,"",,none,,""
bookman_edmonston,Consultant,"",,none,,""
esjga,GSA,"",,none,,""
tre_altamira_inc,Consultant,"",,none,,""
water_land_solutions,Consultant,"",,none,,""
davids_engineering_inc,Consultant,con_hdr_engineering_inc,"HDR Engineering, Inc.",fuzzy,0.773,""
esjgwa,GSA,"",,none,,""
formation_environmental_llc,Consultant,con_formation_environmental,Formation Environmental,fuzzy,0.852,""
mcr_engineering,Consultant,con_eba_engineering,EBA Engineering,fuzzy,0.8,""
marchand_allwardt,Consultant,"",,none,,""
plan_stantec_consulting_services_inc,Consultant,"",,none,,""
pritchard,Consultant,"",,none,,""
provost_prichard_norris,Consultant,"",,none,,""
strbga_gsa,GSA,"",,none,,""
stantec_consulting_services_inc,Consultant,con_jalco_consulting_services_inc,"Jalco Consulting Services, Inc.",fuzzy,0.806,""
modesto_subbasin_gsa,GSA,gsa_217,Yolo Subbasin GSA,fuzzy,0.75,""
san_francisco_public_utilities_commission_gsa,GSA,"",,none,,""
turlock_groundwater_sustainability_agencies,GSA,gsa_225,West Turlock Subbasin GSA,revsubset_tie,2,""
turlock_subbasin_groundwater_sustainability_agencies,GSA,gsa_225,West Turlock Subbasin GSA,revsubset_tie,2,""
boyle_engineering,Consultant,con_taylor_engineering,Taylor Engineering,fuzzy,0.778,""
olsson,Consultant,"",,none,,""
davids_engineering_wood_rodgers,Consultant,"",,none,,""
design_community_environment,Consultant,"",,none,,""
etsga,GSA,"",,none,,""
environmental_science_associates,Consultant,con_environmental_education_associates,Environmental Education Associates,fuzzy,0.765,""
olmsted_davis,Consultant,"",,none,,""
stantec_consulting,Consultant,"",,none,,""
todd_groundwater_inc,Consultant,"",,none,,""
turlock_subbasin_groundwater_sustainability_agency,GSA,gsa_225,West Turlock Subbasin GSA,revsubset_tie,2,""
wc_and_pp,Consultant,"",,none,,""
wood_rogers_inc,Consultant,con_wood_rodgers_inc,"Wood Rodgers, Inc.",fuzzy,0.938,""
bray_associates,Consultant,con_bme_associates,BME Associates,fuzzy,0.8,""
larry_walker_associates,Consultant,"",,none,,""
todd_sloat_biological_consulting,Consultant,con_forde_biological_consulting,Forde Biological Consulting,fuzzy,0.75,""
sci_consulting_group,Consultant,con_cascadia_consulting_group,Cascadia Consulting Group,fuzzy,0.8,""
butte_valley_gsa,GSA,gsa_480,Big Valley GSA,fuzzy,0.75,""
tule_lake_gsa,GSA,"",,none,,""
cdfw009_gsa,GSA,"",,none,,""
fillmore_and_piru_basins_groundwater_sustainability_agency,GSA,gsa_339,Fillmore and Piru Basins GSA - Fillmore,subset_tie,2,""
fillmore_and_piru_basins_gsa,GSA,gsa_339,Fillmore and Piru Basins GSA - Fillmore,subset_tie,2,""
stillwater_sciences,Consultant,"",,none,,""
fbga,GSA,"",,none,,""
stillwater,Consultant,"",,none,,""
ch2_m_hill,Consultant,con_ch2m_hill,CH2M Hill,fuzzy,0.9,""
hydrometrics,Consultant,"",,none,,""
fillmore_and_piru_basins_groundwater_sustainability_agency_board_of_directors,GSA,gsa_339,Fillmore and Piru Basins GSA - Fillmore,subset_tie,2,""
daniel_b_stephens_associates,Consultant,con_daniel_b_stephens_associates_inc,"Daniel B. Stephens & Associates, Inc.",fuzzy,0.875,""
lwa,Consultant,"",,none,,""
fillmore_and_piru_basins_groundwater_sustainability_agency_board,GSA,gsa_339,Fillmore and Piru Basins GSA - Fillmore,subset_tie,2,""
fillmore_and_piru_basins_groundwater_sustainability_agency_monitoring_program,GSA,gsa_339,Fillmore and Piru Basins GSA - Fillmore,subset_tie,2,""
fbgsa,GSA,"",,none,,""
fpgsa,GSA,"",,none,,""
amec_earth_and_environmental,Consultant,"",,none,,""
ch2_m_hill_hydrogeologic,Consultant,"",,none,,""
camrosa_water_district_gsa,GSA,gsa_23,Aliso Water District GSA,fuzzy,0.808,""
daniel_b_stephens_associates_inc_2021c,Consultant,con_daniel_b_stephens_associates_inc,"Daniel B. Stephens & Associates, Inc.",fuzzy,0.842,""
daniel_b_stephens_associates_inc_and_rcs,Consultant,con_daniel_b_stephens_associates_inc,"Daniel B. Stephens & Associates, Inc.",fuzzy,0.8,""
fillmore_and_piru_basin_groundwater_sustainability_agency,GSA,"",,none,,""
aqua_terra_consultants,Consultant,"",,none,,""
carollo_engineers,Consultant,"",,none,,""
etic_engineering,Consultant,con_eba_engineering,EBA Engineering,fuzzy,0.812,""
environmental_simulations_inc,Consultant,con_environmental_solutions_inc,"Environmental Solutions, Inc.",fuzzy,0.862,""
fpbga,GSA,"",,none,,""
geomatrix,Consultant,"",,none,,""
geomatrix_inc,Consultant,"",,none,,""
hydrogeologic_inc,Consultant,"",,none,,""
interconnected_surface_water_consulting,Consultant,"",,none,,""
law_crandall,Consultant,"",,none,,""
law_crandall_inc,Consultant,"",,none,,""
luhdorff_scalmanni,Consultant,"",,none,,""
m_hill,Consultant,"",,none,,""
mann_and_associates,Consultant,con_dohn_and_associates,Dohn and Associates,fuzzy,0.842,""
piru_basins_gsa,GSA,gsa_339,Fillmore and Piru Basins GSA - Fillmore,revsubset_tie,2,""
richard_c_slade_associates,Consultant,"",,none,,""
rincon_consultants,Consultant,con_trinity_consultants,Trinity Consultants,fuzzy,0.789,""
smga,GSA,"",,none,,""
stillwater_science,Consultant,"",,none,,""
fillmore_and_piru_basins_groundwater_sustainability_agency_joint,GSA,gsa_339,Fillmore and Piru Basins GSA - Fillmore,subset_tie,2,""
fillmore_and_piru_basin_groundwater_sustainability,GSA,"",,none,,""
united_fillmore_and_piru_basins_groundwater_sustainability_agency,GSA,gsa_339,Fillmore and Piru Basins GSA - Fillmore,subset_tie,2,""
a_geo_logic_company,Consultant,"",,none,,""
thefpbgsa,GSA,"",,none,,""
fillmore_and_piru_basins_groundwater_sustainability_agency_board_of,GSA,gsa_339,Fillmore and Piru Basins GSA - Fillmore,subset_tie,2,""
aecom,Consultant,"",,none,,""
kenneth_d_schmidt_and_associates,Consultant,"",,none,,""
fcpvgsa,GSA,"",,none,,""
summers_engineering,Consultant,"",,none,,""
dellavalle_laboratory_inc,Consultant,"",,none,,""
fgl_environ,Consultant,"",,none,,""
farr_jones_liu,Consultant,"",,none,,""
gei,Consultant,"",,none,,""
gsa_provost_pritchard_consulting_group,Consultant,con_provost_pritchard_consulting_group,Provost & Pritchard Consulting Group,fuzzy,0.895,""
kd_schmidt_and_associates,Consultant,"",,none,,""
kahanovitz_manning,Consultant,"",,none,,""
kenneth_schmidt_associates,Consultant,"",,none,,""
kenneth_schmidt_and_associates,Consultant,"",,none,,""
pvgsas,GSA,"",,none,,""
pumpage_provost_pritchard,Consultant,"",,none,,""
summers_engineering_inc,Consultant,"",,none,,""
tid_gsa,GSA,"",,none,,""
ch2_m_hill_engineers_inc,Consultant,"",,none,,""
mbk,Consultant,"",,none,,""
tule_lake_basin_gsa,GSA,"",,none,,""
madera_co_gsa,GSA,"",,none,,""
merced_co_gsa,GSA,"",,none,,""
madera_co_gsa_west,GSA,"",,none,,""
madera_co_gsa_east,GSA,"",,none,,""
davids_eng,Consultant,"",,none,,""
era_economics,Consultant,"",,none,,""
provost,Consultant,"",,none,,""
chowchilla_groundwater_sustainability_agencies,GSA,gsa_61,Chowchilla Water District GSA,revsubset_tie,3,""
county_gsa,GSA,gsa_69,County of Madera GSA - Madera,revsubset_tie,9,""
chowchilla_gsa,GSA,gsa_61,Chowchilla Water District GSA,revsubset_tie,3,""
era_economics_llc,Consultant,"",,none,,""
madera_rwmg_qk_engineering,Consultant,"",,none,,""
nswd_gsa,GSA,"",,none,,""
provost_prichard,Consultant,"",,none,,""
stillwater_sciences_a2b12,Consultant,"",,none,,""
stillwater_sciences_a2b27,Consultant,"",,none,,""
ttwdgsa,GSA,"",,none,,""
each_groundwater_sustainability_agency,GSA,"",,none,,""
sjrecwa_gsa,GSA,"",,none,,""
tlie_gsaa,GSA,"",,none,,""
kenneth_d_schmidt_associates,Consultant,"",,none,,""
woodard,Consultant,"",,none,,""
mwh_stantec,Consultant,"",,none,,""
county_water_district_groundwater_sustainability_agency,GSA,gsa_22,Greenfield County Water District GSA,revsubset_tie,2,""
woodard_curran_provost_pritchard,Consultant,"",,none,,""
chowchilla_sustainability_agencies,GSA,gsa_61,Chowchilla Water District GSA,revsubset_tie,3,""
environmental_impact_planning_corporation,Consultant,"",,none,,""
jm_lord,Consultant,"",,none,,""
mcbain_trush,Consultant,"",,none,,""
city_of_pomona_gsa,GSA,gsa_410,City of Coalinga GSA,fuzzy,0.75,""
wildermuth_environmental_inc_2_14,Consultant,"",,none,,""
wildermuth_environmental_inc,Consultant,con_miller_environmental_inc,Miller Environmental Inc,fuzzy,0.786,""
donald_r_howard_consulting_engineers,Consultant,"",,none,,""
environ,Consultant,con_envirocon,Envirocon,fuzzy,0.778,""
worley_parsons_resources_and_energy,Consultant,"",,none,,""
fugro_west,Consultant,"",,none,,""
kaweah_subbasin_groundwater_sustainability_agencies,GSA,"",,none,,""
fugro,Consultant,"",,none,,""
bsk,Consultant,"",,none,,""
intera,Consultant,"",,none,,""
hydrometrics_water_resources_investigation,Consultant,"",,none,,""
skytem,Consultant,"",,none,,""
moore_twining_associates_environmental_division,Consultant,"",,none,,""
moore_twining,Consultant,"",,none,,""
aqua_geo_frameworks_llc,Consultant,"",,none,,""
moore_twining_associates_inc,Consultant,"",,none,,""
thomas_harder_company,Consultant,"",,none,,""
4creeks,Consultant,"",,none,,""
thomas_harder_co,Consultant,"",,none,,""
gei_consultants,Consultant,con_aei_consultants,AEI Consultants,fuzzy,0.933,""
thco,Consultant,"",,none,,""
fugro_consultants_inc,Consultant,con_ers_consultants_inc,ERS Consultants Inc,fuzzy,0.81,""
gei_gsi,Consultant,"",,none,,""
fugro_consultants,Consultant,"",,none,,""
imperial_irrigation_district_gsa,GSA,gsa_19,Madera Irrigation District GSA,fuzzy,0.844,""
kaweah_subbasin_gsa,GSA,"",,none,,""
groundwater_sustainability_agency_service_area,GSA,"",,none,,""
terracon,Consultant,"",,none,,""
amec_foster_wheeler,Consultant,"",,none,,""
aqua_geo_federal_railroad_administrationmeworks_llc,Consultant,"",,none,,""
aqua_geo_frameworks,Consultant,"",,none,,""
dellavalle_laboratory,Consultant,"",,none,,""
eki,Consultant,"",,none,,""
fgl_environmental_agricultural_analytical_chemists,Consultant,"",,none,,""
fugro_west_inc,Consultant,"",,none,,""
ggsa,GSA,"",,none,,""
malcolm_pirnie,Consultant,"",,none,,""
4creeks_engineering,Consultant,"",,none,,""
4creeks_inc,Consultant,con_4_creeks_inc,"4 Creeks, Inc.",fuzzy,0.917,""
egksa,GSA,"",,none,,""
ekga,GSA,"",,none,,""
geo_frameworks,Consultant,"",,none,,""
hydrometrics_water,Consultant,"",,none,,""
kaweah_gsa,GSA,gsa_7,Mid-Kaweah GSA,revsubset_tie,3,""
kaweah_groundwater_sustainability_agency,GSA,gsa_7,Mid-Kaweah GSA,revsubset_tie,3,""
ketchum_ditch_gei_consultants,Consultant,"",,none,,""
ley_cooper_and_davis,Consultant,"",,none,,""
mkgsas,GSA,"",,none,,""
modoc_ditch_company_gei_consultants,Consultant,"",,none,,""
moore_twining_associates,Consultant,"",,none,,""
technicon,Consultant,"",,none,,""
technicon_engineering_services,Consultant,con_bennett_engineering_services,Bennett Engineering Services,fuzzy,0.767,""
technicon_engineering_services_inc,Consultant,"",,none,,""
towill,Consultant,"",,none,,""
us_geological_survey_national_water_gei_consultants_inc,Consultant,"",,none,,""
subbasin_gei_consultants_inc,Consultant,"",,none,,""
fugro_report,Consultant,"",,none,,""
gkga,GSA,"",,none,,""
wwwgreaterkaweahgsaorg,GSA,"",,none,,""
6si_water_solutions,Consultant,con_gsi_water_solutions_inc,"GSI Water Solutions, Inc.",fuzzy,0.783,""
bylaws_davids_engineeringvelopment_review,Consultant,"",,none,,""
gksa,GSA,"",,none,,""
kaweah_davids_engineeringlta_water_conservatio,Consultant,"",,none,,""
kaweah_davids_engineeringlta_water_conservation_district,Consultant,"",,none,,""
kaweah_groundwater_sustainability_agencies,GSA,gsa_7,Mid-Kaweah GSA,revsubset_tie,3,""
montgonery_associates,Consultant,"",,none,,""
provest_pritchard,Consultant,"",,none,,""
kern_subbasin_groundwater_sustainability_agencies,GSA,"",,none,,""
bvgsa,GSA,"",,none,,""
earth_consultants_international,Consultant,"",,none,,""
westside_districts_water_authority_gsa_board_of_directors,GSA,"",,none,,""
cgsa,GSA,"",,none,,""
rincon_consultants_inc,Consultant,con_terracon_consultants_inc,"Terracon Consultants, Inc.",fuzzy,0.833,""
westside_districts_water_authority_gsa_groundwater_sustainability_plan,GSA,"",,none,,""
groundwater_sustainability_agency_groundwater_sustainability_plan,GSA,"",,none,,""
wrm_gsa,GSA,"",,none,,""
earth_consultant_international,Consultant,"",,none,,""
kern_subbasin_gsa,GSA,gsa_219,Merced Subbasin GSA,fuzzy,0.789,""
hydrolytics_llc,Consultant,"",,none,,""
kern_national_wildlife_direct_gsa,GSA,"",,none,,""
mcubed,Consultant,"",,none,,""
schmidt_and_associates,Consultant,"",,none,,""
water_district_gsa,GSA,gsa_23,Aliso Water District GSA,revsubset_tie,11,""
kern_fan_sustainability_agency,GSA,"",,none,,""
amec,Consultant,"",,none,,""
amec_foster_wheeler_environment_infrastructure,Consultant,"",,none,,""
aquilogic,Consultant,"",,none,,""
aquilogic_inc,Consultant,"",,none,,""
bravo_water_storage_districtgsa,GSA,gsa_15,Buena Vista Water Storage District GSA,fuzzy,0.763,""
california_water_direct_gsa,GSA,"",,none,,""
district_water_supplemental_gsa,GSA,"",,none,,""
districted_lands_authority_groundwater_sustainability_agency,GSA,"",,none,,""
eki_environment_water,Consultant,con_eki_environment_water_inc,"EKI Environment & Water, Inc.",fuzzy,0.84,""
earth_consultants,Consultant,con_aei_consultants,AEI Consultants,fuzzy,0.765,""
eastern_tule_gsa,GSA,"",,none,,""
gsas,GSA,"",,none,,""
intra_subbasin_coordination_kern_subbasin_gsa,GSA,"",,none,,""
kern_county_subbasin_gsa,GSA,"",,none,,""
kaweah_delta_woodard_and_currand,Consultant,"",,none,,""
kern_subbasin_groundwater_sustainability_agency,GSA,"",,none,,""
mcfarland_gsa,GSA,"",,none,,""
parsons,Consultant,"",,none,,""
rincon_consulting,Consultant,con_gibson_consulting,Gibson Consulting,fuzzy,0.824,""
rosedale_eki,Consultant,"",,none,,""
scs,Consultant,"",,none,,""
sierra_scientific_services,Consultant,"",,none,,""
stetson,Consultant,"",,none,,""
tre_altimira_inc,Consultant,"",,none,,""
rrbma_gsa,GSA,"",,none,,""
thomas_harder,Consultant,"",,none,,""
eastside_water_management_area_gsa,GSA,"",,none,,""
section_iia_provost_pritchard_consulting_group,Consultant,"",,none,,""
alameda_county_water_district_gsa,GSA,gsa_99,Linden County Water District GSA,fuzzy,0.818,""
zone_7_water_agency_gsa,GSA,"",,none,,""
eastern_tule_groundwater_sustainability_agency,GSA,"",,none,,""
pixid_gsa,GSA,"",,none,,""
bsk_associates_laboratory,Consultant,"",,none,,""
fgl_environmental,Consultant,con_fcc_environmental,FCC Environmental,fuzzy,0.882,""
harder_co,Consultant,"",,none,,""
tea_pot_dome_water_district,GSA,"",,none,,""
thomas_harder_and,Consultant,"",,none,,""
eastern_tule_gsa_a1,GSA,"",,none,,""
bgvsa,GSA,"",,none,,""
buena_vista_groundwater_sustainability_agency_42,GSA,"",,none,,""
buena_vista_groundwater_sustainability_agency_water_banking,GSA,"",,none,,""
bvsa,GSA,"",,none,,""
northern_delta_mendota_gsa_group,GSA,"",,none,,""
grassland_gsa_group,GSA,"",,none,,""
akt,Consultant,"",,none,,""
delta_mendota_groundwater_sustainability_agencies,GSA,gsa_206,Central Delta-Mendota GSA,revsubset_tie,2,""
kamman_hydrology_engineering,Consultant,"",,none,,""
davis_poland,Consultant,"",,none,,""
lsa_associates,Consultant,con_bsk_associates,BSK Associates,fuzzy,0.857,""
tetra_tech,Consultant,"",,none,,""
delta_mendota_gsa,GSA,gsa_206,Central Delta-Mendota GSA,revsubset_tie,2,""
gsi_environmental,Consultant,con_gac_environmental,GAC Environmental,fuzzy,0.882,""
geomatrix_consultants_inc,Consultant,"",,none,,""
icf_consulting,Consultant,con_c_s_consulting,C&S Consulting,fuzzy,0.786,""
luhdorff_scalmanini_consulting_engineers_2018,Consultant,con_luhdorff_scalmanini_consulting_engineers,Luhdorff & Scalmanini Consulting Engineers,fuzzy,0.889,""
northern_delta_mendota_gsa,GSA,gsa_214,Northwestern Delta-Mendota GSA,fuzzy,0.867,""
northern_delta_mendota_gsa_group_del_puerto_water_district,GSA,"",,none,,""
northern_gsa,GSA,"",,none,,""
phillip_williams_associates,Consultant,"",,none,,""
scalmanini_consulting_engineers_larry_walker_associates,Consultant,"",,none,,""
trc_essex,Consultant,"",,none,,""
wra,Consultant,"",,none,,""
cbec,Consultant,"",,none,,""
olberding_environmental,Consultant,"",,none,,""
central_valley_project_luhdorff_scalmanini,Consultant,"",,none,,""
fcma_gsa,GSA,"",,none,,""
united_states_geologic_survey_luhdorff_scalmanini_consulting_engineers,Consultant,"",,none,,""
luhdorff_scalmanini_consulting_engineers_29,Consultant,con_luhdorff_scalmanini_consulting_engineers,Luhdorff & Scalmanini Consulting Engineers,fuzzy,0.93,""
grassland_groundwater_sustainability_agency,GSA,"",,none,,""
mc_dmgsa,GSA,"",,none,,""
sjrecgsa,GSA,"",,none,,""
grassland_groundwater_sustainability_agency_board_of_directors,GSA,"",,none,,""
mcdm_gsa,GSA,"",,none,,""
provost_pritchard_engineering_group,Consultant,con_provost_pritchard_consulting_group,Provost & Pritchard Consulting Group,fuzzy,0.771,""
central_california_irrigation_provost_pritchard_consulting_group,Consultant,"",,none,,""
plan_area_provost_pritchard_consulting_group,Consultant,con_provost_pritchard_consulting_group,Provost & Pritchard Consulting Group,fuzzy,0.773,""
horizon_water_and_environment,Consultant,con_horizon_water_and_environmental,Horizon Water and Environmental,fuzzy,0.935,""
interagency_coordination_olcese_gsa,GSA,"",,none,,""
yuba_water_agency_formerly_yuba_county_water_agency_gsa,GSA,"",,none,,""
bookman_edmonston_engineering_inc,Consultant,con_bookman_edmonston_engineering,Bookman-Edmonston Engineering,fuzzy,0.879,""
jacobs_inc,Consultant,"",,none,,""
bookman_edmonston_inc,Consultant,"",,none,,""
eki_cordua,Consultant,"",,none,,""
luhdorff_and_scalmanini_consulting_engineers,Consultant,con_luhdorff_scalmanini_consulting_engineers,Luhdorff & Scalmanini Consulting Engineers,fuzzy,0.909,""
carollo,Consultant,"",,none,,""
groundwater_sustainability_agency_of_the_westside_subbasin,GSA,"",,none,,""
groundwater_sustainability_plan_land_usehdorff_scalmanini_consulting_engineers,Consultant,"",,none,,""
highland_economics,Consultant,"",,none,,""
hulet_urban_group,Consultant,"",,none,,""
hulet_urban_group_inc,Consultant,"",,none,,""
isotech_laboratories,Consultant,"",,none,,""
kings_gsa,GSA,gsa_65,North Kings GSA,revsubset_tie,4,""
luhdorff_and_scalmanini_consulting_engineers_22,Consultant,con_luhdorff_scalmanini_consulting_engineers,Luhdorff & Scalmanini Consulting Engineers,fuzzy,0.851,""
luhdorff_and_scalmanini_consulting_engineers_48,Consultant,con_luhdorff_scalmanini_consulting_engineers,Luhdorff & Scalmanini Consulting Engineers,fuzzy,0.851,""
luhdorff_and_scalmanini_consulting_engineers_et_al,Consultant,con_luhdorff_scalmanini_consulting_engineers,Luhdorff & Scalmanini Consulting Engineers,fuzzy,0.8,""
westland_gsa,GSA,"",,none,,""
groundwater_sustainable_agency_of_the_westside_subbasin,GSA,"",,none,,""
kenneth_d_schmitt_associates,Consultant,"",,none,,""
nkgsa,GSA,"",,none,,""
brunner_cook_simmons,Consultant,"",,none,,""
carollo_engineers_and_harshbarger_and_associates,Consultant,"",,none,,""
central_and_south_kings_gsa,GSA,gsa_211,Central Kings GSA,subset_tie,2,""
d_schmidt_and_associates,Consultant,"",,none,,""
groundwater_sustainability_agency_groundwater_sustainability_plan_appendices,GSA,"",,none,,""
kings_subbasin_gsa,GSA,gsa_390,Corning Subbasin GSA,fuzzy,0.75,""
magsa,GSA,"",,none,,""
kings_subbasin_groundwater_sustainability_agencies,GSA,"",,none,,""
wrime,Consultant,"",,none,,""
aggrieved_gsa,GSA,"",,none,,""
mcfarland_groundwater_sustainability_agency,GSA,"",,none,,""
kern_basin_gsa,GSA,"",,none,,""
ogsa,GSA,"",,none,,""
pacific_geotechnical_associates,Consultant,"",,none,,""
semtrop_sustainability_agency,GSA,"",,none,,""
utility_district_provost_pritchard,Consultant,"",,none,,""
el_kern_groundwater_authority_gsa,GSA,gsa_369,Glenn Groundwater Authority GSA,fuzzy,0.879,""
luhdorff_scalmanini_national_water_information_system_national_water_information,Consultant,"",,none,,""
california_central_valley_era_era_economics_llc,Consultant,"",,none,,""
california_central_valley_era_era_economics_llc_fg,Consultant,"",,none,,""
california_central_valley_era_era_economics_llc_fgc2vsimfg_beta2,Consultant,"",,none,,""
scalmanini_groundwater_sustainability_plan_team,Consultant,"",,none,,""
start_of_davids_engineering,Consultant,"",,none,,""
dg_geologists,Consultant,"",,none,,""
todd_gw,Consultant,"",,none,,""
daniel_b_stephens_and_associates,Consultant,con_daniel_b_stephens_associates_inc,"Daniel B. Stephens & Associates, Inc.",fuzzy,0.75,""
engineering_department_of_layne_and_bowier,Consultant,"",,none,,""
groundwater_sustainability_agency_outreach,GSA,"",,none,,""
79_sacramento_county_gsa,GSA,"",,none,,""
85_sacramento_county_gsa,GSA,"",,none,,""
hydrology_engineering_inc,Consultant,con_gregory_engineering_inc,"Gregory Engineering, Inc.",fuzzy,0.76,""
kamman_hydrology_engineering_inc,Consultant,"",,none,,""
stetson_engineering_inc,Consultant,con_stetson_engineers_inc,Stetson Engineers Inc.,fuzzy,0.87,""
eastern_san_joaquin_groundwater_sustainability_agency,GSA,gsa_142,County of San Joaquin GSA - Eastern San Joaquin 1,revsubset_tie,2,""
woodard_curran_eastern_san_joaquinwrm_report,Consultant,"",,none,,""
eastern_san_joaquin_groundwater_sustainability_agencies,GSA,gsa_142,County of San Joaquin GSA - Eastern San Joaquin 1,revsubset_tie,2,""
provost_pritchard_consulting_group_technical_memorandum,Consultant,"",,none,,""
nfkgsa3,GSA,"",,none,,""
nkfgsa,GSA,"",,none,,""
la_agencia_de_sostenibilidad_de_agua_subterránea,GSA,"",,none,,""
ekgsa,GSA,"",,none,,""
fork_kings_gsa,GSA,gsa_187,North Fork Kings GSA,revsubset_tie,2,""
kings_groundwater_sustainability_agencies,GSA,gsa_65,North Kings GSA,revsubset_tie,4,""
kings_s_ubbasin_gs_a,GSA,"",,none,,""
mcmullin_area_evaluation_kenneth_d_schmidt_associates,Consultant,"",,none,,""
nfkga,GSA,"",,none,,""
provost_pritchard_consulting_group_1401_d,Consultant,con_provost_pritchard_consulting_group,Provost & Pritchard Consulting Group,fuzzy,0.829,""
provost_pritchard_consulting_group_inc,Consultant,con_provost_pritchard_consulting_group,Provost & Pritchard Consulting Group,fuzzy,0.895,""
united_states_geological_survey_provost_pritchard_consulting_group_1401_d,Consultant,"",,none,,""
braitman_associates,Consultant,"",,none,,""
mcmullin_area_evaluation_kenneth_d_schmidt_and_associates,Consultant,"",,none,,""
nfkgsa,GSA,"",,none,,""
schmidt_associates,Consultant,"",,none,,""
nkgsas,GSA,"",,none,,""
nk_gsa,GSA,"",,none,,""
kdsa_2017,Consultant,"",,none,,""
kenneth_d_schmidt_and,Consultant,"",,none,,""
boyle_engineering_corporation,Consultant,"",,none,,""
brown_caldwell,Consultant,con_brown_and_caldwell,Brown and Caldwell,fuzzy,0.778,""
nkgssa,GSA,"",,none,,""
nksa,GSA,"",,none,,""
thomas_harder_and_co,Consultant,"",,none,,""
cleath_harris,Consultant,"",,none,,""
sbgsa,GSA,"",,none,,""
fringe_gsa,GSA,"",,none,,""
woodard_and_curran_consultants,Consultant,"",,none,,""
woodward_curran,Consultant,con_woodard_curran,Woodard & Curran,fuzzy,0.933,""
pritchard_consulting_group,Consultant,con_provost_pritchard_consulting_group,Provost & Pritchard Consulting Group,fuzzy,0.765,""
provost_and_prichard,Consultant,"",,none,,""
united_states_geologic_survey_national_water_gei_consultants,Consultant,"",,none,,""
eastern_kaweah_groundwater_sustainability_agency,GSA,"",,none,,""
friant_kern_canal_provost_pritchard_consulting_group,Consultant,"",,none,,""
this_provost_pritchard_consulting_group,Consultant,con_provost_pritchard_consulting_group,Provost & Pritchard Consulting Group,fuzzy,0.872,""
kre_gsa,GSA,"",,none,,""
consolidated_irrigation_district_gsa,GSA,gsa_151,Woodbridge Irrigation District GSA,fuzzy,0.778,""
kgegsa,GSA,"",,none,,""
kre,GSA,"",,none,,""
kregs,GSA,"",,none,,""
la_mesa_de_gsa,GSA,"",,none,,""
davids_engineering_luhdorf_scalmanini,Consultant,"",,none,,""
luhdorf_scalmanini,Consultant,"",,none,,""
nsgsa,GSA,"",,none,,""
davis_lofgren_and_mack,Consultant,"",,none,,""
nscdgsa,GSA,"",,none,,""
new_stone_wd_gsa,GSA,"",,none,,""
water_district_groundwater_sustainability_agency,GSA,gsa_23,Aliso Water District GSA,revsubset_tie,11,""
rwcdgsa,GSA,"",,none,,""
bartle_wells,Consultant,"",,none,,""
bartle_wells_and,Consultant,"",,none,,""
de_luhdorf_scalmanini,Consultant,"",,none,,""
davids_luhdorf_scalmanini,Consultant,"",,none,,""
luhdorff_and,Consultant,"",,none,,""
luhdorff_and_scalmanini,Consultant,"",,none,,""
madera_gsa,GSA,gsa_47,City of Madera GSA,revsubset_tie,2,""
provost_pritchard_et_al,Consultant,"",,none,,""
rcgsa,GSA,"",,none,,""
urs_corporation,Consultant,"",,none,,""
wood_rogers,Consultant,"",,none,,""
swk_gsa,GSA,"",,none,,""
ecorp,Consultant,"",,none,,""
geosystems_analysis_inc,Consultant,"",,none,,""
x_tri_county_water_gsa,GSA,"",,none,,""
diverse_provost_pritchard_consulting_group,Consultant,con_provost_pritchard_consulting_group,Provost & Pritchard Consulting Group,fuzzy,0.81,""
el_rio_gsa,GSA,gsa_358,El Rico GSA,fuzzy,0.909,""
tulare_lake_subbasin_groundwater_sustainability_agencies,GSA,"",,none,,""
david_s_engineering,Consultant,"",,none,,""
gfgsa,GSA,"",,none,,""
gravelly_ford_gss,GSA,"",,none,,""
ken_schmidt_associates,Consultant,"",,none,,""
quad_knopf,Consultant,"",,none,,""
consulting_engineering_firm_of_quad_knopf,Consultant,"",,none,,""
ken_schmidt_and_associates,Consultant,"",,none,,""
mgksa,GSA,"",,none,,""
a_gei_consultants_inc,Consultant,con_gei_consultant_inc,"GEI Consultant, Inc.",fuzzy,0.857,""
midkaweah_groundwater_sustainability_agency,GSA,"",,none,,""
gei_gei_consultants,Consultant,"",,none,,""
san_gei_consultants_inc,Consultant,con_gei_consultant_inc,"GEI Consultant, Inc.",fuzzy,0.783,""
schroder_gei_consultants,Consultant,"",,none,,""
urban_gei_consultants,Consultant,"",,none,,""
estrella_el_pomar_creston_water_district_gsa,GSA,"",,none,,""
heritage_ranch_community_services_district,GSA,"",,none,,""
heritage_ranch_community_services_district_gsa,GSA,"",,none,,""
montgomery,Consultant,"",,none,,""
3_luis_obispo_gsa,GSA,"",,none,,""
county_groundwater_sustainability_agency,GSA,gsa_69,County of Madera GSA - Madera,revsubset_tie,9,""
geoscience_support_services,Consultant,"",,none,,""
hydro_metrics,Consultant,"",,none,,""
hydrometrics_water_resources,Consultant,"",,none,,""
matrix_design_group,Consultant,"",,none,,""
svbgsa,GSA,"",,none,,""
consultant_montgomery_assoc,Consultant,"",,none,,""
paso_basin_gsa,GSA,gsa_212,Spadra Basin GSA,fuzzy,0.75,""
paso_robles_subbasin_groundwater_sustainability_agencies,GSA,"",,none,,""
luhdorff_scalmanini_consulting_engineers_55,Consultant,con_luhdorff_scalmanini_consulting_engineers,Luhdorff & Scalmanini Consulting Engineers,fuzzy,0.93,""
luhdorff_scalmanini_consulting_engineers_77,Consultant,con_luhdorff_scalmanini_consulting_engineers,Luhdorff & Scalmanini Consulting Engineers,fuzzy,0.93,""
a_luhdorff_scalmanini_consulting_engineers_30,Consultant,con_luhdorff_scalmanini_consulting_engineers,Luhdorff & Scalmanini Consulting Engineers,fuzzy,0.889,""
luhdorff_scalmanini_consulting_engineers_13,Consultant,con_luhdorff_scalmanini_consulting_engineers,Luhdorff & Scalmanini Consulting Engineers,fuzzy,0.93,""
luhdorff_scalmanini_consulting_engineers_21,Consultant,con_luhdorff_scalmanini_consulting_engineers,Luhdorff & Scalmanini Consulting Engineers,fuzzy,0.93,""
luhdorff_scalmanini_consulting_engineers_44,Consultant,con_luhdorff_scalmanini_consulting_engineers,Luhdorff & Scalmanini Consulting Engineers,fuzzy,0.93,""
luhdorff_scalmanini_consulting_engineers_45,Consultant,con_luhdorff_scalmanini_consulting_engineers,Luhdorff & Scalmanini Consulting Engineers,fuzzy,0.93,""
luhdorff_scalmanini_consulting_engineers_87,Consultant,con_luhdorff_scalmanini_consulting_engineers,Luhdorff & Scalmanini Consulting Engineers,fuzzy,0.93,""
luhdorff_scalmanini_consulting_engineers_91,Consultant,con_luhdorff_scalmanini_consulting_engineers,Luhdorff & Scalmanini Consulting Engineers,fuzzy,0.93,""
pacific_geotechnical_associates_inc,Consultant,"",,none,,""
san_luhdorff_scalmanini_consulting_engineers,Consultant,con_luhdorff_scalmanini_consulting_engineers,Luhdorff & Scalmanini Consulting Engineers,fuzzy,0.909,""
unmanned_aerial_vehicle_synthetic_aperture_luhdorff_scalmanini_consulting_engineers,Consultant,"",,none,,""
hmgsa,GSA,"",,none,,""
sierra_scientific,Consultant,"",,none,,""
bvsga,GSA,"",,none,,""
authority_gsa,GSA,gsa_118,Sacramento Groundwater Authority GSA,revsubset_tie,3,""
buena_vista_groundwater_sustainability_agency_conditions,GSA,"",,none,,""
buena_vista_groundwater_sustainability_agency_water_budget_flowpaths,GSA,"",,none,,""
buena_vista_groundwater_sustainability_agency_well,GSA,"",,none,,""
kgagsa,GSA,"",,none,,""
to_buena_vista_groundwater_sustainability_agency,GSA,"",,none,,""
buena_vista_groundwater_sustainability_agency_monitoring_networks,GSA,"",,none,,""
buena_vista_groundwater_sustainability_agency_water_budget,GSA,"",,none,,""
mc_gsa,GSA,"",,none,,""
cm_gsa,GSA,"",,none,,""
metropolitan_water_district_of_southern_california_gsa,GSA,"",,none,,""
davids_engineering_k_hydraulic_conductivity,Consultant,"",,none,,""
davids_engineering_k_hydraulic_conductivity_luhdorff_and_scalmanini_consulting_engineers,Consultant,"",,none,,""
2ndnature,Consultant,"",,none,,""
51537001_board_meetings_agenda_gsa,GSA,"",,none,,""
akel_engineering_group_inc,Consultant,con_reed_engineering_group_ltd,Reed Engineering Group Ltd,fuzzy,0.769,""
city_gsa,GSA,gsa_47,City of Madera GSA,revsubset_tie,22,""
fall_creek_engineering,Consultant,"",,none,,""
gravelly_ford_wd_gsa,GSA,"",,none,,""
groundwater_sustainability_agency_for_august,GSA,"",,none,,""
groundwater_sustainability_agency_for_december,GSA,"",,none,,""
groundwater_sustainability_agency_for_june,GSA,"",,none,,""
groundwater_sustainability_agency_for_november,GSA,"",,none,,""
groundwater_sustainability_agency_for_october,GSA,"",,none,,""
groundwater_sustainability_agency_for_september,GSA,"",,none,,""
groundwater_sustainability_agency_for_thursday,GSA,"",,none,,""
kmj,Consultant,"",,none,,""
kleinfelder_lnc,Consultant,"",,none,,""
kotf_associates,Consultant,"",,none,,""
land_iq_1,Consultant,con_land_iq,Land IQ,fuzzy,0.778,""
luhdorff_scalmanini_era_economics_technical_studies,Consultant,"",,none,,""
madera_subbasin_gsa,GSA,"",,none,,""
madera_wd_gsa,GSA,"",,none,,""
mark_thomas_and_company,Consultant,"",,none,,""
nichols_consulting,Consultant,"",,none,,""
price_paige_company,Consultant,"",,none,,""
rcwdgsa,GSA,"",,none,,""
root_creek_wd_gsa,GSA,"",,none,,""
stillwater_sciences_a2b20,Consultant,"",,none,,""
stillwater_sciences_a2b37,Consultant,"",,none,,""
stillwater_sciences_and_technical,Consultant,"",,none,,""
stillwater_sciences_and_technical_appendices,Consultant,"",,none,,""
of_madera_gsa,GSA,gsa_47,City of Madera GSA,revsubset_tie,2,""
sjrec_gsa,GSA,"",,none,,""
pajaro_valley_water_management_agency_gsa,GSA,"",,none,,""
fcgma,GSA,"",,none,,""
gary_fiske_associates,Consultant,"",,none,,""
water_systems_consulting,Consultant,"",,none,,""
balance_hydrologics,Consultant,con_balance_hydrologics_inc,"Balance Hydrologics, Inc.",fuzzy,0.826,""
hydrometrics_llc,Consultant,"",,none,,""
kings_gsa2,GSA,"",,none,,""
monterey_peninsula_water_management_district_gsa,GSA,"",,none,,""
borrego_valley_gsa,GSA,"",,none,,""
todd_engineers,Consultant,"",,none,,""
stetson_engineers,Consultant,con_stetson_engineers_inc,Stetson Engineers Inc.,fuzzy,0.81,""
valley_groundwater_authority_july,GSA,"",,none,,""
kennedy_jenks,Consultant,"",,none,,""
kennedy_jenks_consultants,Consultant,"",,none,,""
ivwga,GSA,"",,none,,""
iwvgwa,GSA,"",,none,,""
iwv_ga,GSA,"",,none,,""
tetra_tech_em_inc,Consultant,"",,none,,""
todd_engineering,Consultant,con_comm_engineering,Comm Engineering,fuzzy,0.812,""
gsa_1,GSA,gsa_122,County of Butte GSA - Butte 1,revsubset_tie,2,""
iwga,GSA,"",,none,,""
iwvga6,GSA,"",,none,,""
krieger_stewart,Consultant,"",,none,,""
prc_montogomery_watson,Consultant,"",,none,,""
iwv_groundwater_agency,GSA,"",,none,,""
waterwise_consulting,Consultant,"",,none,,""
brunner_cook_and_simmons,Consultant,"",,none,,""
gsa_gei_consultants,Consultant,con_aei_consultants,AEI Consultants,fuzzy,0.789,""
gspgreaterkaweahgsaorg,GSA,"",,none,,""
vandalia_water_district,GSA,"",,none,,""
deidgsa,GSA,"",,none,,""
ltgsa,GSA,"",,none,,""
tule_subbasin_groundwater_sustainability_agencies,GSA,"",,none,,""
east_tule_gsa,GSA,"",,none,,""
keller_wegley_consulting_engineers,Consultant,con_winzler_kelly_consulting_engineers,Winzler & Kelly Consulting Engineers,fuzzy,0.794,""
ltridgsa,GSA,"",,none,,""
tule_subbasin_gsa,GSA,gsa_217,Yolo Subbasin GSA,fuzzy,0.824,""
eastern_tule_groundwater_sustainability_agency_3_19,GSA,"",,none,,""
eastern_tule_groundwater_sustainability_agency_board,GSA,"",,none,,""
keller_wegley_consulting,Consultant,"",,none,,""
rwm_group,Consultant,con_rch_group,RCH Group,fuzzy,0.778,""
tcwa_gsa,GSA,"",,none,,""
eastern_tule_groundwater_sustainability_agency_gsa,GSA,"",,none,,""
pid_gsa,GSA,"",,none,,""
delanoearlimart_irrigation_district_groundwater_sustainability_agency,GSA,"",,none,,""
eggsa,GSA,"",,none,,""
eki_environment_and_water_inc,Consultant,con_eki_environment_water_inc,"EKI Environment & Water, Inc.",fuzzy,0.862,""
eastern_tule_groundwater_sustainability_agency_d30,GSA,"",,none,,""
eastern_tule_groundwater_sustainability_agency_section_437,GSA,"",,none,,""
each_tule_subbasin_gsa,GSA,gsa_238,East Turlock Subbasin GSA,fuzzy,0.76,""
fugro_hong_kong_limited,Consultant,"",,none,,""
pidgsa,GSA,"",,none,,""
pxidgsa,GSA,"",,none,,""
rl_schafer_associates,Consultant,"",,none,,""
thomas_harder_co_st,Consultant,"",,none,,""
walker_macy,Consultant,"",,none,,""
deid_gsa,GSA,"",,none,,""
porterville_irrigation_district_gsa,GSA,gsa_17,Patterson Irrigation District GSA,fuzzy,0.8,""
pix_gsa_board,GSA,"",,none,,""
pixidgsa,GSA,"",,none,,""
pix_gsa,GSA,"",,none,,""
pixey_irrigation_district_groundwater_sustainability_agency,GSA,"",,none,,""
irrigation_district_gsa,GSA,gsa_17,Patterson Irrigation District GSA,revsubset_tie,10,""
aquatic_bioassay_and_consulting,Consultant,"",,none,,""
thomas_harder_and_associates,Consultant,"",,none,,""
aquatic_bioassay_and_consulting_laboratory,Consultant,"",,none,,""
aquatic_bioassay_consulting_laboratory,Consultant,"",,none,,""
delano_earlimart_irrigation_district_white_area_annex_provost_pritchard_consulting_group,Consultant,"",,none,,""
distribution_provost_pritchard_consulting_group,Consultant,"",,none,,""
emlab_pk,Consultant,"",,none,,""
eastern_tule_gsa_joint_powers_authority,GSA,"",,none,,""
pacific_ecorisk_environmental_consulting_and_testing,Consultant,"",,none,,""
r_l_schafer_associates,Consultant,"",,none,,""
thomas_harder_and_company,Consultant,"",,none,,""
torrent_laboratory,Consultant,con_torrent_laboratory_inc,Torrent Laboratory Inc,fuzzy,0.818,""
an_provost_pritchard_consulting_group,Consultant,con_provost_pritchard_consulting_group,Provost & Pritchard Consulting Group,fuzzy,0.919,""
bsk_laboratory,Consultant,"",,none,,""
pumpage_pace_engineering,Consultant,"",,none,,""
smith_knight_and,Consultant,"",,none,,""
dee_jaspar_associates,Consultant,"",,none,,""
fgl_environmenta1,Consultant,con_fcc_environmental,FCC Environmental,fuzzy,0.824,""
ken_schmidt_associates_inc,Consultant,"",,none,,""
tri_counties_gsa,GSA,"",,none,,""
thomas_harder_and_associates_inc,Consultant,"",,none,,""
tri_county_wa_gsa,GSA,"",,none,,""
tule_gsa,GSA,gsa_42,Lower Tule River Irrigation District GSA,revsubset_tie,2,""
skgsa,GSA,"",,none,,""
cksga,GSA,"",,none,,""
ck_gsa,GSA,"",,none,,""
provost_pritchard_consulting,Consultant,con_provost_pritchard_consulting_group,Provost & Pritchard Consulting Group,fuzzy,0.824,""
mercedsgma,GSA,"",,none,,""
quad_knopf_inc,Consultant,"",,none,,""
rbf_consulting,Consultant,con_ebi_consulting,EBI Consulting,fuzzy,0.857,""
turlock_gsa,GSA,gsa_225,West Turlock Subbasin GSA,revsubset_tie,2,""
svgbgsa,GSA,"",,none,,""
asgsa,GSA,"",,none,,""
city_of_marina_gsa,GSA,gsa_47,City of Madera GSA,fuzzy,0.833,""
salinas_valley_groundwater_basin_groundwater_sustainability_agency_mountain_counties_water_resources_association,GSA,"",,none,,""
salinas_valley_groundwater_basin_groundwater_sustainability_agency_bod,GSA,"",,none,,""
harding_ese,Consultant,"",,none,,""
harding_lawson_associates,Consultant,con_alan_larson_associates,Alan Larson & Associates,fuzzy,0.76,""
mactec,Consultant,"",,none,,""
montgomery_watson,Consultant,"",,none,,""
svgbsa,GSA,"",,none,,""
harding_lawson,Consultant,"",,none,,""
ahtna_engineering,Consultant,con_eba_engineering,EBA Engineering,fuzzy,0.765,""
marina_groundwater_sustainability_agency_salinas_valley_groundwater_basin_groundwater_sustainability_agency,GSA,"",,none,,""
sybgsa,GSA,"",,none,,""
brown_and_caldwell_report,Consultant,"",,none,,""
a_sustainable_groundwater_management_act_gsa,GSA,"",,none,,""
city_of_marina_groundwater_sustainability_agency,GSA,"",,none,,""
marina_groundwater_sustainability_agency_area4_ii,GSA,"",,none,,""
232_marina_coast_water_district_gsa,GSA,"",,none,,""
ah_water_consulting,Consultant,"",,none,,""
community_gsa,GSA,gsa_114,Sutter Community Service District GSA,revsubset_tie,2,""
cotton_bridges_associates,Consultant,"",,none,,""
eki_environment,Consultant,con_e3_environmental,E3 Environmental,fuzzy,0.75,""
harding,Consultant,"",,none,,""
hydrofocus,Consultant,"",,none,,""
luhdorf,Consultant,"",,none,,""
mcwdgsa,GSA,"",,none,,""
raftelis_financial_consultants,Consultant,"",,none,,""
sbbgsa,GSA,"",,none,,""
senate_bill_gsa,GSA,"",,none,,""
sustainable_groundwater_management_act_gsa,GSA,"",,none,,""
svbga,GSA,"",,none,,""
salinas_valley_groundwater_basin_groundwater_sustainability_agency_11252019,GSA,"",,none,,""
salinas_valley_groundwater_basin_groundwater_sustainability_agency_180_400_aquifer_w175_11252019,GSA,"",,none,,""
salinas_valley_groundwater_basin_groundwater_sustainability_agency_advisory,GSA,"",,none,,""
salinas_valley_groundwater_basin_groundwater_sustainability_agency_chapter_6_district_achieving,GSA,"",,none,,""
salinas_valley_groundwater_basin_groundwater_sustainability_agency_chapter_6_district_implementation,GSA,"",,none,,""
salinas_valley_groundwater_basin_groundwater_sustainability_agency_mountain_counties_water_resources_association_comments_statement,GSA,"",,none,,""
salinas_valley_groundwater_basin_groundwater_sustainability_agency_project,GSA,"",,none,,""
salinas_valley_groundwater_basin_groundwater_sustainability_agency_w159_11252019,GSA,"",,none,,""
salinas_valley_groundwater_basin_groundwater_sustainability_agency_w160,GSA,"",,none,,""
salinas_valley_groundwater_basin_groundwater_sustainability_agency_w161_11252019,GSA,"",,none,,""
salinas_valley_groundwater_basin_groundwater_sustainability_agency_w162_11252019,GSA,"",,none,,""
svgsa,GSA,"",,none,,""
scalmanini_engineers,Consultant,"",,none,,""
schaaf_wheeler,Consultant,"",,none,,""
greenfield_arroyo_seco_gsa,GSA,"",,none,,""
ground_water_sustainability_agency,GSA,"",,none,,""
salinas_valley_groundwater_basin_ground_water_sustainability_agency,GSA,"",,none,,""
pacific_ecorisk_environmental_consulting,Consultant,con_pacific_habitats_environmental_consulting,Pacific Habitats Environmental Consulting,fuzzy,0.805,""
reporting_limit_schafer_associates,Consultant,"",,none,,""
governing_board_of_the_lower_tule_river_irrigation_districtgsa,GSA,"",,none,,""
eci,Consultant,"",,none,,""
engeo,Consultant,"",,none,,""
dudek_associates,Consultant,con_bme_associates,BME Associates,fuzzy,0.75,""
bookman_and_edmonston,Consultant,"",,none,,""
m_katzel_trihey_and_associates,Consultant,"",,none,,""
111_eki_environment_water_inc,Consultant,con_eki_environment_water_inc,"EKI Environment & Water, Inc.",fuzzy,0.862,""
143_eki_environment_water,Consultant,"",,none,,""
179_eki_environment_water_inc,Consultant,con_eki_environment_water_inc,"EKI Environment & Water, Inc.",fuzzy,0.862,""
187_eki_environment_water,Consultant,"",,none,,""
190_eki,Consultant,"",,none,,""
27_eki,Consultant,"",,none,,""
31_eki_environment_water,Consultant,"",,none,,""
earth_consultants_international_inc,Consultant,"",,none,,""
erler_kalinowski_inc,Consultant,"",,none,,""
nv5_inc,Consultant,"",,none,,""
norcal_geophysical_consultants_inc,Consultant,"",,none,,""
trihey_and_associates,Consultant,con_dohn_and_associates,Dohn and Associates,fuzzy,0.762,""
southwest_san_timoteo_gsa,GSA,"",,none,,""
cdm_smith,Consultant,"",,none,,""
daniel_b_stephens_and_associates_inc,Consultant,con_daniel_b_stephens_associates_inc,"Daniel B. Stephens & Associates, Inc.",fuzzy,0.889,""
eco_associates_inc,Consultant,con_atc_associates_inc,ATC Associates Inc.,fuzzy,0.833,""
techlink_environmental_inc,Consultant,con_ascent_environmental_inc,"Ascent Environmental, Inc.",fuzzy,0.769,""
section_gsa,GSA,"",,none,,""
tiwd2_gsa,GSA,"",,none,,""
grassland_water_district_gsa,GSA,gsa_40,Westlands Water District GSA,fuzzy,0.821,""
mcbain_trush_inc,Consultant,"",,none,,""
each_city_gsa,GSA,"",,none,,""
county_of_madera3_gsa,GSA,gsa_47,City of Madera GSA,fuzzy,0.81,""
hopkins_groundwater_consultants,Consultant,"",,none,,""
larry_walker_and_associates,Consultant,"",,none,,""
larry_walker,Consultant,"",,none,,""
ch2_m_hill_inc,Consultant,"",,none,,""
larry_walker_associates_inc,Consultant,"",,none,,""
black_and_veatch,Consultant,con_black_veatch,Black & Veatch,fuzzy,0.75,""
ch2m_hill_incorporated,Consultant,"",,none,,""
camrosa_gsa,GSA,"",,none,,""
ch2_m,Consultant,"",,none,,""
camrosa_las_posas_gsa,GSA,"",,none,,""
dudek_2017,Consultant,"",,none,,""
exponent,Consultant,"",,none,,""
fcgwma,GSA,"",,none,,""
fox_canyon_groundwater_management_authority,GSA,"",,none,,""
introduction_intera_incorporated,Consultant,"",,none,,""
intera_geoscience_and_engineering_solutions,Consultant,"",,none,,""
john_f_mann_jr_associates,Consultant,con_john_l_hunter_associates,John L Hunter & Associates,fuzzy,0.76,""
larry_walker_associates_study,Consultant,"",,none,,""
larry_walker_and,Consultant,"",,none,,""
pomeroy_johnston_bailey,Consultant,"",,none,,""
r2_resource_consultants,Consultant,con_bioresource_consultants,BioResource Consultants,fuzzy,0.87,""
water_systems_consulting_inc,Consultant,"",,none,,""
las_posas_valley_outlying_areas_gsa,GSA,"",,none,,""
daniel_b_stephens_associates_inc_2017,Consultant,con_daniel_b_stephens_associates_inc,"Daniel B. Stephens & Associates, Inc.",fuzzy,0.865,""
padre_associates_inc,Consultant,con_raedeke_associates_inc,Raedeke Associates Inc,fuzzy,0.818,""
hydrometrics_wri,Consultant,"",,none,,""
intera_geoscience_engineering_solutions,Consultant,"",,none,,""
kearnes_west,Consultant,"",,none,,""
los_angeles,GSA,"",,none,,""
oxnard_subbasin_systems_consulting_inc,Consultant,"",,none,,""
camrosa_opv_gsa,GSA,"",,none,,""
camrosa_opv_management_area_gsa,GSA,"",,none,,""
akm,Consultant,"",,none,,""
mwh,Consultant,"",,none,,""
bedford_coldwater_groundwater_sustainability_authority,GSA,"",,none,,""
luhdorff_and_scalmanini_consulting_engineers_2014,Consultant,con_luhdorff_scalmanini_consulting_engineers,Luhdorff & Scalmanini Consulting Engineers,fuzzy,0.816,""
stantec_consulting_services,Consultant,con_lender_consulting_services,Lender Consulting Services,fuzzy,0.815,""
todd_and_akm,Consultant,"",,none,,""
ss_papadopulos_associates_inc,Consultant,con_s_s_papadopulos_associates,S.S. Papadopulos & Associates,fuzzy,0.828,""
intera_inc,Consultant,"",,none,,""
hopkins_groundwater_consultants_inc,Consultant,"",,none,,""
mggsa,GSA,"",,none,,""
mbga,GSA,"",,none,,""
mbsga,GSA,"",,none,,""
mgbsa,GSA,"",,none,,""
ms_gsa,GSA,"",,none,,""
kennedyjenks_consultants,Consultant,"",,none,,""
ruggeri_jensen_and_azar,Consultant,"",,none,,""
r2_resource_consultants_inc,Consultant,"",,none,,""
sgmwa,GSA,"",,none,,""
trussell_technologies_inc,Consultant,"",,none,,""
first_c_o_n_s_u_l_t_i_n_g,Consultant,"",,none,,""
jones_and_stokes,Consultant,"",,none,,""
phillip_williams,Consultant,"",,none,,""
jones_and_stokes_associates,Consultant,"",,none,,""
dickson_and_kenneth_d_schmidt_and_associates,Consultant,"",,none,,""
pajaro_valley_gsa,GSA,"",,none,,""
acton_mickelson,Consultant,"",,none,,""
akel,Consultant,"",,none,,""
akel_engineering_group,Consultant,con_orosz_engineering_group,Orosz Engineering Group,fuzzy,0.783,""
emc_planning,Consultant,"",,none,,""
groundwater_solutions_inc,Consultant,con_gsi_water_solutions_inc,"GSI Water Solutions, Inc.",fuzzy,0.8,""
stokes_associates,Consultant,con_cooper_associates,Cooper & Associates,fuzzy,0.765,""
lechowicz_tseng_municipal_consultants,Consultant,"",,none,,""
provost_and_pritchard_consulting_group,Consultant,con_provost_pritchard_consulting_group,Provost & Pritchard Consulting Group,fuzzy,0.895,""
hansford_economic_consulting,Consultant,"",,none,,""
mullin_area_groundwater_sustainability_agency,GSA,"",,none,,""
corning_sub_basin_groundwater_sustainability_agencies,GSA,"",,none,,""
corning_sub_basin_groundwater_sustainability_agency,GSA,"",,none,,""
vista_clara,Consultant,"",,none,,""
robertson_bryan_inc,Consultant,"",,none,,""
tully_young,Consultant,"",,none,,""
geoconsultants,Consultant,con_aei_consultants,AEI Consultants,fuzzy,0.8,""
robertson_bryan,Consultant,"",,none,,""
dunn_environmental_inc,Consultant,con_jupe_environmental_inc,"Jupe Environmental, Inc.",fuzzy,0.864,""
eki_geoconsultants,Consultant,"",,none,,""
applied_development_economics,Consultant,"",,none,,""
dunn_e_nvironmental,Consultant,con_cns_environmental,CNS Environmental,fuzzy,0.789,""
dunn_e_nvironmental_inc,Consultant,con_jupe_environmental_inc,"Jupe Environmental, Inc.",fuzzy,0.826,""
eki_environment_and_water,Consultant,"",,none,,""
eki_inc,Consultant,"",,none,,""
e_k_i,Consultant,"",,none,,""
e_k_i_inc,Consultant,"",,none,,""
erler_kalinowski,Consultant,"",,none,,""
geosystems,Consultant,"",,none,,""
geoconsultants_inc,Consultant,con_gei_consultant_inc,"GEI Consultant, Inc.",fuzzy,0.833,""
holland_knight_and_wood_rodgers,Consultant,"",,none,,""
hydrof_ocus,Consultant,"",,none,,""
hydrof_ocus_inc,Consultant,con_hydrofocus_inc,HydroFocus Inc,fuzzy,0.933,""
jones_stokes,Consultant,"",,none,,""
mwh_global_inc,Consultant,"",,none,,""
mintier_harnish,Consultant,"",,none,,""
new_current,Consultant,"",,none,,""
new_current_water,Consultant,"",,none,,""
north_delta_gsa_board,GSA,"",,none,,""
peterson_brustad_inc,Consultant,"",,none,,""
san_joaquin_gsa,GSA,gsa_249,South San Joaquin GSA,revsubset_tie,2,""
water_system_consulting_inc,Consultant,"",,none,,""
west_yost_associates_consulting,Consultant,"",,none,,""
consumnes_groundwater_sustainability_agency,GSA,"",,none,,""
cosumnes_subbasin_groundwater_sustainability_agencies,GSA,"",,none,,""
cosumnes_subbasin_groundwater_sustainability_agency,GSA,"",,none,,""
county_of_sacramento_gsa,GSA,gsa_496,Sacramento County GSA - Cosumnes,revsubset_tie,2,""
sacramento_county_groundwater_sustainability_agency,GSA,gsa_496,Sacramento County GSA - Cosumnes,revsubset_tie,2,""
syr_gsa,GSA,"",,none,,""
geosyntec,Consultant,"",,none,,""
gsa_agency,GSA,"",,none,,""
gsa_citizen,GSA,"",,none,,""
hydrologic_consultants_inc,Consultant,"",,none,,""
santa_ynez_river_valley_groundwater_basin_gsa,GSA,gsa_5,Santa Ynez River Valley Basin Western Management Area GSA,revsubset_tie,3,""
wallace_group,Consultant,"",,none,,""
central_management_area_gsa41,GSA,"",,none,,""
santa_ynez_river_valley_groundwater_basin_groundwater_sustainability_agency,GSA,gsa_5,Santa Ynez River Valley Basin Western Management Area GSA,revsubset_tie,3,""
eki_environmental_water,Consultant,con_eki_environment_water_inc,"EKI Environment & Water, Inc.",fuzzy,0.76,""
western_management_area_gsa54,GSA,"",,none,,""
gei_1684,Consultant,"",,none,,""
ema_gsa,GSA,"",,none,,""
meridian_consultants,Consultant,con_meridian_consultants_llc,Meridian Consultants LLC,fuzzy,0.833,""
dudek_consultants_for_santa_barbara_county,Consultant,"",,none,,""
ema_gsa_agency,GSA,"",,none,,""
geosyntec_consultants_inc,Consultant,con_geosyntec_consultants,Geosyntec Consultants,fuzzy,0.84,""
groundwater_consulting_inc,Consultant,"",,none,,""
rick_hoffman_associates,Consultant,"",,none,,""
tetra_tech_inc,Consultant,"",,none,,""
ema_groundwater_sustainability_agency,GSA,"",,none,,""
santa_ynez_ema_gsa,GSA,"",,none,,""
environ_international_corporation,Consultant,con_slr_international_corporation,SLR International Corporation,fuzzy,0.818,""
advisian_americas,Consultant,"",,none,,""
geotrans,Consultant,"",,none,,""
group_delta,Consultant,"",,none,,""
interra,Consultant,"",,none,,""
bonterra_psomas,Consultant,"",,none,,""
geosyntec_consultants14,Consultant,con_geosyntec_consultants,Geosyntec Consultants,fuzzy,0.913,""
group_delta_consultants,Consultant,"",,none,,""
ninyo_moore,Consultant,"",,none,,""
mission_springs_water_district_gsa,GSA,"",,none,,""
dwagsa,GSA,"",,none,,""
coachella_valley_water_district_gsa,GSA,"",,none,,""
west_associates,Consultant,con_weiss_associates,Weiss Associates,fuzzy,0.875,""
vgsa,GSA,"",,none,,""
enterprise_anderson_groundwater_sustainability_agency,GSA,gsa_287,Enterprise-Anderson GSA - Enterprise,subset_tie,2,""
enterprise_anderson_gsa,GSA,gsa_287,Enterprise-Anderson GSA - Enterprise,subset_tie,2,""
enterprise_anderson_groundwater_sustainability_agency_board,GSA,gsa_287,Enterprise-Anderson GSA - Enterprise,subset_tie,2,""
enterprise_anderson_groundwater_sustainability_agency_management_committee,GSA,gsa_287,Enterprise-Anderson GSA - Enterprise,subset_tie,2,""
kearns_west,Consultant,"",,none,,""
enterprise_anderson_groundwater_sustainability_agency_board_of_directors,GSA,gsa_287,Enterprise-Anderson GSA - Enterprise,subset_tie,2,""
jacobs_engineering,Consultant,con_comm_engineering,Comm Engineering,fuzzy,0.778,""
enterprise_anderson_groundwater_sustainability_agency_measurable_objectiveu,GSA,gsa_287,Enterprise-Anderson GSA - Enterprise,subset_tie,2,""
enterprise_anderson_groundwater_sustainability_agency_management_adjacent_basins,GSA,gsa_287,Enterprise-Anderson GSA - Enterprise,subset_tie,2,""
uvrgsa,GSA,"",,none,,""
normandeau,Consultant,"",,none,,""
entrix,Consultant,"",,none,,""
entrix_inc,Consultant,"",,none,,""
hunt_associates_biological_consulting_services,Consultant,"",,none,,""
kier_associates,Consultant,con_bme_associates,BME Associates,fuzzy,0.8,""
padre_padre_associates_inc,Consultant,"",,none,,""
uvrgas,GSA,"",,none,,""
villanova_road_water_well_associates,Consultant,"",,none,,""
kennedy_jenks_consultants_inc,Consultant,"",,none,,""
oxnard_outlying_area_gsa,GSA,"",,none,,""
oxnard_outlying_areas_gsa,GSA,"",,none,,""
kleinfelder,Consultant,"",,none,,""
north_american_subbasin_gsa,GSA,"",,none,,""
north_american_subbasin_groundwater_sustainability_agencies,GSA,"",,none,,""
rd1001_gsa,GSA,"",,none,,""
state_water_resources_control_board_groundwater_sustainability_agency,GSA,"",,none,,""
northern_delta_groundwater_sustainability_agency,GSA,"",,none,,""
northern_delta_gsa,GSA,"",,none,,""
archibald_wallberg,Consultant,"",,none,,""
barlow_leake,Consultant,"",,none,,""
sas_groundwater_sustainability_agencies,GSA,"",,none,,""
scgas_gsa,GSA,"",,none,,""
a_groundwater_agency_sustainability_agency,GSA,"",,none,,""
south_american_subbasin_groundwater_sustainability_agencies,GSA,"",,none,,""
d_salinas_valley_basin_groundwater_sustainability_agency,GSA,"",,none,,""
epc_consultants,Consultant,con_en_consultants,En-Consultants,fuzzy,0.867,""
grant_cremers_gsa,GSA,"",,none,,""
groundwater_sustainability_agency_atten,GSA,"",,none,,""
groundwater_sustainability_agency_attention_ms_emily_gardner,GSA,"",,none,,""
mcwd_gsa_arroyo_seco_groundwater_sustainability_agency,GSA,"",,none,,""
salinas_valley_basin_groundwater_sustainability_agency_3,GSA,"",,none,,""
salinas_valley_basin_groundwater_sustainability_agency_4,GSA,"",,none,,""
non_salinas_valley_basin_groundwater_sustainability_agency,GSA,"",,none,,""
groundwater_sustainability_agency_attn,GSA,"",,none,,""
salinas_valley_basin_groundwater_sustainability_agency_s_efforts,GSA,"",,none,,""
groundwater_sustainability_plan_valley_basin_groundwater_sustainability_agency,GSA,gsa_328,Bear Valley Basin GSA,revsubset_tie,2,""
reclamation_district_no_1004_gsa,GSA,gsa_138,Reclamation District No. 1004 GSA - Butte 2,revsubset_tie,2,""
david_engineering,Consultant,"",,none,,""
western_canal_woodard_curranwd,Consultant,"",,none,,""
butte_subbasin_gsa,GSA,"",,none,,""
butte_subbasin_groundwater_sustainability_agencies,GSA,"",,none,,""
riverbend_sciences,Consultant,"",,none,,""
scott_river_gsa,GSA,"",,none,,""
riverbend_sciences_on,Consultant,"",,none,,""
riverbend_sciences_on_projects,Consultant,"",,none,,""
papadopulos_and_associates,Consultant,"",,none,,""
all_riverbend_sciences,Consultant,"",,none,,""
james_m_montomery_consulting_engineers,Consultant,"",,none,,""
luthin_bianchi,Consultant,"",,none,,""
riverbend_sciences_on_clarification,Consultant,"",,none,,""
riverbend_sciences_on_projects_and_examples,Consultant,"",,none,,""
sci_consult_group,Consultant,"",,none,,""
sspa,Consultant,"",,none,,""
ss_papadopolous_assoc,Consultant,"",,none,,""
ss_papadopoulos_associates,Consultant,con_s_s_papadopulos_associates,S.S. Papadopulos & Associates,fuzzy,0.923,""
s_s_papadopulos_and_associates_inc,Consultant,con_s_s_papadopulos_associates,S.S. Papadopulos & Associates,fuzzy,0.765,""
sommarstrom_associates,Consultant,"",,none,,""
watershed_sciences,Consultant,"",,none,,""
watershed_sciences_inc,Consultant,"",,none,,""
gsa_north_group,GSA,"",,none,,""
these_riverbend_sciences,Consultant,"",,none,,""
daniel_b_stephens_associates_inc_2020,Consultant,con_daniel_b_stephens_associates_inc,"Daniel B. Stephens & Associates, Inc.",fuzzy,0.865,""
daniel_b_stephens_associates_inc_2021,Consultant,con_daniel_b_stephens_associates_inc,"Daniel B. Stephens & Associates, Inc.",fuzzy,0.865,""
fillmore_and_piru_basins_groundwater_sustainability_agency_board_of_director,GSA,gsa_339,Fillmore and Piru Basins GSA - Fillmore,subset_tie,2,""
isw_consulting,Consultant,con_tsg_consulting,TSG Consulting,fuzzy,0.857,""
fillmore_and_piru_basins_groundwater_sustainability_agency_monitoring_program_and_data_gap,GSA,gsa_339,Fillmore and Piru Basins GSA - Fillmore,subset_tie,2,""
questa_engineering,Consultant,con_eba_engineering,EBA Engineering,fuzzy,0.778,""
cleath_harris_geologists,Consultant,con_cleath_harris_geologists_inc,"Cleath-Harris Geologists, Inc.",fuzzy,0.857,""
questa,Consultant,"",,none,,""
cleathharris_geologists,Consultant,con_cleath_harris_geologists_inc,"Cleath-Harris Geologists, Inc.",fuzzy,0.821,""
questa_engineering_corps,Consultant,"",,none,,""
stillwater_sciences_tm,Consultant,"",,none,,""
boyle_engineering_corp,Consultant,"",,none,,""
earthfx,Consultant,"",,none,,""
gsi_water,Consultant,"",,none,,""
stillwater_sciences_and_balance_hydrologics,Consultant,"",,none,,""
shasta_river_gsa,GSA,"",,none,,""
consortium_riverbend_sciences,Consultant,"",,none,,""
paradigm_environmental,Consultant,con_titanium_environmental,Titanium Environmental,fuzzy,0.773,""
tribal_water_quality_riverbend_sciences,Consultant,"",,none,,""
water_quality_consortium_riverbend_sciences,Consultant,"",,none,,""
pace_engineering,Consultant,con_comm_engineering,Comm Engineering,fuzzy,0.75,""
watercourse_engineering,Consultant,"",,none,,""
shasta_valley_gsa,GSA,gsa_263,Sonoma Valley GSA,fuzzy,0.765,""
aquaterra_consulting,Consultant,"",,none,,""
biostream_environmental,Consultant,con_angstrom_environmental,Angstrom Environmental,fuzzy,0.783,""
california_davids_engineeringpartment_of_water_resources,Consultant,"",,none,,""
chesney_knechtle,Consultant,"",,none,,""
davids_engineering_2020,Consultant,"",,none,,""
gei_consulting_inc,Consultant,con_gei_consultant_inc,"GEI Consultant, Inc.",fuzzy,0.889,""
paradigm_environmental_us,Consultant,"",,none,,""
quality_riverbend_sciences,Consultant,"",,none,,""
rsrz_davids_engineering,Consultant,"",,none,,""
staal_gardner_and_dunne_inc,Consultant,"",,none,,""
arrovo_seco_groundwater_susta_inability_aeencv,GSA,"",,none,,""
groundwater_extraction_salinas_valley_groundwater_basin_groundwater_sustainability_agency,GSA,"",,none,,""
harris_associates,Consultant,"",,none,,""
salinas_valley_groundwater_basin_groundwater_sustainability_agency_3,GSA,"",,none,,""
salinas_valley_groundwater_basin_groundwater_sustainability_agency_4,GSA,"",,none,,""
city_arroyo_seco_groundwater_sustainability_agency,GSA,"",,none,,""
agsa,GSA,"",,none,,""
die_airoyo_seco_groundwater_sustamability_agfflicy,GSA,"",,none,,""
non_salinas_valley_groundwater_basin_groundwater_sustainability_agency,GSA,"",,none,,""
arroyo_seco_groundwater_sustain_ability_agency,GSA,"",,none,,""
arroyo_seco_groundwater_sustainabiiity_agency,GSA,"",,none,,""
ctty_arroyo_seco_groundwater_sustainability_agency,GSA,"",,none,,""
richard_c_slade_associates_llc,Consultant,"",,none,,""
jacobs_engineering_group_inc,Consultant,"",,none,,""
cv_strategies,Consultant,con_tip_strategies,TIP Strategies,fuzzy,0.786,""
lcse,Consultant,"",,none,,""
richard_c_slade_consulting_groundwater_geologist,Consultant,"",,none,,""
maddaus_water_management_inc,Consultant,"",,none,,""
stacy_miller_public_affairs,Consultant,"",,none,,""
ch2_m_hill_and_luhdorff,Consultant,"",,none,,""
dwr_environmental_science_associates,Consultant,"",,none,,""
environmental_science_associates_inc,Consultant,con_environmental_compliance_associates_llc,"Environmental Compliance Associates, LLC",fuzzy,0.795,""
environmental_simulations_incorporated,Consultant,"",,none,,""
geovision_geophysical_services,Consultant,"",,none,,""
impact_sciences,Consultant,con_impact_sciences_inc,"Impact Sciences, Inc.",fuzzy,0.789,""
kjc,Consultant,"",,none,,""
kjc_et,Consultant,"",,none,,""
luhdorff_and_scalmanini_consulting_engineers_2020,Consultant,con_luhdorff_scalmanini_consulting_engineers,Luhdorff & Scalmanini Consulting Engineers,fuzzy,0.816,""
maddaus_water_management,Consultant,"",,none,,""
richard_c_slade_associates_llc_1986,Consultant,"",,none,,""
rc_slade_associates,Consultant,"",,none,,""
rc_slade_associates_llc,Consultant,"",,none,,""
richard_c_slade_consulting_groundwater,Consultant,"",,none,,""
systech_engineering,Consultant,"",,none,,""
trussell_technologies,Consultant,"",,none,,""
fillmore_piru_gsa,GSA,gsa_339,Fillmore and Piru Basins GSA - Fillmore,revsubset_tie,2,""
groundwater_extraction_salinas_valley_basin_groundwater_sustainability_agency,GSA,"",,none,,""
salinas_valley_basin_groundwater_sustainability_agency_interlake_tunnel,GSA,"",,none,,""
salinas_valley_basin_groundwater_sustainability_agency_organization,GSA,"",,none,,""
salinas_valley_eastside_subbasin_groundwater_sustainability_agency,GSA,"",,none,,""
groundwater_sustainability_plan_regulations_luhdorff_scalmanini_consulting_engineers_6_26,Consultant,"",,none,,""
section_6_luhdorff_scalmanini_consulting_engineers_8_26,Consultant,"",,none,,""
section_6_luhdorff_scalmanini_consulting_engineers_8_8,Consultant,"",,none,,""
luhdorff_scalmanini_consulting_engineers_10,Consultant,con_luhdorff_scalmanini_consulting_engineers,Luhdorff & Scalmanini Consulting Engineers,fuzzy,0.93,""
luhdorff_scalmanini_consulting_engineers_14,Consultant,con_luhdorff_scalmanini_consulting_engineers,Luhdorff & Scalmanini Consulting Engineers,fuzzy,0.93,""
luhdorff_scalmanini_consulting_engineers_1999,Consultant,con_luhdorff_scalmanini_consulting_engineers,Luhdorff & Scalmanini Consulting Engineers,fuzzy,0.889,""
luhdorff_scalmanini_consulting_engineers_5_2,Consultant,con_luhdorff_scalmanini_consulting_engineers,Luhdorff & Scalmanini Consulting Engineers,fuzzy,0.909,""
luhdorff_scalmanini_consulting_engineers_5_53,Consultant,con_luhdorff_scalmanini_consulting_engineers,Luhdorff & Scalmanini Consulting Engineers,fuzzy,0.889,""
luhdorff_scalmanini_consulting_engineers_6_27,Consultant,con_luhdorff_scalmanini_consulting_engineers,Luhdorff & Scalmanini Consulting Engineers,fuzzy,0.889,""
luhdorff_scalmanini_consulting_engineers_7_14,Consultant,con_luhdorff_scalmanini_consulting_engineers,Luhdorff & Scalmanini Consulting Engineers,fuzzy,0.889,""
luhdorff_scalmanini_consulting_engineers_7_32,Consultant,con_luhdorff_scalmanini_consulting_engineers,Luhdorff & Scalmanini Consulting Engineers,fuzzy,0.889,""
luhdorff_scalmanini_consulting_engineers_9_11,Consultant,con_luhdorff_scalmanini_consulting_engineers,Luhdorff & Scalmanini Consulting Engineers,fuzzy,0.889,""
section_6_luhdorff_scalmanini_consulting_engineers_es12,Consultant,"",,none,,""
2_woodard_curran_and_davids_engineering,Consultant,"",,none,,""
colusa_groundwater_authority_x_and_glenn_groundwater_authority_x,GSA,gsa_323,Colusa Groundwater Authority GSA - Colusa,subset_tie,2,""
william_lettis_and_associates,Consultant,"",,none,,""
luhdorff_scalmanini_team,Consultant,"",,none,,""
california_code_of_regulations_luhdorff_scalmanini_team_groundwater_sustainability_plan_consultant_team_luhdorff_scalmanini_title_23,Consultant,"",,none,,""
east_bay_municipal_utility_mt_minimum_thresholds_gsa,GSA,"",,none,,""
23_california_code_of_regulations_luhdorff_scalmanini_team_groundwater_sustainability_plan_consultant_team_luhdorff_scalmanini,Consultant,"",,none,,""
farallon_geographics,Consultant,"",,none,,""
23_california_code_of_regulations_luhdorff_scalmanini_team_groundwater_sustainability_plan_consultant_team_luhdorff_scalmanini_35416g,Consultant,"",,none,,""
california_code_of_regulations_luhdorff_scalmanini_team_groundwater_sustainability_plan_consultant_team_luhdorff_scalmanini_title_23_section_3562,Consultant,"",,none,,""
luhdorff_scalmanini_2003,Consultant,"",,none,,""
norfleet_consultants,Consultant,"",,none,,""
luhdorff_scalmanini_team_96,Consultant,"",,none,,""
fugro_2010_test,Consultant,"",,none,,""
23_california_code_of_regulations_luhdorff_scalmanini_team_groundwater_sustainability_plan_consultant_team_luhdorff_scalmanini_351m,Consultant,"",,none,,""
23_california_code_of_regulations_luhdorff_scalmanini_team_groundwater_sustainability_plan_consultant_team_luhdorff_scalmanini_section_35418,Consultant,"",,none,,""
california_code_of_regulations_luhdorff_scalmanini_team_groundwater_sustainability_plan_consultant_team_luhdorff_scalmanini_351m,Consultant,"",,none,,""
california_code_of_regulations_luhdorff_scalmanini_team_groundwater_sustainability_plan_consultant_team_luhdorff_scalmanini_35426b3,Consultant,"",,none,,""
california_code_of_regulations_luhdorff_scalmanini_team_groundwater_sustainability_plan_consultant_team_luhdorff_scalmanini_time_23_sections_35444,Consultant,"",,none,,""
california_code_of_regulations_luhdorff_scalmanini_team_groundwater_sustainability_plan_consultant_team_luhdorff_scalmanini_title_23_551,Consultant,"",,none,,""
california_code_of_regulations_luhdorff_scalmanini_team_groundwater_sustainability_plan_consultant_team_luhdorff_scalmanini_title_23_section_351,Consultant,"",,none,,""
california_code_of_regulations_luhdorff_scalmanini_team_groundwater_sustainability_plan_consultant_team_luhdorff_scalmanini_title_23_section_354,Consultant,"",,none,,""
california_code_of_regulations_luhdorff_scalmanini_team_groundwater_sustainability_plan_consultant_team_luhdorff_scalmanini_title_23_section_35438,Consultant,"",,none,,""
california_code_of_regulations_luhdorff_scalmanini_team_groundwater_sustainability_plan_consultant_team_luhdorff_scalmanini_title_23_section_3564,Consultant,"",,none,,""
california_code_of_regulations_luhdorff_scalmanini_team_groundwater_sustainability_plan_consultant_team_luhdorff_scalmanini_title_23_sections_35442_and_35444,Consultant,"",,none,,""
california_code_of_regulations_luhdorff_scalmanini_team_groundwater_sustainability_plan_consultant_team_luhdorff_scalmanini_title_23_sections_35444_and_3546,Consultant,"",,none,,""
csg_consultants_inc,Consultant,con_king_consultants_inc,"King Consultants, Inc",fuzzy,0.85,""
caldwell_environmental_science_associates,Consultant,"",,none,,""
east_bay_plain_na_not_applicable_luhdorff_scalmanini,Consultant,"",,none,,""
fugro_cal_trans,Consultant,"",,none,,""
geosyntec_brown,Consultant,"",,none,,""
grace_su_luhdorff,Consultant,"",,none,,""
hydrofocus_and_yates,Consultant,"",,none,,""
luhdorff_scalmanini_team_appendix,Consultant,"",,none,,""
luhdorff_scalmanini_team_es4,Consultant,"",,none,,""
main_wastewater_treatment_luhdorff_scalmanini_team,Consultant,"",,none,,""
model_design_geosyntec,Consultant,"",,none,,""
subsurface_consultants_inc_todd,Consultant,"",,none,,""
selected_software_geosyntec,Consultant,"",,none,,""
east_bay_plain_na_not_applicable_subbasin_groundwater_sustainability_agencies,GSA,"",,none,,""
some_luhdorff_scalmanini_team_es8,Consultant,"",,none,,""
fugro_2010,Consultant,"",,none,,""
luhdorff_scalmanini_2002_test,Consultant,"",,none,,""
luhdorff_scalmanini_team1,Consultant,"",,none,,""
larry_walker_associates_team,Consultant,"",,none,,""
laco_associates,Consultant,con_lan_associates,LAN Associates,fuzzy,0.867,""
balance_hydraulics_inc,Consultant,con_balance_hydrologics_inc,"Balance Hydrologics, Inc.",fuzzy,0.826,""
groundwater_sustain_ability_agency,GSA,"",,none,,""
laco_asso_ciates,Consultant,con_lan_associates,LAN Associates,fuzzy,0.812,""
uvbgas,GSA,"",,none,,""
ukiah_valley_ground_water_sustainability_agency,GSA,"",,none,,""
ghd,Consultant,"",,none,,""
kleinfelder_inc,Consultant,"",,none,,""
plan_tierra_inc,Consultant,"",,none,,""
sebastopol_to_graton_gsa,GSA,"",,none,,""
srp_gsa,GSA,"",,none,,""
turrentine_gomberg_frederickson,Consultant,"",,none,,""
a_groundwater_sustainability_agency_for,GSA,"",,none,,""
srbgsa,GSA,"",,none,,""
groundwater_sustainability_agency_board_and_advisory,GSA,"",,none,,""
groundwater_sustainability_agency_joint_exercise,GSA,"",,none,,""
groundwater_sustainability_agency_meetings,GSA,"",,none,,""
parker_groundwater,Consultant,"",,none,,""
winzler_kelly_ghd,Consultant,"",,none,,""
winzler_and_kelly_consulting_engineers,Consultant,con_winzler_kelly_consulting_engineers,Winzler & Kelly Consulting Engineers,fuzzy,0.895,""
tracy_subbasin_groundwater_sustainability_agencies,GSA,"",,none,,""
tracy_subbasin_gsa,GSA,"",,none,,""
bachand_and_associates,Consultant,con_bachand_associates,Bachand & Associates,fuzzy,0.818,""
c_pc_technical_advisory_committee_gsa,GSA,"",,none,,""
hinds_engineering,Consultant,"",,none,,""
integrated_environmental_restoration_services,Consultant,"",,none,,""
larry_walker_associates_project_no,Consultant,"",,none,,""
groundwater_sustainably_agency,GSA,"",,none,,""
geoscience_and_kennedy_jenks_consultants,Consultant,"",,none,,""
akm_consulting_engineers,Consultant,"",,none,,""
carollo_engineers_inc,Consultant,"",,none,,""
glenn_lukos_associates_management_areap,Consultant,"",,none,,""
geoscience_and_kennedy_jenks,Consultant,"",,none,,""
kj,Consultant,"",,none,,""
mwh_global,Consultant,"",,none,,""
todd_groundwater_staff,Consultant,"",,none,,""
wood_environmental_infrastructure_inc,Consultant,con_a_c_t_environmental_infrastructure,A-C-T Environmental & Infrastructure,fuzzy,0.757,""
groundwater_sus_tainability_agency,GSA,"",,none,,""
san_timoteo_subbasin_gsa,GSA,"",,none,,""
sorenson_engineering,Consultant,"",,none,,""
dyett_bhatia,Consultant,"",,none,,""
geoscience_support_services_inc_2014,Consultant,"",,none,,""
geosciences_support_services_inc,Consultant,"",,none,,""
yucaipa_smga,GSA,"",,none,,""
yucaipa_groundwater_sustainability_agency_for_the_yucaipa_subbasin,GSA,"",,none,,""
soil_mechanics_and_foundation_engineers,Consultant,"",,none,,""
flowwest,Consultant,"",,none,,""
christensen_associates_inc,Consultant,"",,none,,""
city_of_lakeport_gsa,GSA,gsa_47,City of Madera GSA,fuzzy,0.75,""
soil_mechanics_and_foundation_engineers_inc,Consultant,"",,none,,""
stantec_consulting_inc,Consultant,"",,none,,""
temescal_sub_basin_groundwater_sustainability_agency,GSA,"",,none,,""
tbgsa,GSA,"",,none,,""
temescal_basin_groundwater_sustainability_agency,GSA,"",,none,,""
kwc_engineers,Consultant,con_cea_engineers,CEA Engineers,fuzzy,0.769,""
la_agencia_de_sostenibilidad_de_aguas_subterráneas_de_temescal,GSA,"",,none,,""
michael_baker,Consultant,"",,none,,""
pbsj,Consultant,"",,none,,""
wildermuth_environmental,Consultant,con_builder_s_environmental,Builder's Environmental,fuzzy,0.75,""
wildermuth_west_yost,Consultant,"",,none,,""
el_distrito_hídrico_del_condado_sustainability_agency,GSA,"",,none,,""
temescal_sub_basin_groundwater_sustainability_agency_for_the_temescal_sub,GSA,"",,none,,""
scalmanini_engineering,Consultant,"",,none,,""
luhdorff_and_scalmanini_consulting_engineers_team,Consultant,con_luhdorff_scalmanini_consulting_engineers,Luhdorff & Scalmanini Consulting Engineers,fuzzy,0.816,""
soluna_outreach_solutions,Consultant,"",,none,,""
ndgsa,GSA,"",,none,,""
luhdorff_solano_countyalmanini,Consultant,"",,none,,""
luhdorff_solano_countyalmanini_consulting_engineers,Consultant,con_luhdorff_scalmanini_consulting_engineers,Luhdorff & Scalmanini Consulting Engineers,fuzzy,0.784,""
groundwater_sustainability_agency_collaborative,GSA,"",,none,,""
scalamanini_engineering,Consultant,"",,none,,""
gsa_e_reclamation_district,GSA,"",,none,,""
linda_scalmanini,Consultant,"",,none,,""
luhdorff_scalmanini_engineering,Consultant,"",,none,,""
12_luhdorff_and_scalmanini_consulting_engineers,Consultant,con_luhdorff_scalmanini_consulting_engineers,Luhdorff & Scalmanini Consulting Engineers,fuzzy,0.851,""
anco_engineers_inc,Consultant,"",,none,,""
brusca_associates,Consultant,con_bsk_associates,BSK Associates,fuzzy,0.765,""
dwr_luhdorff_and_scalmanini_consulting_engineers_team,Consultant,con_luhdorff_scalmanini_consulting_engineers,Luhdorff & Scalmanini Consulting Engineers,fuzzy,0.755,""
david_s_engineering_era_economics,Consultant,"",,none,,""
interbasin_coordination_ag_innovations,Consultant,"",,none,,""
irrigation_district_ag_innovations,Consultant,"",,none,,""
izbicki_et_luhdorff,Consultant,"",,none,,""
joaquin_gsa,GSA,gsa_249,South San Joaquin GSA,revsubset_tie,2,""
luhdorff_and_scalmanini_consulting_engineers_team_1_13,Consultant,"",,none,,""
luhdorff_and_scalmanini_consulting_engineers_update_on,Consultant,"",,none,,""
larry_seeman_associates,Consultant,"",,none,,""
luhdorff_scalamini,Consultant,"",,none,,""
luhdorff_scalmanini_consulting_engineers_inc,Consultant,con_luhdorff_scalmanini_consulting_engineers,Luhdorff & Scalmanini Consulting Engineers,fuzzy,0.909,""
luhdorff_and_scalamanini_engineering,Consultant,"",,none,,""
luhdorff_and_scalmanini_engineering,Consultant,"",,none,,""
mccord_environmental_general,Consultant,con_mccord_environmental_inc,"McCord Environmental, Inc.",fuzzy,0.786,""
northern_davids_engineeringlta,Consultant,"",,none,,""
north_delta_gsa,GSA,"",,none,,""
reclamation_district_2111_gsa,GSA,gsa_364,Reclamation District No. 2110 GSA,fuzzy,0.875,""
scalmanini_county,Consultant,"",,none,,""
scalmanini_inc,Consultant,"",,none,,""
solano_luhdorff_and_scalmanini_consulting_engineers,Consultant,con_luhdorff_scalmanini_consulting_engineers,Luhdorff & Scalmanini Consulting Engineers,fuzzy,0.784,""
nd_gsa,GSA,"",,none,,""
scga,GSA,"",,none,,""
ua_no_davids_engineeringfinition_ti,Consultant,"",,none,,""
vvvvyv_gsa,GSA,"",,none,,""
n_delta_gsa,GSA,"",,none,,""
a_turlock_subbasin_gsa,GSA,gsa_225,West Turlock Subbasin GSA,revsubset_tie,2,""
jmlord_inc,Consultant,"",,none,,""
wzi,Consultant,"",,none,,""
executive_summary_geosystems_analysis_inc,Consultant,"",,none,,""
environment_water_inc,Consultant,con_eki_environment_water_inc,"EKI Environment & Water, Inc.",fuzzy,0.84,""
isotech_labs,Consultant,"",,none,,""
wwgsa,GSA,"",,none,,""
sutter_subbasin_groundwater_sustainability_agencies,GSA,"",,none,,""
agency_gsa,GSA,"",,none,,""
carollo_engineers_et_al,Consultant,"",,none,,""
recharge_agency_gsa,GSA,"",,none,,""
clendenen_associates,Consultant,"",,none,,""
rmc_water_and_environment,Consultant,"",,none,,""
water_resources_and_information_management_engineering_inc,Consultant,"",,none,,""
rmc_water_and_environment_2016_formerly_water_resources_information,Consultant,"",,none,,""
ygsa,GSA,"",,none,,""
basins_gei_consultants_inc,Consultant,"",,none,,""
dames_and_moore,Consultant,"",,none,,""
plainfield_ridge_gei_consultants,Consultant,"",,none,,""
rmc_water_and,Consultant,"",,none,,""
subbasin_groundwater_agency_3yolo_subbasin,GSA,"",,none,,""
yolo_sub_basin_groundwater_agency,GSA,"",,none,,""
water_resources_and_information_management_engineering_inc_2006,Consultant,"",,none,,""
water_resources_and_information_management_engineering_inc_inc,Consultant,"",,none,,""
woodward_clyde_consultants,Consultant,"",,none,,""
yga,GSA,"",,none,,""
yolo_sga,GSA,"",,none,,""
groundwater_sustainability_agency_for_the_subbasin,GSA,gsa_217,Yolo Subbasin GSA,revsubset_tie,5,""
sacramento_san_gei_consultants_inc,Consultant,"",,none,,""
pauma_valley_groundwater_sustainability_agency,GSA,"",,none,,""
babcock_laboratories_inc,Consultant,"",,none,,""
babcock_laboratories,Consultant,con_xenco_laboratories,Xenco Laboratories,fuzzy,0.75,""
pauma_valley_gsa,GSA,gsa_350,Petaluma Valley GSA,fuzzy,0.842,""
helix_environmental,Consultant,con_hertz_environmental,HERTZ Environmental,fuzzy,0.842,""
born_barrett_associates,Consultant,"",,none,,""
boyle_engineering_company,Consultant,"",,none,,""
helix_environmental_planning_inc,Consultant,con_helix_environmental_planning,HELIX Environmental Planning,fuzzy,0.875,""
layne_geosciences,Consultant,"",,none,,""
nbs_lowry_inc,Consultant,"",,none,,""
recon,Consultant,"",,none,,""
pauma_valley_ground_water_sustainability_agency,GSA,"",,none,,""
san_diego_river_valley_gsa,GSA,"",,none,,""
snyder_geologic,Consultant,"",,none,,""
section_3541428_23_dudek,Consultant,"",,none,,""
camp_dresser_mckee_inc,Consultant,"",,none,,""
dudek_memorandum_p_6,Consultant,"",,none,,""
jacobs_engineering_group,Consultant,con_orosz_engineering_group,Orosz Engineering Group,fuzzy,0.792,""
m_hill_engineers_inc,Consultant,"",,none,,""
san_diego_river_valley,GSA,"",,none,,""
todd_engineers_2003a,Consultant,"",,none,,""
weidlin_assoc,Consultant,"",,none,,""
woodard_current,Consultant,con_woodard_curran,Woodard & Curran,fuzzy,0.867,""
technical_peer_review_krieger_llp,Consultant,"",,none,,""
ahtna_environmental_inc,Consultant,con_ascent_environmental_inc,"Ascent Environmental, Inc.",fuzzy,0.833,""
wood_environment_infrastructure_solutions_inc_formerly_amec_foster_wheeler,Consultant,"",,none,,""
mactec_engineering_and_consulting_inc,Consultant,"",,none,,""
salinas_valley_groundwater_basin_groundwater_sustainability_agency_board_of_divvying_up_of_agricultural_and_housing_developments_between_neighboring_subbasins_it_will,GSA,"",,none,,""
geoscience_aecom,Consultant,"",,none,,""
staal_gardner_dunne,Consultant,"",,none,,""
wra_environmental,Consultant,con_awa_environmental,AWA Environmental,fuzzy,0.882,""
ahtna_engineering_services,Consultant,con_bennett_engineering_services,Bennett Engineering Services,fuzzy,0.786,""
ahtna_environmental,Consultant,con_alpha_environmental,Alpha Environmental,fuzzy,0.842,""
eki_water_environment_inc,Consultant,"",,none,,""
svbgsaorg,GSA,"",,none,,""
salinas_valley_modflow_basic_packagein_groundwater_sustainability_agency,GSA,"",,none,,""
amec_environment_infrastructure,Consultant,con_a_c_t_environmental_infrastructure,A-C-T Environmental & Infrastructure,fuzzy,0.824,""
accutest_laboratories,Consultant,"",,none,,""
accutest_laboratories_southeast,Consultant,"",,none,,""
advanced_biological_testing,Consultant,"",,none,,""
ahtna_amec,Consultant,"",,none,,""
basin_groundwater_sustainability_agency,GSA,gsa_162,Ojai Basin Groundwater Management Agency GSA,revsubset_tie,8,""
canonie_environmental,Consultant,con_candu_environmental,CanDu Environmental,fuzzy,0.81,""
coast_water_district_groundwater_sustainability_agency_november,GSA,"",,none,,""
columbia_analytical_services,Consultant,"",,none,,""
d_salinas_valley_groundwater_basin_groundwater_sustainability_agency,GSA,"",,none,,""
hgl,Consultant,"",,none,,""
herzog_associates,Consultant,"",,none,,""
obrien_gere_engineers,Consultant,"",,none,,""
sbvgsa,GSA,"",,none,,""
svbgsa45,GSA,"",,none,,""
salinas_valley_groundwater_basin_groundwater_sustainability_agency_foot_aquifer_subbasin,GSA,"",,none,,""
salinas_valley_groundwater_basin_groundwater_sustainability_agency_groundwater_sustainability_plans_180400,GSA,"",,none,,""
salinas_valley_groundwater_basin_groundwater_sustainability_agency_start_up_budget_table,GSA,"",,none,,""
sandis_humber_jones,Consultant,"",,none,,""
shaw_environmental,Consultant,con_awa_environmental,AWA Environmental,fuzzy,0.833,""
unlinked_amec_foster_wheeler,Consultant,"",,none,,""
no_salinas_valley_groundwater_basin_gsa,GSA,"",,none,,""
blue_geophysics,Consultant,"",,none,,""
department_of_defense_quality_systems_ahtna_environmental_inc,Consultant,"",,none,,""
kear_groundwater,Consultant,"",,none,,""
alluvial_aquifer_gei_consultants,Consultant,"",,none,,""
cleath_associates,Consultant,con_grette_associates,Grette Associates,fuzzy,0.765,""
cleath_and_associates,Consultant,con_bachand_associates,Bachand & Associates,fuzzy,0.762,""
dwr_gei_consultants_inc,Consultant,con_gei_consultant_inc,"GEI Consultant, Inc.",fuzzy,0.783,""
furgo,Consultant,"",,none,,""
groundwater_gei_consultants_inc,Consultant,"",,none,,""
total_dissolved_solids_gei_consultants_inc,Consultant,"",,none,,""
us_geological_survey_national_wetlands_inventorys_gei_consultants,Consultant,"",,none,,""
shn,Consultant,"",,none,,""
ghd_inc,Consultant,con_ghp_inc,"GHP, Inc.",fuzzy,0.857,""
north_coast_laboratories,Consultant,"",,none,,""
thomas_gast_associates_environmental_consultants,Consultant,"",,none,,""
gsa_eel_river_valley_basin,GSA,"",,none,,""
hcgsa,GSA,"",,none,,""
thomas_gast_associates,Consultant,"",,none,,""
freshwater_environmental_services,Consultant,con_freestone_environmental_services,Freestone Environmental Services,fuzzy,0.818,""
ht_harvey_associates,Consultant,"",,none,,""
page_thomas_gast_associates_environmental_consultants,Consultant,"",,none,,""
shn_consulting_engineers,Consultant,"",,none,,""
thomas_gast_associated_environmental_consultants,Consultant,"",,none,,""
thomas_gast_associates_environmental_consultant,Consultant,"",,none,,""
thomas_gast_and_associates,Consultant,"",,none,,""
a_groundwater_sustainability_agencygsafor,GSA,"",,none,,""
luhdorff_specific_conductivityalmanini,Consultant,"",,none,,""
luhdorff_specific_conductivityalmanini_consulting_engineers,Consultant,"",,none,,""
dhi,Consultant,"",,none,,""
dhi_water_environment,Consultant,"",,none,,""
james_m_montgomery_consulting_engineers,Consultant,"",,none,,""
luhdorff_scalmanini_consulting_engineers_2011a,Consultant,con_luhdorff_scalmanini_consulting_engineers,Luhdorff & Scalmanini Consulting Engineers,fuzzy,0.87,""
policy_consulting_associates,Consultant,con_millennium_consulting_associates,Millennium Consulting Associates,fuzzy,0.75,""
berkson_associates,Consultant,con_johnson_associates,Johnson & Associates,fuzzy,0.778,""
jones_stokes_et_al,Consultant,"",,none,,""
luhdorff_scalmanini_consulting_engineers_team_3,Consultant,con_luhdorff_scalmanini_consulting_engineers,Luhdorff & Scalmanini Consulting Engineers,fuzzy,0.851,""
luhdorff_scalmanini_consulting_engineers_team_3g36,Consultant,con_luhdorff_scalmanini_consulting_engineers,Luhdorff & Scalmanini Consulting Engineers,fuzzy,0.8,""
luhdorff_scalmanini_consulting_engineers_and,Consultant,con_luhdorff_scalmanini_consulting_engineers,Luhdorff & Scalmanini Consulting Engineers,fuzzy,0.909,""
luhdorff_specific_conductivityalmanini_51_consulting,Consultant,"",,none,,""
montgomery_engineers,Consultant,"",,none,,""
presumption_luhdorff_scalmanini_consulting_engineers_team_3g16,Consultant,"",,none,,""
a_luhdorff_scalmanini_consulting_engineers_team_3g30,Consultant,con_luhdorff_scalmanini_consulting_engineers,Luhdorff & Scalmanini Consulting Engineers,fuzzy,0.769,""
albert_webb,Consultant,"",,none,,""
carneros_subareas_luhdorff_scalmanini_consulting_engineers,Consultant,"",,none,,""
dwr_luhdorff_scalmanini_consulting_engineers_team,Consultant,con_luhdorff_scalmanini_consulting_engineers,Luhdorff & Scalmanini Consulting Engineers,fuzzy,0.816,""
groundwater_sustainability_plan_advisory_luhdorff_specific_conductivityalmanini_consulting_engineers,Consultant,"",,none,,""
groundwater_sustainability_plan_luhdorff_scalmanini_consulting_engineers_team,Consultant,"",,none,,""
groundwater_sustainability_plan_luhdorff,Consultant,"",,none,,""
kennedy_jenks_et_al,Consultant,"",,none,,""
luhdorff_scalmanini_consulting_engineers_2013,Consultant,con_luhdorff_scalmanini_consulting_engineers,Luhdorff & Scalmanini Consulting Engineers,fuzzy,0.889,""
luhdorff_scalmanini_consulting_engineers_2013a,Consultant,con_luhdorff_scalmanini_consulting_engineers,Luhdorff & Scalmanini Consulting Engineers,fuzzy,0.87,""
luhdorff_scalmanini_consulting_engineers_2013b,Consultant,con_luhdorff_scalmanini_consulting_engineers,Luhdorff & Scalmanini Consulting Engineers,fuzzy,0.87,""
luhdorff_scalmanini_consulting_engineers_and_mbk,Consultant,con_luhdorff_scalmanini_consulting_engineers,Luhdorff & Scalmanini Consulting Engineers,fuzzy,0.833,""
luhdorff_scalmanini_consulting_engineers_team_11,Consultant,con_luhdorff_scalmanini_consulting_engineers,Luhdorff & Scalmanini Consulting Engineers,fuzzy,0.833,""
luhdorff_scalmanini_consulting_engineers_team_3g26,Consultant,con_luhdorff_scalmanini_consulting_engineers,Luhdorff & Scalmanini Consulting Engineers,fuzzy,0.8,""
luhdorff_scalmanini_consulting_engineers_and_mbk_engineers,Consultant,"",,none,,""
luhdorff_specific_conductivityalmanini_es5_consulting_engineers,Consultant,"",,none,,""
la_agencia_de_sostenibilidad_de_aguas_subterraneas_del_condado_de_napa,GSA,"",,none,,""
la_agencia_de_sostenibilidad_de_aguas_subterrdneas,GSA,"",,none,,""
national_marine_fisheries_service_county_gsa,GSA,"",,none,,""
project_purpose_luhdorff_scalmanini_consulting_engineers,Consultant,"",,none,,""
towill_9,Consultant,"",,none,,""
warner_hendrix,Consultant,"",,none,,""
a_luhdorff_specific_conductivityalmanini,Consultant,"",,none,,""
mapped_isopach_luhdorff_scalmanini_consulting_engineers_team,Consultant,"",,none,,""
scalmanini_eddy,Consultant,"",,none,,""
lawrence_and_associates,Consultant,con_lawrence_associates,Lawrence & Associates,fuzzy,0.826,""
bgc,Consultant,"",,none,,""
geoscience_support_services_inc_geoscience_support_services,Consultant,"",,none,,""
arlington_basin_gsa,GSA,"",,none,,""
scheevel_engineering,Consultant,"",,none,,""
ninyo,Consultant,"",,none,,""
arlington_basin_groundwater_sustainability_agency,GSA,"",,none,,""
riverside_arlington_subbasin_gsa,GSA,"",,none,,""
aliso_wd_gsa,GSA,"",,none,,""
chapter_5_provost_pritchard_consulting_group,Consultant,con_provost_pritchard_consulting_group,Provost & Pritchard Consulting Group,fuzzy,0.773,""
groundwater_sustainability_plan_provost_pritchard_consulting_group,Consultant,"",,none,,""
kamman_hydrology,Consultant,"",,none,,""
chapter_4_to_land_usehdorff_scalmanini_consulting_engineers,Consultant,"",,none,,""
total_dissolved_solids_land_usehdorff_scalmanini,Consultant,"",,none,,""
d_schmidt_associates,Consultant,"",,none,,""
common_provost_pritchard_consulting_group,Consultant,con_provost_pritchard_consulting_group,Provost & Pritchard Consulting Group,fuzzy,0.829,""
department_provost_pritchard_consulting_group,Consultant,con_provost_pritchard_consulting_group,Provost & Pritchard Consulting Group,fuzzy,0.756,""
appendix_g_provost_pritchard_consulting_group,Consultant,con_provost_pritchard_consulting_group,Provost & Pritchard Consulting Group,fuzzy,0.756,""
table_provost_pritchard_consulting_group,Consultant,con_provost_pritchard_consulting_group,Provost & Pritchard Consulting Group,fuzzy,0.85,""
a_groundwater_provost_pritchard_consulting_group,Consultant,"",,none,,""
meyers_farm_luhdorff_scalmanini_consulting_engineers,Consultant,con_luhdorff_scalmanini_consulting_engineers,Luhdorff & Scalmanini Consulting Engineers,fuzzy,0.769,""
monitoring_luhdorff_scalmanini_consulting_engineers,Consultant,con_luhdorff_scalmanini_consulting_engineers,Luhdorff & Scalmanini Consulting Engineers,fuzzy,0.784,""
aliso_luhdorff_scalmanini,Consultant,"",,none,,""
curran_inc,Consultant,"",,none,,""
eastern_san_joaquin_water_resources_model_1_woodard_curran,Consultant,"",,none,,""
eastern_san_joaquin_groundwater_authority_2_woodard_curran_inc,Consultant,"",,none,,""
oakdale_joaquin_gsa_normal_0,GSA,"",,none,,""
pest_eastern_san_joaquin_groundwater_authority,GSA,"",,none,,""
petralogix,Consultant,"",,none,,""
krgsa,GSA,"",,none,,""
aewsd_gsa,GSA,"",,none,,""
dee_jasper_associates_inc,Consultant,"",,none,,""
tcwdgsa,GSA,"",,none,,""
7_thomas_harder_co,Consultant,"",,none,,""
groundwater_sustainability_agency_land_subsidence_monitoring_plan,GSA,"",,none,,""
irrigation_district_groundwater_sustainability_agency,GSA,gsa_17,Patterson Irrigation District GSA,revsubset_tie,10,""
thepixleygsa,GSA,"",,none,,""
ltrjd_gsa,GSA,"",,none,,""
ltr1d_gsa,GSA,"",,none,,""
eastern_tule_gsa_sustainability_agency,GSA,"",,none,,""
3400_acre_feet_gei_consultants,Consultant,"",,none,,""
gsi_professional_geologists,Consultant,"",,none,,""
general_public_gei_consultants,Consultant,"",,none,,""
friant_kern_canal_gei_consultants_inc,Consultant,"",,none,,""
a_national_aeronautics_and_space_administration_provost_pritchard_consulting_group,Consultant,"",,none,,""
surface_provost_pritchard_consulting_group,Consultant,con_provost_pritchard_consulting_group,Provost & Pritchard Consulting Group,fuzzy,0.81,""
furgro_west,Consultant,"",,none,,""
us_geological_survey_national_water_gei_consultants,Consultant,"",,none,,""
cskgsa,GSA,"",,none,,""
el_gsa_de,GSA,"",,none,,""
luhdorff_scalmanini_consulting_engineers_47,Consultant,con_luhdorff_scalmanini_consulting_engineers,Luhdorff & Scalmanini Consulting Engineers,fuzzy,0.93,""
luhdorff_scalmanini_consulting_engineers_75,Consultant,con_luhdorff_scalmanini_consulting_engineers,Luhdorff & Scalmanini Consulting Engineers,fuzzy,0.93,""
luhdorff_scalmanini_consulting_engineers_80,Consultant,con_luhdorff_scalmanini_consulting_engineers,Luhdorff & Scalmanini Consulting Engineers,fuzzy,0.93,""
luhdorff_scalmanini_consulting_engineers_86,Consultant,con_luhdorff_scalmanini_consulting_engineers,Luhdorff & Scalmanini Consulting Engineers,fuzzy,0.93,""
section_3_luhdorff_scalmanini_consulting_engineers_89,Consultant,con_luhdorff_scalmanini_consulting_engineers,Luhdorff & Scalmanini Consulting Engineers,fuzzy,0.755,""
aqueduct_luhdorff_scalmanini_consulting_engineers_81,Consultant,con_luhdorff_scalmanini_consulting_engineers,Luhdorff & Scalmanini Consulting Engineers,fuzzy,0.769,""
state_water_luhdorff_scalmanini_consulting_engineers_50,Consultant,"",,none,,""
luhdorff_scalmanini_consulting_engineers_28,Consultant,con_luhdorff_scalmanini_consulting_engineers,Luhdorff & Scalmanini Consulting Engineers,fuzzy,0.93,""
luhdorff_scalmanini_consulting_engineers_42,Consultant,con_luhdorff_scalmanini_consulting_engineers,Luhdorff & Scalmanini Consulting Engineers,fuzzy,0.93,""
luhdorff_scalmanini_consulting_engineers_73,Consultant,con_luhdorff_scalmanini_consulting_engineers,Luhdorff & Scalmanini Consulting Engineers,fuzzy,0.93,""
luhdorff_scalmanini_consulting_engineers_79,Consultant,con_luhdorff_scalmanini_consulting_engineers,Luhdorff & Scalmanini Consulting Engineers,fuzzy,0.93,""
luhdorff_scalmanini_consulting_engineers_84,Consultant,con_luhdorff_scalmanini_consulting_engineers,Luhdorff & Scalmanini Consulting Engineers,fuzzy,0.93,""
luhdorff_scalmanini_consulting_engineers_94,Consultant,con_luhdorff_scalmanini_consulting_engineers,Luhdorff & Scalmanini Consulting Engineers,fuzzy,0.93,""
luhdorff_scalmanini_consulting_engineers_97,Consultant,con_luhdorff_scalmanini_consulting_engineers,Luhdorff & Scalmanini Consulting Engineers,fuzzy,0.93,""
luhdorff_scalmanini_consulting_engineers_98,Consultant,con_luhdorff_scalmanini_consulting_engineers,Luhdorff & Scalmanini Consulting Engineers,fuzzy,0.93,""
water_code_luhdorff_scalmanini_consulting_engineers_93,Consultant,"",,none,,""
kern_subbasin_groundwater_sustainability_agencies_kern_groundwater_authority,GSA,"",,none,,""
wkwd_gsa,GSA,"",,none,,""
kern_groundwater_authority_umbrella,GSA,"",,none,,""
kern_subbasin_kern_groundwater_authority,GSA,"",,none,,""
all_gsa_kern_groundwater_authority,GSA,"",,none,,""
luhdorff_scalmanini_consulting_om_operation_and_maintenance,Consultant,"",,none,,""
delano_environmental_assessmentrlimart_irrigation_district_groundwater_sustainability_agency,GSA,"",,none,,""
detd_gsa,GSA,"",,none,,""
ifdeid_gsa,GSA,"",,none,,""
stantec_pers_comm,Consultant,"",,none,,""
ofdeid_gsa,GSA,"",,none,,""
gsa_gei_consultants_inc,Consultant,con_gei_consultant_inc,"GEI Consultant, Inc.",fuzzy,0.783,""
buena_vista_groundwater_sustainability_agency_section_2_basin_setting,GSA,"",,none,,""
subsidence_compliance_geosystems_analysis,Consultant,"",,none,,""
wood_environment_infrastructure_solutions,Consultant,con_wood_environment_infrastructure_solutions_inc,"Wood Environment & Infrastructure Solutions, Inc.",fuzzy,0.911,""
wood_provost_pritchard,Consultant,"",,none,,""
dodson_engineers,Consultant,"",,none,,""
gei_et_al,Consultant,"",,none,,""
pvgwsa,GSA,"",,none,,""
west_yost_and_associates,Consultant,con_west_yost_associates,West-Yost & Associates,fuzzy,0.833,""
modesto_irrigation_district_gsa,GSA,gsa_19,Madera Irrigation District GSA,fuzzy,0.871,""
joint_groundwater_sustainability_plan_gsa,GSA,"",,none,,""
luhdorff_scalmanini_rfp_request_for_proposals,Consultant,"",,none,,""
davids_engineering_ind_industrial_service_supply,Consultant,"",,none,,""
davids_engineering_ind_industrial_service_supply_luhdorff_scalmanini_rfp_request_for_proposals,Consultant,"",,none,,""
era_economics_llc_conductivity,Consultant,"",,none,,""
2g_stillwater_sciences,Consultant,"",,none,,""
groundwater_surface_water_gsa,GSA,"",,none,,""
madera_subbasin_coordination_committee_davids_engineering,Consultant,"",,none,,""
quantum_spatial_inc,Consultant,"",,none,,""
geotechnical_consultants_inc_1974,Consultant,"",,none,,""
mbgsa,GSA,"",,none,,""
mb_gsa,GSA,"",,none,,""
michael_baker_international,Consultant,"",,none,,""
asrbga,GSA,"",,none,,""
gannett_fleming,Consultant,con_gannett_fleming_inc,"Gannett Fleming, Inc..",fuzzy,0.789,""
arroyo_santa_rosa_gsa,GSA,gsa_49,Arroyo Santa Rosa Valley Basin GSA,revsubset_tie,2,""
arroyo_santa_rosa_groundwater_arroyo_santa_rosa_groundwater_sustainability_agency,GSA,gsa_49,Arroyo Santa Rosa Valley Basin GSA,revsubset_tie,2,""
arroyo_santa_rosa_groundwater_sustainability_agency,GSA,gsa_49,Arroyo Santa Rosa Valley Basin GSA,revsubset_tie,2,""
countyofventuntoforma_groundwater_sustainability_agency,GSA,"",,none,,""
